t,node_id,on_hand,backlog_external,backlog_children,pipeline_in,orders_to_parent,received,phase,demand,fulfilled_external,holding_cost,backlog_cost,ordering_cost,transport_cost,total_cost
0,Supplier,0.0,0.0,0.0,0.0,0.0,0.0,EOD,0,0.0,0.0,0.0,0.0,0.0,0.0
0,W1,1736.0,0.0,0.0,0.0,0.0,0.0,EOD,0,0.0,34.72,0.0,0.0,0.0,34.72
0,W2,1849.0,0.0,0.0,0.0,0.0,0.0,EOD,0,0.0,36.980000000000004,0.0,0.0,0.0,36.980000000000004
0,R1,433.0,0.0,0.0,0.0,155.0,0.0,EOD,155,155.0,12.99,0.0,0.0,0.0,12.99
0,R2,394.0,0.0,0.0,0.0,87.0,0.0,EOD,87,87.0,11.82,0.0,0.0,0.0,11.82
0,R3,1083.0,0.0,0.0,0.0,274.0,0.0,EOD,274,274.0,32.49,0.0,0.0,0.0,32.49
1,Supplier,0.0,0.0,0.0,0.0,0.0,0.0,EOD,0,0.0,0.0,0.0,0.0,0.0,0.0
1,W1,1494.0,0.0,0.0,0.0,242.0,0.0,EOD,0,0.0,29.88,0.0,17.42,5.275,52.574999999999996
1,W2,1575.0,0.0,0.0,0.0,274.0,0.0,EOD,0,0.0,31.5,0.0,17.740000000000002,5.48,54.72
1,R1,312.0,0.0,0.0,155.0,121.0,0.0,EOD,121,121.0,9.36,0.0,0.0,0.0,9.36
1,R2,304.0,0.0,0.0,87.0,90.0,0.0,EOD,90,90.0,9.12,0.0,0.0,0.0,9.12
1,R3,815.0,0.0,0.0,274.0,268.0,0.0,EOD,268,268.0,24.45,0.0,0.0,0.0,24.45
2,Supplier,0.0,0.0,0.0,0.0,0.0,0.0,EOD,0,0.0,0.0,0.0,0.0,15.479999999999999,15.479999999999999
2,W1,1283.0,0.0,0.0,242.0,211.0,0.0,EOD,0,0.0,25.66,0.0,17.11,4.67,47.44
2,W2,1307.0,0.0,0.0,274.0,268.0,0.0,EOD,0,0.0,26.14,0.0,17.68,5.36,49.18
2,R1,213.0,0.0,0.0,276.0,99.0,0.0,EOD,99,99.0,6.39,0.0,0.0,0.0,6.39
2,R2,228.0,0.0,0.0,177.0,76.0,0.0,EOD,76,76.0,6.84,0.0,0.0,0.0,6.84
2,R3,662.0,0.0,0.0,542.0,153.0,0.0,EOD,153,153.0,19.86,0.0,0.0,0.0,19.86
3,Supplier,0.0,0.0,0.0,0.0,0.0,0.0,EOD,0,0.0,0.0,0.0,0.0,14.37,14.37
3,W1,1108.0,0.0,0.0,453.0,175.0,0.0,EOD,0,0.0,22.16,0.0,16.75,3.88,42.79
3,W2,1154.0,0.0,0.0,542.0,153.0,0.0,EOD,0,0.0,23.080000000000002,0.0,16.53,3.06,42.67
3,R1,263.0,0.0,0.0,220.0,105.0,155.0,EOD,105,105.0,7.89,0.0,0.0,0.0,7.89
3,R2,145.0,0.0,0.0,253.0,83.0,0.0,EOD,83,83.0,4.35,0.0,0.0,0.0,4.35
3,R3,474.0,0.0,0.0,695.0,188.0,0.0,EOD,188,188.0,14.219999999999999,0.0,0.0,0.0,14.219999999999999
4,Supplier,0.0,0.0,0.0,0.0,0.0,0.0,EOD,0,0.0,0.0,0.0,0.0,9.84,9.84
4,W1,920.0,0.0,0.0,628.0,188.0,0.0,EOD,0,0.0,18.400000000000002,0.0,16.88,4.175000000000001,39.455
4,W2,966.0,0.0,0.0,695.0,188.0,0.0,EOD,0,0.0,19.32,0.0,16.88,3.7600000000000002,39.96
4,R1,292.0,0.0,0.0,204.0,92.0,121.0,EOD,92,92.0,8.76,0.0,0.0,0.0,8.76
4,R2,159.0,0.0,0.0,249.0,73.0,87.0,EOD,73,73.0,4.77,0.0,0.0,0.0,4.77
4,R3,320.0,0.0,0.0,883.0,154.0,0.0,EOD,154,154.0,9.6,0.0,0.0,0.0,9.6
5,Supplier,0.0,0.0,0.0,0.0,0.0,0.0,EOD,0,0.0,0.0,0.0,0.0,11.28,11.28
5,W1,755.0,0.0,0.0,816.0,165.0,0.0,EOD,0,0.0,15.1,0.0,16.65,3.665,35.415
5,W2,812.0,0.0,0.0,883.0,154.0,0.0,EOD,0,0.0,16.240000000000002,0.0,16.54,3.08,35.86
5,R1,278.0,0.0,0.0,197.0,113.0,99.0,EOD,113,113.0,8.34,0.0,0.0,0.0,8.34
5,R2,143.0,0.0,0.0,232.0,106.0,90.0,EOD,106,106.0,4.29,0.0,0.0,0.0,4.29
5,R3,383.0,0.0,0.0,763.0,211.0,274.0,EOD,211,211.0,11.49,0.0,0.0,0.0,11.49
6,Supplier,0.0,0.0,0.0,0.0,0.0,0.0,EOD,0,0.0,0.0,0.0,0.0,9.57,9.57
6,W1,536.0,0.0,0.0,981.0,219.0,0.0,EOD,0,0.0,10.72,0.0,17.19,4.91,32.82000000000001
6,W2,601.0,0.0,0.0,1037.0,211.0,0.0,EOD,0,0.0,12.02,0.0,17.11,4.22,33.35
6,R1,273.0,0.0,0.0,205.0,110.0,105.0,EOD,110,110.0,8.19,0.0,0.0,0.0,8.19
6,R2,128.0,0.0,0.0,262.0,91.0,76.0,EOD,91,91.0,3.84,0.0,0.0,0.0,3.84
6,R3,447.0,0.0,0.0,706.0,204.0,268.0,EOD,204,204.0,13.41,0.0,0.0,0.0,13.41
7,Supplier,0.0,0.0,0.0,0.0,0.0,0.0,EOD,0,0.0,0.0,0.0,0.0,12.899999999999999,12.899999999999999
7,W1,577.0,0.0,0.0,958.0,201.0,242.0,EOD,0,0.0,11.540000000000001,0.0,17.01,4.475,33.025000000000006
7,W2,397.0,0.0,0.0,1248.0,204.0,0.0,EOD,0,0.0,7.94,0.0,17.04,4.08,29.060000000000002
7,R1,189.0,0.0,0.0,223.0,176.0,92.0,EOD,176,176.0,5.67,0.0,0.0,0.0,5.67
7,R2,62.0,0.0,0.0,270.0,149.0,83.0,EOD,149,149.0,1.8599999999999999,0.0,0.0,0.0,1.8599999999999999
7,R3,301.0,0.0,0.0,757.0,299.0,153.0,EOD,299,299.0,9.03,0.0,0.0,0.0,9.03
8,Supplier,0.0,0.0,0.0,0.0,0.0,0.0,EOD,0,0.0,0.0,0.0,0.0,12.149999999999999,12.149999999999999
8,W1,463.0,0.0,0.0,948.0,325.0,211.0,EOD,0,0.0,9.26,0.0,18.25,7.245,34.754999999999995
8,W2,372.0,0.0,0.0,1178.0,299.0,274.0,EOD,0,0.0,7.44,0.0,17.990000000000002,5.98,31.410000000000004
8,R1,137.0,0.0,0.0,286.0,165.0,113.0,EOD,165,165.0,4.109999999999999,0.0,0.0,0.0,4.109999999999999
8,R2,39.0,0.0,0.0,346.0,96.0,73.0,EOD,96,96.0,1.17,0.0,0.0,0.0,1.17
8,R3,213.0,0.0,0.0,868.0,276.0,188.0,EOD,276,276.0,6.39,0.0,0.0,0.0,6.39
9,Supplier,0.0,0.0,0.0,0.0,0.0,0.0,EOD,0,0.0,0.0,0.0,0.0,18.72,18.72
9,W1,377.0,0.0,0.0,1098.0,261.0,175.0,EOD,0,0.0,7.54,0.0,17.61,5.700000000000001,30.85
9,W2,364.0,0.0,0.0,1209.0,276.0,268.0,EOD,0,0.0,7.28,0.0,17.76,5.5200000000000005,30.560000000000002
9,R1,152.0,0.0,0.0,341.0,95.0,110.0,EOD,95,95.0,4.56,0.0,0.0,0.0,4.56
9,R2,32.0,0.0,0.0,336.0,113.0,106.0,EOD,113,113.0,0.96,0.0,0.0,0.0,0.96
9,R3,143.0,0.0,0.0,990.0,224.0,154.0,EOD,224,224.0,4.29,0.0,0.0,0.0,4.29
10,Supplier,0.0,0.0,0.0,0.0,0.0,0.0,EOD,0,0.0,0.0,0.0,0.0,16.11,16.11
10,W1,357.0,0.0,0.0,1171.0,208.0,188.0,EOD,0,0.0,7.140000000000001,0.0,17.08,4.7250000000000005,28.945
10,W2,293.0,0.0,0.0,1332.0,224.0,153.0,EOD,0,0.0,5.86,0.0,17.240000000000002,4.48,27.580000000000002
10,R1,232.0,0.0,0.0,260.0,96.0,176.0,EOD,96,96.0,6.96,0.0,0.0,0.0,6.96
10,R2,17.0,0.0,0.0,358.0,106.0,91.0,EOD,106,106.0,0.51,0.0,0.0,0.0,0.51
10,R3,170.0,0.0,0.0,1003.0,184.0,211.0,EOD,184,184.0,5.1,0.0,0.0,0.0,5.1
11,Supplier,0.0,0.0,0.0,0.0,0.0,0.0,EOD,0,0.0,0.0,0.0,0.0,12.96,12.96
11,W1,320.0,0.0,0.0,1214.0,202.0,165.0,EOD,0,0.0,6.4,0.0,17.02,4.57,27.990000000000002
11,W2,297.0,0.0,0.0,1368.0,184.0,188.0,EOD,0,0.0,5.94,0.0,16.84,3.68,26.46
11,R1,290.0,0.0,0.0,191.0,107.0,165.0,EOD,107,107.0,8.7,0.0,0.0,0.0,8.7
11,R2,68.0,0.0,0.0,315.0,98.0,149.0,EOD,98,98.0,2.04,0.0,0.0,0.0,2.04
11,R3,188.0,0.0,0.0,983.0,186.0,204.0,EOD,186,186.0,5.64,0.0,0.0,0.0,5.64
12,Supplier,0.0,0.0,0.0,0.0,0.0,0.0,EOD,0,0.0,0.0,0.0,0.0,11.579999999999998,11.579999999999998
12,W1,334.0,0.0,0.0,1197.0,205.0,219.0,EOD,0,0.0,6.68,0.0,17.05,4.59,28.32
12,W2,265.0,0.0,0.0,1398.0,186.0,154.0,EOD,0,0.0,5.3,0.0,16.86,3.72,25.88
12,R1,266.0,0.0,0.0,203.0,119.0,95.0,EOD,119,119.0,7.9799999999999995,0.0,0.0,0.0,7.9799999999999995
12,R2,71.0,0.0,0.0,317.0,93.0,96.0,EOD,93,93.0,2.13,0.0,0.0,0.0,2.13
12,R3,330.0,0.0,0.0,870.0,157.0,299.0,EOD,157,157.0,9.9,0.0,0.0,0.0,9.9
13,Supplier,0.0,0.0,0.0,0.0,0.0,0.0,EOD,0,0.0,0.0,0.0,0.0,11.73,11.73
13,W1,323.0,0.0,0.0,1201.0,212.0,201.0,EOD,0,0.0,6.46,0.0,17.12,4.705,28.285000000000004
13,W2,319.0,0.0,0.0,1373.0,157.0,211.0,EOD,0,0.0,6.38,0.0,16.57,3.14,26.09
13,R1,202.0,0.0,0.0,226.0,160.0,96.0,EOD,160,160.0,6.06,0.0,0.0,0.0,6.06
13,R2,66.0,0.0,0.0,297.0,118.0,113.0,EOD,118,118.0,1.98,0.0,0.0,0.0,1.98
13,R3,355.0,0.0,0.0,751.0,251.0,276.0,EOD,251,251.0,10.65,0.0,0.0,0.0,10.65
14,Supplier,0.0,0.0,0.0,0.0,0.0,0.0,EOD,0,0.0,0.0,0.0,0.0,11.07,11.07
14,W1,370.0,0.0,0.0,1088.0,278.0,325.0,EOD,0,0.0,7.4,0.0,17.78,6.15,31.33
14,W2,272.0,0.0,0.0,1326.0,251.0,204.0,EOD,0,0.0,5.44,0.0,17.51,5.0200000000000005,27.970000000000002
14,R1,85.0,0.0,0.0,279.0,224.0,107.0,EOD,224,224.0,2.55,0.0,0.0,0.0,2.55
14,R2,30.0,0.0,0.0,309.0,142.0,106.0,EOD,142,142.0,0.8999999999999999,0.0,0.0,0.0,0.8999999999999999
14,R3,232.0,0.0,0.0,778.0,347.0,224.0,EOD,347,347.0,6.96,0.0,0.0,0.0,6.96
15,Supplier,0.0,0.0,0.0,0.0,0.0,0.0,EOD,0,0.0,0.0,0.0,0.0,15.87,15.87
15,W1,265.0,0.0,0.0,1105.0,366.0,261.0,EOD,0,0.0,5.3,0.0,18.66,8.030000000000001,31.990000000000002
15,W2,224.0,0.0,0.0,1278.0,347.0,299.0,EOD,0,0.0,4.48,0.0,18.47,6.94,29.89
15,R1,0.0,22.0,0.0,384.0,226.0,119.0,EOD,226,204.0,0.0,11.0,0.0,0.0,11.0
15,R2,0.0,27.0,0.0,353.0,155.0,98.0,EOD,155,128.0,0.0,13.5,0.0,0.0,13.5
15,R3,84.0,0.0,0.0,941.0,332.0,184.0,EOD,332,332.0,2.52,0.0,0.0,0.0,2.52
16,Supplier,0.0,0.0,0.0,0.0,0.0,0.0,EOD,0,0.0,0.0,0.0,0.0,21.39,21.39
16,W1,92.0,0.0,0.0,1263.0,381.0,208.0,EOD,0,0.0,1.84,0.0,18.81,8.395,29.044999999999998
16,W2,168.0,0.0,0.0,1349.0,332.0,276.0,EOD,0,0.0,3.36,0.0,18.32,6.640000000000001,28.32
16,R1,0.0,4.0,0.0,450.0,142.0,160.0,EOD,142,138.0,0.0,2.0,0.0,0.0,2.0
16,R2,0.0,27.0,0.0,415.0,93.0,93.0,EOD,93,66.0,0.0,13.5,0.0,0.0,13.5
16,R3,53.0,0.0,0.0,1087.0,217.0,186.0,EOD,217,217.0,1.5899999999999999,0.0,0.0,0.0,1.5899999999999999
17,Supplier,0.0,0.0,0.0,0.0,0.0,0.0,EOD,0,0.0,0.0,0.0,0.0,21.39,21.39
17,W1,59.0,0.0,0.0,1442.0,235.0,202.0,EOD,0,0.0,1.18,0.0,17.35,5.165,23.695
17,W2,175.0,0.0,0.0,1457.0,217.0,224.0,EOD,0,0.0,3.5,0.0,17.17,4.34,25.01
17,R1,87.0,0.0,0.0,368.0,133.0,224.0,EOD,133,133.0,2.61,0.0,0.0,0.0,2.61
17,R2,8.0,0.0,0.0,390.0,83.0,118.0,EOD,83,83.0,0.24,0.0,0.0,0.0,0.24
17,R3,0.0,36.0,0.0,1147.0,246.0,157.0,EOD,246,210.0,0.0,18.0,0.0,0.0,18.0
18,Supplier,0.0,0.0,0.0,0.0,0.0,0.0,EOD,0,0.0,0.0,0.0,0.0,13.559999999999999,13.559999999999999
18,W1,48.0,0.0,0.0,1472.0,216.0,205.0,EOD,0,0.0,0.96,0.0,17.16,4.735,22.855
18,W2,113.0,0.0,0.0,1490.0,246.0,184.0,EOD,0,0.0,2.2600000000000002,0.0,17.46,4.92,24.64
18,R1,187.0,0.0,0.0,275.0,126.0,226.0,EOD,126,126.0,5.609999999999999,0.0,0.0,0.0,5.609999999999999
18,R2,73.0,0.0,0.0,331.0,77.0,142.0,EOD,77,77.0,2.19,0.0,0.0,0.0,2.19
18,R3,33.0,0.0,0.0,1142.0,182.0,251.0,EOD,182,182.0,0.99,0.0,0.0,0.0,0.99
19,Supplier,0.0,0.0,0.0,0.0,0.0,0.0,EOD,0,0.0,0.0,0.0,0.0,13.86,13.86
19,W1,57.0,0.0,0.0,1476.0,203.0,212.0,EOD,0,0.0,1.1400000000000001,0.0,17.03,4.445,22.615000000000002
19,W2,117.0,0.0,0.0,1550.0,182.0,186.0,EOD,0,0.0,2.34,0.0,16.82,3.64,22.8
19,R1,194.0,0.0,0.0,259.0,135.0,142.0,EOD,135,135.0,5.819999999999999,0.0,0.0,0.0,5.819999999999999
19,R2,151.0,0.0,0.0,253.0,77.0,155.0,EOD,77,77.0,4.53,0.0,0.0,0.0,4.53
19,R3,193.0,0.0,0.0,977.0,187.0,347.0,EOD,187,187.0,5.79,0.0,0.0,0.0,5.79
20,Supplier,0.0,0.0,0.0,0.0,0.0,0.0,EOD,0,0.0,0.0,0.0,0.0,11.55,11.55
20,W1,123.0,0.0,0.0,1401.0,212.0,278.0,EOD,0,0.0,2.46,0.0,17.12,4.625,24.205000000000002
20,W2,87.0,0.0,0.0,1575.0,187.0,157.0,EOD,0,0.0,1.74,0.0,16.87,3.74,22.35
20,R1,173.0,0.0,0.0,261.0,154.0,133.0,EOD,154,154.0,5.1899999999999995,0.0,0.0,0.0,5.1899999999999995
20,R2,157.0,0.0,0.0,237.0,87.0,93.0,EOD,87,87.0,4.71,0.0,0.0,0.0,4.71
20,R3,277.0,0.0,0.0,832.0,248.0,332.0,EOD,248,248.0,8.31,0.0,0.0,0.0,8.31
21,Supplier,0.0,0.0,0.0,0.0,0.0,0.0,EOD,0,0.0,0.0,0.0,0.0,11.969999999999999,11.969999999999999
21,W1,248.0,0.0,0.0,1247.0,241.0,366.0,EOD,0,0.0,4.96,0.0,17.41,5.255000000000001,27.625
21,W2,90.0,0.0,0.0,1511.0,248.0,251.0,EOD,0,0.0,1.8,0.0,17.48,4.96,24.240000000000002
21,R1,95.0,0.0,0.0,289.0,204.0,126.0,EOD,204,204.0,2.85,0.0,0.0,0.0,2.85
21,R2,140.0,0.0,0.0,241.0,100.0,83.0,EOD,100,100.0,4.2,0.0,0.0,0.0,4.2
21,R3,190.0,0.0,0.0,863.0,304.0,217.0,EOD,304,304.0,5.7,0.0,0.0,0.0,5.7
22,Supplier,0.0,0.0,0.0,0.0,0.0,0.0,EOD,0,0.0,0.0,0.0,0.0,14.669999999999998,14.669999999999998
22,W1,325.0,0.0,0.0,1107.0,304.0,381.0,EOD,0,0.0,6.5,0.0,18.04,6.58,31.119999999999997
22,W2,133.0,0.0,0.0,1412.0,304.0,347.0,EOD,0,0.0,2.66,0.0,18.04,6.08,26.78
22,R1,46.0,0.0,0.0,358.0,184.0,135.0,EOD,184,184.0,1.38,0.0,0.0,0.0,1.38
22,R2,109.0,0.0,0.0,264.0,108.0,77.0,EOD,108,108.0,3.27,0.0,0.0,0.0,3.27
22,R3,164.0,0.0,0.0,921.0,272.0,246.0,EOD,272,272.0,4.92,0.0,0.0,0.0,4.92
23,Supplier,0.0,0.0,0.0,0.0,0.0,0.0,EOD,0,0.0,0.0,0.0,0.0,18.24,18.24
23,W1,268.0,0.0,0.0,1176.0,292.0,235.0,EOD,0,0.0,5.36,0.0,17.92,6.380000000000001,29.660000000000004
23,W2,193.0,0.0,0.0,1384.0,272.0,332.0,EOD,0,0.0,3.86,0.0,17.72,5.44,27.02
23,R1,83.0,0.0,0.0,388.0,117.0,154.0,EOD,117,117.0,2.4899999999999998,0.0,0.0,0.0,2.4899999999999998
23,R2,97.0,0.0,0.0,295.0,89.0,77.0,EOD,89,89.0,2.9099999999999997,0.0,0.0,0.0,2.9099999999999997
23,R3,174.0,0.0,0.0,1011.0,172.0,182.0,EOD,172,172.0,5.22,0.0,0.0,0.0,5.22
24,Supplier,0.0,0.0,0.0,0.0,0.0,0.0,EOD,0,0.0,0.0,0.0,0.0,16.92,16.92
24,W1,278.0,0.0,0.0,1252.0,206.0,216.0,EOD,0,0.0,5.5600000000000005,0.0,17.06,4.5649999999999995,27.184999999999995
24,W2,238.0,0.0,0.0,1439.0,172.0,217.0,EOD,0,0.0,4.76,0.0,16.72,3.44,24.919999999999998
24,R1,148.0,0.0,0.0,301.0,139.0,204.0,EOD,139,139.0,4.4399999999999995,0.0,0.0,0.0,4.4399999999999995
24,R2,101.0,0.0,0.0,297.0,83.0,87.0,EOD,83,83.0,3.03,0.0,0.0,0.0,3.03
24,R3,149.0,0.0,0.0,996.0,212.0,187.0,EOD,212,212.0,4.47,0.0,0.0,0.0,4.47
25,Supplier,0.0,0.0,0.0,0.0,0.0,0.0,EOD,0,0.0,0.0,0.0,0.0,11.34,11.34
25,W1,259.0,0.0,0.0,1255.0,222.0,203.0,EOD,0,0.0,5.18,0.0,17.22,4.855,27.255
25,W2,272.0,0.0,0.0,1365.0,212.0,246.0,EOD,0,0.0,5.44,0.0,17.12,4.24,26.800000000000004
25,R1,206.0,0.0,0.0,256.0,126.0,184.0,EOD,126,126.0,6.18,0.0,0.0,0.0,6.18
25,R2,135.0,0.0,0.0,280.0,66.0,100.0,EOD,66,66.0,4.05,0.0,0.0,0.0,4.05
25,R3,192.0,0.0,0.0,960.0,205.0,248.0,EOD,205,205.0,5.76,0.0,0.0,0.0,5.76
26,Supplier,0.0,0.0,0.0,0.0,0.0,0.0,EOD,0,0.0,0.0,0.0,0.0,13.02,13.02
26,W1,279.0,0.0,0.0,1265.0,192.0,212.0,EOD,0,0.0,5.58,0.0,16.92,4.17,26.67
26,W2,249.0,0.0,0.0,1395.0,205.0,182.0,EOD,0,0.0,4.98,0.0,17.05,4.1,26.130000000000003
26,R1,203.0,0.0,0.0,265.0,120.0,117.0,EOD,120,120.0,6.09,0.0,0.0,0.0,6.09
26,R2,172.0,0.0,0.0,238.0,71.0,108.0,EOD,71,71.0,5.16,0.0,0.0,0.0,5.16
26,R3,306.0,0.0,0.0,861.0,190.0,304.0,EOD,190,190.0,9.18,0.0,0.0,0.0,9.18
27,Supplier,0.0,0.0,0.0,0.0,0.0,0.0,EOD,0,0.0,0.0,0.0,0.0,11.91,11.91
27,W1,329.0,0.0,0.0,1216.0,191.0,241.0,EOD,0,0.0,6.58,0.0,16.91,4.175,27.665000000000003
27,W2,246.0,0.0,0.0,1413.0,190.0,187.0,EOD,0,0.0,4.92,0.0,16.9,3.8000000000000003,25.62
27,R1,186.0,0.0,0.0,246.0,156.0,139.0,EOD,156,156.0,5.58,0.0,0.0,0.0,5.58
27,R2,162.0,0.0,0.0,220.0,99.0,89.0,EOD,99,99.0,4.859999999999999,0.0,0.0,0.0,4.859999999999999
27,R3,345.0,0.0,0.0,779.0,233.0,272.0,EOD,233,233.0,10.35,0.0,0.0,0.0,10.35
28,Supplier,0.0,0.0,0.0,0.0,0.0,0.0,EOD,0,0.0,0.0,0.0,0.0,11.43,11.43
28,W1,378.0,0.0,0.0,1103.0,255.0,304.0,EOD,0,0.0,7.5600000000000005,0.0,17.55,5.595000000000001,30.705
28,W2,261.0,0.0,0.0,1355.0,233.0,248.0,EOD,0,0.0,5.22,0.0,17.33,4.66,27.209999999999997
28,R1,147.0,0.0,0.0,276.0,165.0,126.0,EOD,165,165.0,4.41,0.0,0.0,0.0,4.41
28,R2,147.0,0.0,0.0,236.0,98.0,83.0,EOD,98,98.0,4.41,0.0,0.0,0.0,4.41
28,R3,212.0,0.0,0.0,840.0,305.0,172.0,EOD,305,305.0,6.359999999999999,0.0,0.0,0.0,6.359999999999999
29,Supplier,0.0,0.0,0.0,0.0,0.0,0.0,EOD,0,0.0,0.0,0.0,0.0,14.639999999999999,14.639999999999999
29,W1,407.0,0.0,0.0,1066.0,263.0,292.0,EOD,0,0.0,8.14,0.0,17.63,5.75,31.52
29,W2,260.0,0.0,0.0,1284.0,305.0,304.0,EOD,0,0.0,5.2,0.0,18.05,6.1000000000000005,29.35
29,R1,73.0,0.0,0.0,321.0,194.0,120.0,EOD,194,194.0,2.19,0.0,0.0,0.0,2.19
29,R2,136.0,0.0,0.0,268.0,77.0,66.0,EOD,77,77.0,4.08,0.0,0.0,0.0,4.08
29,R3,127.0,0.0,0.0,933.0,297.0,212.0,EOD,297,297.0,3.81,0.0,0.0,0.0,3.81
30,Supplier,0.0,0.0,0.0,0.0,0.0,0.0,EOD,0,0.0,0.0,0.0,0.0,17.04,17.04
30,W1,342.0,0.0,0.0,1123.0,271.0,206.0,EOD,0,0.0,6.84,0.0,17.71,5.805,30.355
30,W2,235.0,0.0,0.0,1317.0,297.0,272.0,EOD,0,0.0,4.7,0.0,17.97,5.94,28.61
30,R1,110.0,0.0,0.0,359.0,119.0,156.0,EOD,119,119.0,3.3,0.0,0.0,0.0,3.3
30,R2,137.0,0.0,0.0,274.0,70.0,71.0,EOD,70,70.0,4.109999999999999,0.0,0.0,0.0,4.109999999999999
30,R3,164.0,0.0,0.0,1025.0,168.0,205.0,EOD,168,168.0,4.92,0.0,0.0,0.0,4.92
31,Supplier,0.0,0.0,0.0,0.0,0.0,0.0,EOD,0,0.0,0.0,0.0,0.0,17.04,17.04
31,W1,375.0,0.0,0.0,1172.0,189.0,222.0,EOD,0,0.0,7.5,0.0,16.89,4.13,28.52
31,W2,239.0,0.0,0.0,1442.0,168.0,172.0,EOD,0,0.0,4.78,0.0,16.68,3.36,24.82
31,R1,152.0,0.0,0.0,313.0,123.0,165.0,EOD,123,123.0,4.56,0.0,0.0,0.0,4.56
31,R2,153.0,0.0,0.0,245.0,83.0,99.0,EOD,83,83.0,4.59,0.0,0.0,0.0,4.59
31,R3,112.0,0.0,0.0,1003.0,242.0,190.0,EOD,242,242.0,3.36,0.0,0.0,0.0,3.36
32,Supplier,0.0,0.0,0.0,0.0,0.0,0.0,EOD,0,0.0,0.0,0.0,0.0,10.71,10.71
32,W1,361.0,0.0,0.0,1169.0,206.0,192.0,EOD,0,0.0,7.22,0.0,17.06,4.535,28.814999999999998
32,W2,209.0,0.0,0.0,1398.0,242.0,212.0,EOD,0,0.0,4.18,0.0,17.42,4.84,26.44
32,R1,219.0,0.0,0.0,242.0,127.0,194.0,EOD,127,127.0,6.569999999999999,0.0,0.0,0.0,6.569999999999999
32,R2,170.0,0.0,0.0,230.0,81.0,98.0,EOD,81,81.0,5.1,0.0,0.0,0.0,5.1
32,R3,137.0,0.0,0.0,1012.0,208.0,233.0,EOD,208,208.0,4.109999999999999,0.0,0.0,0.0,4.109999999999999
33,Supplier,0.0,0.0,0.0,0.0,0.0,0.0,EOD,0,0.0,0.0,0.0,0.0,13.44,13.44
33,W1,344.0,0.0,0.0,1184.0,208.0,191.0,EOD,0,0.0,6.88,0.0,17.08,4.5649999999999995,28.525
33,W2,206.0,0.0,0.0,1435.0,208.0,205.0,EOD,0,0.0,4.12,0.0,17.08,4.16,25.36
33,R1,189.0,0.0,0.0,250.0,149.0,119.0,EOD,149,149.0,5.67,0.0,0.0,0.0,5.67
33,R2,145.0,0.0,0.0,234.0,102.0,77.0,EOD,102,102.0,4.35,0.0,0.0,0.0,4.35
33,R3,239.0,0.0,0.0,915.0,203.0,305.0,EOD,203,203.0,7.17,0.0,0.0,0.0,7.17
34,Supplier,0.0,0.0,0.0,0.0,0.0,0.0,EOD,0,0.0,0.0,0.0,0.0,12.48,12.48
34,W1,348.0,0.0,0.0,1137.0,251.0,255.0,EOD,0,0.0,6.96,0.0,17.51,5.53,30.000000000000004
34,W2,193.0,0.0,0.0,1453.0,203.0,190.0,EOD,0,0.0,3.86,0.0,17.03,4.0600000000000005,24.950000000000003
34,R1,146.0,0.0,0.0,276.0,166.0,123.0,EOD,166,166.0,4.38,0.0,0.0,0.0,4.38
34,R2,123.0,0.0,0.0,266.0,92.0,70.0,EOD,92,92.0,3.69,0.0,0.0,0.0,3.69
34,R3,286.0,0.0,0.0,821.0,250.0,297.0,EOD,250,250.0,8.58,0.0,0.0,0.0,8.58
35,Supplier,0.0,0.0,0.0,0.0,0.0,0.0,EOD,0,0.0,0.0,0.0,0.0,13.62,13.62
35,W1,353.0,0.0,0.0,1125.0,258.0,263.0,EOD,0,0.0,7.0600000000000005,0.0,17.58,5.620000000000001,30.26
35,W2,176.0,0.0,0.0,1423.0,250.0,233.0,EOD,0,0.0,3.52,0.0,17.5,5.0,26.02
35,R1,93.0,0.0,0.0,315.0,180.0,127.0,EOD,180,180.0,2.79,0.0,0.0,0.0,2.79
35,R2,68.0,0.0,0.0,275.0,138.0,83.0,EOD,138,138.0,2.04,0.0,0.0,0.0,2.04
35,R3,154.0,0.0,0.0,903.0,300.0,168.0,EOD,300,300.0,4.62,0.0,0.0,0.0,4.62
36,Supplier,0.0,0.0,0.0,0.0,0.0,0.0,EOD,0,0.0,0.0,0.0,0.0,15.239999999999998,15.239999999999998
36,W1,306.0,0.0,0.0,1112.0,318.0,271.0,EOD,0,0.0,6.12,0.0,18.18,7.050000000000001,31.35
36,W2,181.0,0.0,0.0,1368.0,300.0,305.0,EOD,0,0.0,3.62,0.0,18.0,6.0,27.62
36,R1,63.0,0.0,0.0,346.0,179.0,149.0,EOD,179,179.0,1.89,0.0,0.0,0.0,1.89
36,R2,24.0,0.0,0.0,332.0,125.0,81.0,EOD,125,125.0,0.72,0.0,0.0,0.0,0.72
36,R3,83.0,0.0,0.0,961.0,313.0,242.0,EOD,313,313.0,2.4899999999999998,0.0,0.0,0.0,2.4899999999999998
37,Supplier,0.0,0.0,0.0,0.0,0.0,0.0,EOD,0,0.0,0.0,0.0,0.0,18.54,18.54
37,W1,191.0,0.0,0.0,1241.0,304.0,189.0,EOD,0,0.0,3.8200000000000003,0.0,18.04,6.705,28.564999999999998
37,W2,165.0,0.0,0.0,1371.0,313.0,297.0,EOD,0,0.0,3.3000000000000003,0.0,18.13,6.26,27.689999999999998
37,R1,129.0,0.0,0.0,359.0,100.0,166.0,EOD,100,100.0,3.8699999999999997,0.0,0.0,0.0,3.8699999999999997
37,R2,41.0,0.0,0.0,355.0,85.0,102.0,EOD,85,85.0,1.23,0.0,0.0,0.0,1.23
37,R3,66.0,0.0,0.0,1066.0,225.0,208.0,EOD,225,225.0,1.98,0.0,0.0,0.0,1.98
38,Supplier,0.0,0.0,0.0,0.0,0.0,0.0,EOD,0,0.0,0.0,0.0,0.0,18.509999999999998,18.509999999999998
38,W1,212.0,0.0,0.0,1339.0,185.0,206.0,EOD,0,0.0,4.24,0.0,16.85,4.125,25.215000000000003
38,W2,108.0,0.0,0.0,1516.0,225.0,168.0,EOD,0,0.0,2.16,0.0,17.25,4.5,23.91
38,R1,192.0,0.0,0.0,279.0,117.0,180.0,EOD,117,117.0,5.76,0.0,0.0,0.0,5.76
38,R2,25.0,0.0,0.0,348.0,108.0,92.0,EOD,108,108.0,0.75,0.0,0.0,0.0,0.75
38,R3,63.0,0.0,0.0,1088.0,206.0,203.0,EOD,206,206.0,1.89,0.0,0.0,0.0,1.89
39,Supplier,0.0,0.0,0.0,0.0,0.0,0.0,EOD,0,0.0,0.0,0.0,0.0,12.3,12.3
39,W1,195.0,0.0,0.0,1316.0,225.0,208.0,EOD,0,0.0,3.9,0.0,17.25,5.04,26.189999999999998
39,W2,144.0,0.0,0.0,1499.0,206.0,242.0,EOD,0,0.0,2.88,0.0,17.06,4.12,24.06
39,R1,235.0,0.0,0.0,217.0,136.0,179.0,EOD,136,136.0,7.05,0.0,0.0,0.0,7.05
39,R2,79.0,0.0,0.0,318.0,84.0,138.0,EOD,84,84.0,2.37,0.0,0.0,0.0,2.37
39,R3,117.0,0.0,0.0,1044.0,196.0,250.0,EOD,196,196.0,3.51,0.0,0.0,0.0,3.51
40,Supplier,0.0,0.0,0.0,0.0,0.0,0.0,EOD,0,0.0,0.0,0.0,0.0,12.93,12.93
40,W1,226.0,0.0,0.0,1290.0,220.0,251.0,EOD,0,0.0,4.5200000000000005,0.0,17.2,4.82,26.54
40,W2,156.0,0.0,0.0,1497.0,196.0,208.0,EOD,0,0.0,3.12,0.0,16.96,3.92,24.0
40,R1,212.0,0.0,0.0,253.0,123.0,100.0,EOD,123,123.0,6.359999999999999,0.0,0.0,0.0,6.359999999999999
40,R2,113.0,0.0,0.0,277.0,91.0,125.0,EOD,91,91.0,3.3899999999999997,0.0,0.0,0.0,3.3899999999999997
40,R3,191.0,0.0,0.0,940.0,226.0,300.0,EOD,226,226.0,5.7299999999999995,0.0,0.0,0.0,5.7299999999999995
41,Supplier,0.0,0.0,0.0,0.0,0.0,0.0,EOD,0,0.0,0.0,0.0,0.0,12.48,12.48
41,W1,270.0,0.0,0.0,1252.0,214.0,258.0,EOD,0,0.0,5.4,0.0,17.14,4.734999999999999,27.275
41,W2,133.0,0.0,0.0,1490.0,226.0,203.0,EOD,0,0.0,2.66,0.0,17.26,4.5200000000000005,24.44
41,R1,178.0,0.0,0.0,259.0,151.0,117.0,EOD,151,151.0,5.34,0.0,0.0,0.0,5.34
41,R2,116.0,0.0,0.0,283.0,82.0,85.0,EOD,82,82.0,3.48,0.0,0.0,0.0,3.48
41,R3,270.0,0.0,0.0,853.0,234.0,313.0,EOD,234,234.0,8.1,0.0,0.0,0.0,8.1
42,Supplier,0.0,0.0,0.0,0.0,0.0,0.0,EOD,0,0.0,0.0,0.0,0.0,13.2,13.2
42,W1,355.0,0.0,0.0,1148.0,233.0,318.0,EOD,0,0.0,7.1000000000000005,0.0,17.33,5.07,29.5
42,W2,149.0,0.0,0.0,1466.0,234.0,250.0,EOD,0,0.0,2.98,0.0,17.34,4.68,25.0
42,R1,134.0,0.0,0.0,274.0,180.0,136.0,EOD,180,180.0,4.02,0.0,0.0,0.0,4.02
42,R2,124.0,0.0,0.0,257.0,100.0,108.0,EOD,100,100.0,3.7199999999999998,0.0,0.0,0.0,3.7199999999999998
42,R3,150.0,0.0,0.0,862.0,345.0,225.0,EOD,345,345.0,4.5,0.0,0.0,0.0,4.5
43,Supplier,0.0,0.0,0.0,0.0,0.0,0.0,EOD,0,0.0,0.0,0.0,0.0,14.009999999999998,14.009999999999998
43,W1,379.0,0.0,0.0,1077.0,280.0,304.0,EOD,0,0.0,7.58,0.0,17.8,6.1,31.480000000000004
43,W2,104.0,0.0,0.0,1400.0,345.0,300.0,EOD,0,0.0,2.08,0.0,18.45,6.9,27.43
43,R1,81.0,0.0,0.0,331.0,176.0,123.0,EOD,176,176.0,2.4299999999999997,0.0,0.0,0.0,2.4299999999999997
43,R2,124.0,0.0,0.0,273.0,84.0,84.0,EOD,84,84.0,3.7199999999999998,0.0,0.0,0.0,3.7199999999999998
43,R3,60.0,0.0,0.0,1001.0,296.0,206.0,EOD,296,296.0,1.7999999999999998,0.0,0.0,0.0,1.7999999999999998
44,Supplier,0.0,0.0,0.0,0.0,0.0,0.0,EOD,0,0.0,0.0,0.0,0.0,18.75,18.75
44,W1,304.0,0.0,0.0,1172.0,260.0,185.0,EOD,0,0.0,6.08,0.0,17.6,5.62,29.3
44,W2,121.0,0.0,0.0,1432.0,296.0,313.0,EOD,0,0.0,2.42,0.0,17.96,5.92,26.300000000000004
44,R1,113.0,0.0,0.0,356.0,119.0,151.0,EOD,119,119.0,3.3899999999999997,0.0,0.0,0.0,3.3899999999999997
44,R2,121.0,0.0,0.0,266.0,94.0,91.0,EOD,94,94.0,3.63,0.0,0.0,0.0,3.63
44,R3,56.0,0.0,0.0,1101.0,200.0,196.0,EOD,200,200.0,1.68,0.0,0.0,0.0,1.68
45,Supplier,0.0,0.0,0.0,0.0,0.0,0.0,EOD,0,0.0,0.0,0.0,0.0,16.68,16.68
45,W1,316.0,0.0,0.0,1207.0,213.0,225.0,EOD,0,0.0,6.32,0.0,17.13,4.73,28.18
45,W2,146.0,0.0,0.0,1503.0,200.0,225.0,EOD,0,0.0,2.92,0.0,17.0,4.0,23.92
45,R1,177.0,0.0,0.0,295.0,116.0,180.0,EOD,116,116.0,5.31,0.0,0.0,0.0,5.31
45,R2,126.0,0.0,0.0,278.0,77.0,82.0,EOD,77,77.0,3.78,0.0,0.0,0.0,3.78
45,R3,25.0,0.0,0.0,1075.0,257.0,226.0,EOD,257,257.0,0.75,0.0,0.0,0.0,0.75
46,Supplier,0.0,0.0,0.0,0.0,0.0,0.0,EOD,0,0.0,0.0,0.0,0.0,12.39,12.39
46,W1,343.0,0.0,0.0,1200.0,193.0,220.0,EOD,0,0.0,6.86,0.0,16.93,4.245,28.035
46,W2,95.0,0.0,0.0,1497.0,257.0,206.0,EOD,0,0.0,1.9000000000000001,0.0,17.57,5.14,24.61
46,R1,234.0,0.0,0.0,235.0,119.0,176.0,EOD,119,119.0,7.02,0.0,0.0,0.0,7.02
46,R2,159.0,0.0,0.0,255.0,67.0,100.0,EOD,67,67.0,4.77,0.0,0.0,0.0,4.77
46,R3,50.0,0.0,0.0,1098.0,209.0,234.0,EOD,209,209.0,1.5,0.0,0.0,0.0,1.5
47,Supplier,0.0,0.0,0.0,0.0,0.0,0.0,EOD,0,0.0,0.0,0.0,0.0,13.5,13.5
47,W1,371.0,0.0,0.0,1179.0,186.0,214.0,EOD,0,0.0,7.42,0.0,16.86,4.055,28.335
47,W2,82.0,0.0,0.0,1558.0,209.0,196.0,EOD,0,0.0,1.6400000000000001,0.0,17.09,4.18,22.91
47,R1,219.0,0.0,0.0,235.0,134.0,119.0,EOD,134,134.0,6.569999999999999,0.0,0.0,0.0,6.569999999999999
47,R2,146.0,0.0,0.0,238.0,97.0,84.0,EOD,97,97.0,4.38,0.0,0.0,0.0,4.38
47,R3,166.0,0.0,0.0,962.0,229.0,345.0,EOD,229,229.0,4.9799999999999995,0.0,0.0,0.0,4.9799999999999995
48,Supplier,0.0,0.0,0.0,0.0,0.0,0.0,EOD,0,0.0,0.0,0.0,0.0,11.85,11.85
48,W1,373.0,0.0,0.0,1132.0,231.0,233.0,EOD,0,0.0,7.46,0.0,17.31,5.105,29.875
48,W2,79.0,0.0,0.0,1541.0,229.0,226.0,EOD,0,0.0,1.58,0.0,17.29,4.58,23.449999999999996
48,R1,214.0,0.0,0.0,253.0,121.0,116.0,EOD,121,121.0,6.42,0.0,0.0,0.0,6.42
48,R2,156.0,0.0,0.0,241.0,84.0,94.0,EOD,84,84.0,4.68,0.0,0.0,0.0,4.68
48,R3,234.0,0.0,0.0,895.0,228.0,296.0,EOD,228,228.0,7.02,0.0,0.0,0.0,7.02
49,Supplier,0.0,0.0,0.0,0.0,0.0,0.0,EOD,0,0.0,0.0,0.0,0.0,13.8,13.8
49,W1,448.0,0.0,0.0,1083.0,205.0,280.0,EOD,0,0.0,8.96,0.0,17.05,4.52,30.53
49,W2,85.0,0.0,0.0,1536.0,228.0,234.0,EOD,0,0.0,1.7,0.0,17.28,4.5600000000000005,23.54
49,R1,167.0,0.0,0.0,255.0,166.0,119.0,EOD,166,166.0,5.01,0.0,0.0,0.0,5.01
49,R2,152.0,0.0,0.0,248.0,81.0,77.0,EOD,81,81.0,4.56,0.0,0.0,0.0,4.56
49,R3,141.0,0.0,0.0,923.0,293.0,200.0,EOD,293,293.0,4.2299999999999995,0.0,0.0,0.0,4.2299999999999995
50,Supplier,0.0,0.0,0.0,0.0,0.0,0.0,EOD,0,0.0,0.0,0.0,0.0,12.989999999999998,12.989999999999998
50,W1,461.0,0.0,0.0,1028.0,247.0,260.0,EOD,0,0.0,9.22,0.0,17.47,5.345000000000001,32.035
50,W2,137.0,0.0,0.0,1419.0,293.0,345.0,EOD,0,0.0,2.74,0.0,17.93,5.86,26.53
50,R1,103.0,0.0,0.0,287.0,198.0,134.0,EOD,198,198.0,3.09,0.0,0.0,0.0,3.09
50,R2,121.0,0.0,0.0,262.0,98.0,67.0,EOD,98,98.0,3.63,0.0,0.0,0.0,3.63
50,R3,54.0,0.0,0.0,959.0,344.0,257.0,EOD,344,344.0,1.6199999999999999,0.0,0.0,0.0,1.6199999999999999
51,Supplier,0.0,0.0,0.0,0.0,0.0,0.0,EOD,0,0.0,0.0,0.0,0.0,16.2,16.2
51,W1,378.0,0.0,0.0,1062.0,296.0,213.0,EOD,0,0.0,7.5600000000000005,0.0,17.96,6.41,31.930000000000003
51,W2,89.0,0.0,0.0,1416.0,344.0,296.0,EOD,0,0.0,1.78,0.0,18.44,6.88,27.1
51,R1,82.0,0.0,0.0,364.0,142.0,121.0,EOD,142,142.0,2.46,0.0,0.0,0.0,2.46
51,R2,149.0,0.0,0.0,263.0,69.0,97.0,EOD,69,69.0,4.47,0.0,0.0,0.0,4.47
51,R3,56.0,0.0,0.0,1094.0,207.0,209.0,EOD,207,207.0,1.68,0.0,0.0,0.0,1.68
52,Supplier,0.0,0.0,0.0,0.0,0.0,0.0,EOD,0,0.0,0.0,0.0,0.0,19.2,19.2
52,W1,360.0,0.0,0.0,1165.0,211.0,193.0,EOD,0,0.0,7.2,0.0,17.11,4.5649999999999995,28.875
52,W2,82.0,0.0,0.0,1560.0,207.0,200.0,EOD,0,0.0,1.6400000000000001,0.0,17.07,4.14,22.85
52,R1,134.0,0.0,0.0,340.0,114.0,166.0,EOD,114,114.0,4.02,0.0,0.0,0.0,4.02
52,R2,156.0,0.0,0.0,248.0,77.0,84.0,EOD,77,77.0,4.68,0.0,0.0,0.0,4.68
52,R3,71.0,0.0,0.0,1072.0,214.0,229.0,EOD,214,214.0,2.13,0.0,0.0,0.0,2.13
53,Supplier,0.0,0.0,0.0,0.0,0.0,0.0,EOD,0,0.0,0.0,0.0,0.0,12.54,12.54
53,W1,355.0,0.0,0.0,1190.0,191.0,186.0,EOD,0,0.0,7.1000000000000005,0.0,16.91,4.205,28.215000000000003
53,W2,125.0,0.0,0.0,1510.0,214.0,257.0,EOD,0,0.0,2.5,0.0,17.14,4.28,23.92
53,R1,222.0,0.0,0.0,256.0,110.0,198.0,EOD,110,110.0,6.66,0.0,0.0,0.0,6.66
53,R2,177.0,0.0,0.0,244.0,60.0,81.0,EOD,60,60.0,5.31,0.0,0.0,0.0,5.31
53,R3,75.0,0.0,0.0,1058.0,224.0,228.0,EOD,224,224.0,2.25,0.0,0.0,0.0,2.25
54,Supplier,0.0,0.0,0.0,0.0,0.0,0.0,EOD,0,0.0,0.0,0.0,0.0,12.149999999999999,12.149999999999999
54,W1,416.0,0.0,0.0,1150.0,170.0,231.0,EOD,0,0.0,8.32,0.0,16.7,3.7,28.72
54,W2,110.0,0.0,0.0,1515.0,224.0,209.0,EOD,0,0.0,2.2,0.0,17.240000000000002,4.48,23.92
54,R1,252.0,0.0,0.0,224.0,112.0,142.0,EOD,112,112.0,7.56,0.0,0.0,0.0,7.56
54,R2,210.0,0.0,0.0,206.0,65.0,98.0,EOD,65,65.0,6.3,0.0,0.0,0.0,6.3
54,R3,160.0,0.0,0.0,989.0,208.0,293.0,EOD,208,208.0,4.8,0.0,0.0,0.0,4.8
55,Supplier,0.0,0.0,0.0,0.0,0.0,0.0,EOD,0,0.0,0.0,0.0,0.0,11.82,11.82
55,W1,444.0,0.0,0.0,1115.0,177.0,205.0,EOD,0,0.0,8.88,0.0,16.77,3.865,29.515
55,W2,131.0,0.0,0.0,1510.0,208.0,229.0,EOD,0,0.0,2.62,0.0,17.08,4.16,23.86
55,R1,231.0,0.0,0.0,222.0,135.0,114.0,EOD,135,135.0,6.93,0.0,0.0,0.0,6.93
55,R2,214.0,0.0,0.0,202.0,65.0,69.0,EOD,65,65.0,6.42,0.0,0.0,0.0,6.42
55,R3,283.0,0.0,0.0,853.0,221.0,344.0,EOD,221,221.0,8.49,0.0,0.0,0.0,8.49
56,Supplier,0.0,0.0,0.0,0.0,0.0,0.0,EOD,0,0.0,0.0,0.0,0.0,11.55,11.55
56,W1,491.0,0.0,0.0,1045.0,200.0,247.0,EOD,0,0.0,9.82,0.0,17.0,4.325,31.145
56,W2,138.0,0.0,0.0,1490.0,221.0,228.0,EOD,0,0.0,2.7600000000000002,0.0,17.21,4.42,24.39
56,R1,156.0,0.0,0.0,247.0,185.0,110.0,EOD,185,185.0,4.68,0.0,0.0,0.0,4.68
56,R2,201.0,0.0,0.0,190.0,90.0,77.0,EOD,90,90.0,6.029999999999999,0.0,0.0,0.0,6.029999999999999
56,R3,222.0,0.0,0.0,867.0,268.0,207.0,EOD,268,268.0,6.66,0.0,0.0,0.0,6.66
57,Supplier,0.0,0.0,0.0,0.0,0.0,0.0,EOD,0,0.0,0.0,0.0,0.0,12.629999999999999,12.629999999999999
57,W1,512.0,0.0,0.0,949.0,275.0,296.0,EOD,0,0.0,10.24,0.0,17.75,5.95,33.940000000000005
57,W2,163.0,0.0,0.0,1418.0,268.0,293.0,EOD,0,0.0,3.2600000000000002,0.0,17.68,5.36,26.3
57,R1,73.0,0.0,0.0,320.0,195.0,112.0,EOD,195,195.0,2.19,0.0,0.0,0.0,2.19
57,R2,178.0,0.0,0.0,220.0,83.0,60.0,EOD,83,83.0,5.34,0.0,0.0,0.0,5.34
57,R3,165.0,0.0,0.0,921.0,271.0,214.0,EOD,271,271.0,4.95,0.0,0.0,0.0,4.95
58,Supplier,0.0,0.0,0.0,0.0,0.0,0.0,EOD,0,0.0,0.0,0.0,0.0,16.29,16.29
58,W1,445.0,0.0,0.0,1013.0,278.0,211.0,EOD,0,0.0,8.9,0.0,17.78,5.975,32.655
58,W2,236.0,0.0,0.0,1342.0,271.0,344.0,EOD,0,0.0,4.72,0.0,17.71,5.42,27.85
58,R1,104.0,0.0,0.0,380.0,104.0,135.0,EOD,104,104.0,3.12,0.0,0.0,0.0,3.12
58,R2,159.0,0.0,0.0,238.0,84.0,65.0,EOD,84,84.0,4.77,0.0,0.0,0.0,4.77
58,R3,206.0,0.0,0.0,968.0,183.0,224.0,EOD,183,183.0,6.18,0.0,0.0,0.0,6.18
59,Supplier,0.0,0.0,0.0,0.0,0.0,0.0,EOD,0,0.0,0.0,0.0,0.0,16.47,16.47
59,W1,448.0,0.0,0.0,1100.0,188.0,191.0,EOD,0,0.0,8.96,0.0,16.88,4.18,30.02
59,W2,260.0,0.0,0.0,1406.0,183.0,207.0,EOD,0,0.0,5.2,0.0,16.83,3.66,25.689999999999998
59,R1,171.0,0.0,0.0,299.0,118.0,185.0,EOD,118,118.0,5.13,0.0,0.0,0.0,5.13
59,R2,155.0,0.0,0.0,257.0,69.0,65.0,EOD,69,69.0,4.6499999999999995,0.0,0.0,0.0,4.6499999999999995
59,R3,244.0,0.0,0.0,943.0,170.0,208.0,EOD,170,170.0,7.319999999999999,0.0,0.0,0.0,7.319999999999999
60,Supplier,0.0,0.0,0.0,0.0,0.0,0.0,EOD,0,0.0,0.0,0.0,0.0,11.129999999999999,11.129999999999999
60,W1,431.0,0.0,0.0,1118.0,187.0,170.0,EOD,0,0.0,8.620000000000001,0.0,16.87,4.085,29.575000000000003
60,W2,304.0,0.0,0.0,1375.0,170.0,214.0,EOD,0,0.0,6.08,0.0,16.7,3.4,26.18
60,R1,262.0,0.0,0.0,222.0,104.0,195.0,EOD,104,104.0,7.859999999999999,0.0,0.0,0.0,7.859999999999999
60,R2,157.0,0.0,0.0,236.0,88.0,90.0,EOD,88,88.0,4.71,0.0,0.0,0.0,4.71
60,R3,290.0,0.0,0.0,892.0,175.0,221.0,EOD,175,175.0,8.7,0.0,0.0,0.0,8.7
61,Supplier,0.0,0.0,0.0,0.0,0.0,0.0,EOD,0,0.0,0.0,0.0,0.0,10.709999999999999,10.709999999999999
61,W1,416.0,0.0,0.0,1128.0,192.0,177.0,EOD,0,0.0,8.32,0.0,16.92,4.28,29.520000000000003
61,W2,353.0,0.0,0.0,1321.0,175.0,224.0,EOD,0,0.0,7.0600000000000005,0.0,16.75,3.5,27.310000000000002
61,R1,208.0,0.0,0.0,222.0,158.0,104.0,EOD,158,158.0,6.24,0.0,0.0,0.0,6.24
61,R2,158.0,0.0,0.0,241.0,82.0,83.0,EOD,82,82.0,4.74,0.0,0.0,0.0,4.74
61,R3,329.0,0.0,0.0,799.0,229.0,268.0,EOD,229,229.0,9.87,0.0,0.0,0.0,9.87
62,Supplier,0.0,0.0,0.0,0.0,0.0,0.0,EOD,0,0.0,0.0,0.0,0.0,11.01,11.01
62,W1,376.0,0.0,0.0,1120.0,240.0,200.0,EOD,0,0.0,7.5200000000000005,0.0,17.4,5.210000000000001,30.13
62,W2,332.0,0.0,0.0,1288.0,229.0,208.0,EOD,0,0.0,6.640000000000001,0.0,17.29,4.58,28.509999999999998
62,R1,142.0,0.0,0.0,262.0,184.0,118.0,EOD,184,184.0,4.26,0.0,0.0,0.0,4.26
62,R2,135.0,0.0,0.0,239.0,107.0,84.0,EOD,107,107.0,4.05,0.0,0.0,0.0,4.05
62,R3,338.0,0.0,0.0,757.0,262.0,271.0,EOD,262,262.0,10.139999999999999,0.0,0.0,0.0,10.139999999999999
63,Supplier,0.0,0.0,0.0,0.0,0.0,0.0,EOD,0,0.0,0.0,0.0,0.0,14.07,14.07
63,W1,360.0,0.0,0.0,1085.0,291.0,275.0,EOD,0,0.0,7.2,0.0,17.91,6.355,31.465
63,W2,291.0,0.0,0.0,1296.0,262.0,221.0,EOD,0,0.0,5.82,0.0,17.62,5.24,28.68
63,R1,51.0,0.0,0.0,342.0,195.0,104.0,EOD,195,195.0,1.53,0.0,0.0,0.0,1.53
63,R2,83.0,0.0,0.0,277.0,121.0,69.0,EOD,121,121.0,2.4899999999999998,0.0,0.0,0.0,2.4899999999999998
63,R3,209.0,0.0,0.0,836.0,312.0,183.0,EOD,312,312.0,6.27,0.0,0.0,0.0,6.27
64,Supplier,0.0,0.0,0.0,0.0,0.0,0.0,EOD,0,0.0,0.0,0.0,0.0,16.59,16.59
64,W1,322.0,0.0,0.0,1098.0,316.0,278.0,EOD,0,0.0,6.44,0.0,18.16,6.925000000000001,31.525000000000002
64,W2,247.0,0.0,0.0,1290.0,312.0,268.0,EOD,0,0.0,4.94,0.0,18.12,6.24,29.300000000000004
64,R1,0.0,11.0,0.0,379.0,220.0,158.0,EOD,220,209.0,0.0,5.5,0.0,0.0,5.5
64,R2,51.0,0.0,0.0,310.0,120.0,88.0,EOD,120,120.0,1.53,0.0,0.0,0.0,1.53
64,R3,96.0,0.0,0.0,978.0,283.0,170.0,EOD,283,283.0,2.88,0.0,0.0,0.0,2.88
65,Supplier,0.0,0.0,0.0,0.0,0.0,0.0,EOD,0,0.0,0.0,0.0,0.0,18.84,18.84
65,W1,170.0,0.0,0.0,1226.0,340.0,188.0,EOD,0,0.0,3.4,0.0,18.4,7.4,29.199999999999996
65,W2,235.0,0.0,0.0,1331.0,283.0,271.0,EOD,0,0.0,4.7,0.0,17.83,5.66,28.189999999999998
65,R1,14.0,0.0,0.0,415.0,159.0,184.0,EOD,159,159.0,0.42,0.0,0.0,0.0,0.42
65,R2,4.0,0.0,0.0,348.0,129.0,82.0,EOD,129,129.0,0.12,0.0,0.0,0.0,0.12
65,R3,86.0,0.0,0.0,1086.0,185.0,175.0,EOD,185,185.0,2.58,0.0,0.0,0.0,2.58
66,Supplier,0.0,0.0,0.0,0.0,0.0,0.0,EOD,0,0.0,0.0,0.0,0.0,18.689999999999998,18.689999999999998
66,W1,69.0,0.0,0.0,1379.0,288.0,187.0,EOD,0,0.0,1.3800000000000001,0.0,17.88,6.405,25.665
66,W2,233.0,0.0,0.0,1431.0,185.0,183.0,EOD,0,0.0,4.66,0.0,16.85,3.7,25.21
66,R1,85.0,0.0,0.0,379.0,124.0,195.0,EOD,124,124.0,2.55,0.0,0.0,0.0,2.55
66,R2,28.0,0.0,0.0,370.0,83.0,107.0,EOD,83,83.0,0.84,0.0,0.0,0.0,0.84
66,R3,110.0,0.0,0.0,1042.0,205.0,229.0,EOD,205,205.0,3.3,0.0,0.0,0.0,3.3
67,Supplier,0.0,0.0,0.0,0.0,0.0,0.0,EOD,0,0.0,0.0,0.0,0.0,14.190000000000001,14.190000000000001
67,W1,54.0,0.0,0.0,1475.0,207.0,192.0,EOD,0,0.0,1.08,0.0,17.07,4.555,22.705
67,W2,198.0,0.0,0.0,1446.0,205.0,170.0,EOD,0,0.0,3.96,0.0,17.05,4.1,25.11
67,R1,189.0,0.0,0.0,283.0,116.0,220.0,EOD,116,116.0,5.67,0.0,0.0,0.0,5.67
67,R2,66.0,0.0,0.0,332.0,83.0,121.0,EOD,83,83.0,1.98,0.0,0.0,0.0,1.98
67,R3,148.0,0.0,0.0,985.0,224.0,262.0,EOD,224,224.0,4.4399999999999995,0.0,0.0,0.0,4.4399999999999995
68,Supplier,0.0,0.0,0.0,0.0,0.0,0.0,EOD,0,0.0,0.0,0.0,0.0,12.36,12.36
68,W1,95.0,0.0,0.0,1442.0,199.0,240.0,EOD,0,0.0,1.9000000000000001,0.0,16.99,4.395,23.284999999999997
68,W2,149.0,0.0,0.0,1476.0,224.0,175.0,EOD,0,0.0,2.98,0.0,17.240000000000002,4.48,24.700000000000003
68,R1,211.0,0.0,0.0,240.0,137.0,159.0,EOD,137,137.0,6.33,0.0,0.0,0.0,6.33
68,R2,123.0,0.0,0.0,295.0,63.0,120.0,EOD,63,63.0,3.69,0.0,0.0,0.0,3.69
68,R3,288.0,0.0,0.0,897.0,172.0,312.0,EOD,172,172.0,8.64,0.0,0.0,0.0,8.64
69,Supplier,0.0,0.0,0.0,0.0,0.0,0.0,EOD,0,0.0,0.0,0.0,0.0,12.69,12.69
69,W1,186.0,0.0,0.0,1350.0,200.0,291.0,EOD,0,0.0,3.72,0.0,17.0,4.315,25.035
69,W2,206.0,0.0,0.0,1471.0,172.0,229.0,EOD,0,0.0,4.12,0.0,16.72,3.44,24.28
69,R1,180.0,0.0,0.0,253.0,155.0,124.0,EOD,155,155.0,5.3999999999999995,0.0,0.0,0.0,5.3999999999999995
69,R2,185.0,0.0,0.0,229.0,67.0,129.0,EOD,67,67.0,5.55,0.0,0.0,0.0,5.55
69,R3,347.0,0.0,0.0,786.0,224.0,283.0,EOD,224,224.0,10.41,0.0,0.0,0.0,10.41
70,Supplier,0.0,0.0,0.0,0.0,0.0,0.0,EOD,0,0.0,0.0,0.0,0.0,11.16,11.16
70,W1,280.0,0.0,0.0,1234.0,222.0,316.0,EOD,0,0.0,5.6000000000000005,0.0,17.22,4.775,27.595
70,W2,244.0,0.0,0.0,1381.0,224.0,262.0,EOD,0,0.0,4.88,0.0,17.240000000000002,4.48,26.6
70,R1,77.0,0.0,0.0,292.0,219.0,116.0,EOD,219,219.0,2.31,0.0,0.0,0.0,2.31
70,R2,167.0,0.0,0.0,213.0,101.0,83.0,EOD,101,101.0,5.01,0.0,0.0,0.0,5.01
70,R3,229.0,0.0,0.0,825.0,303.0,185.0,EOD,303,303.0,6.87,0.0,0.0,0.0,6.87
71,Supplier,0.0,0.0,0.0,0.0,0.0,0.0,EOD,0,0.0,0.0,0.0,0.0,13.379999999999999,13.379999999999999
71,W1,300.0,0.0,0.0,1116.0,320.0,340.0,EOD,0,0.0,6.0,0.0,18.2,6.905,31.105
71,W2,253.0,0.0,0.0,1293.0,303.0,312.0,EOD,0,0.0,5.0600000000000005,0.0,18.03,6.0600000000000005,29.150000000000006
71,R1,0.0,0.0,0.0,374.0,214.0,137.0,EOD,214,214.0,0.0,0.0,0.0,0.0,0.0
71,R2,132.0,0.0,0.0,231.0,118.0,83.0,EOD,118,118.0,3.96,0.0,0.0,0.0,3.96
71,R3,101.0,0.0,0.0,923.0,333.0,205.0,EOD,333,333.0,3.03,0.0,0.0,0.0,3.03
72,Supplier,0.0,0.0,0.0,0.0,0.0,0.0,EOD,0,0.0,0.0,0.0,0.0,18.689999999999998,18.689999999999998
72,W1,256.0,0.0,0.0,1148.0,332.0,288.0,EOD,0,0.0,5.12,0.0,18.32,7.23,30.67
72,W2,203.0,0.0,0.0,1313.0,333.0,283.0,EOD,0,0.0,4.0600000000000005,0.0,18.33,6.66,29.05
72,R1,28.0,0.0,0.0,433.0,127.0,155.0,EOD,127,127.0,0.84,0.0,0.0,0.0,0.84
72,R2,98.0,0.0,0.0,286.0,97.0,63.0,EOD,97,97.0,2.94,0.0,0.0,0.0,2.94
72,R3,79.0,0.0,0.0,1032.0,246.0,224.0,EOD,246,246.0,2.37,0.0,0.0,0.0,2.37
73,Supplier,0.0,0.0,0.0,0.0,0.0,0.0,EOD,0,0.0,0.0,0.0,0.0,19.95,19.95
73,W1,239.0,0.0,0.0,1273.0,224.0,207.0,EOD,0,0.0,4.78,0.0,17.240000000000002,4.965,26.985000000000003
73,W2,142.0,0.0,0.0,1461.0,246.0,185.0,EOD,0,0.0,2.84,0.0,17.46,4.92,25.22
73,R1,101.0,0.0,0.0,341.0,146.0,219.0,EOD,146,146.0,3.03,0.0,0.0,0.0,3.03
73,R2,74.0,0.0,0.0,316.0,91.0,67.0,EOD,91,91.0,2.2199999999999998,0.0,0.0,0.0,2.2199999999999998
73,R3,40.0,0.0,0.0,1106.0,211.0,172.0,EOD,211,211.0,1.2,0.0,0.0,0.0,1.2
74,Supplier,0.0,0.0,0.0,0.0,0.0,0.0,EOD,0,0.0,0.0,0.0,0.0,14.1,14.1
74,W1,201.0,0.0,0.0,1298.0,237.0,199.0,EOD,0,0.0,4.0200000000000005,0.0,17.37,5.195,26.585
74,W2,136.0,0.0,0.0,1502.0,211.0,205.0,EOD,0,0.0,2.72,0.0,17.11,4.22,24.049999999999997
74,R1,199.0,0.0,0.0,273.0,116.0,214.0,EOD,116,116.0,5.97,0.0,0.0,0.0,5.97
74,R2,103.0,0.0,0.0,306.0,72.0,101.0,EOD,72,72.0,3.09,0.0,0.0,0.0,3.09
74,R3,24.0,0.0,0.0,1093.0,240.0,224.0,EOD,240,240.0,0.72,0.0,0.0,0.0,0.72
75,Supplier,0.0,0.0,0.0,0.0,0.0,0.0,EOD,0,0.0,0.0,0.0,0.0,13.44,13.44
75,W1,213.0,0.0,0.0,1335.0,188.0,200.0,EOD,0,0.0,4.26,0.0,16.88,4.12,25.26
75,W2,120.0,0.0,0.0,1489.0,240.0,224.0,EOD,0,0.0,2.4,0.0,17.4,4.8,24.599999999999998
75,R1,181.0,0.0,0.0,262.0,145.0,127.0,EOD,145,145.0,5.43,0.0,0.0,0.0,5.43
75,R2,156.0,0.0,0.0,260.0,65.0,118.0,EOD,65,65.0,4.68,0.0,0.0,0.0,4.68
75,R3,125.0,0.0,0.0,1030.0,202.0,303.0,EOD,202,202.0,3.75,0.0,0.0,0.0,3.75
76,Supplier,0.0,0.0,0.0,0.0,0.0,0.0,EOD,0,0.0,0.0,0.0,0.0,12.84,12.84
76,W1,225.0,0.0,0.0,1301.0,210.0,222.0,EOD,0,0.0,4.5,0.0,17.1,4.525,26.125
76,W2,90.0,0.0,0.0,1557.0,202.0,172.0,EOD,0,0.0,1.8,0.0,17.02,4.04,22.86
76,R1,166.0,0.0,0.0,261.0,161.0,146.0,EOD,161,161.0,4.9799999999999995,0.0,0.0,0.0,4.9799999999999995
76,R2,167.0,0.0,0.0,228.0,86.0,97.0,EOD,86,86.0,5.01,0.0,0.0,0.0,5.01
76,R3,218.0,0.0,0.0,899.0,240.0,333.0,EOD,240,240.0,6.54,0.0,0.0,0.0,6.54
77,Supplier,0.0,0.0,0.0,0.0,0.0,0.0,EOD,0,0.0,0.0,0.0,0.0,12.36,12.36
77,W1,298.0,0.0,0.0,1191.0,247.0,320.0,EOD,0,0.0,5.96,0.0,17.47,5.37,28.8
77,W2,74.0,0.0,0.0,1535.0,240.0,224.0,EOD,0,0.0,1.48,0.0,17.4,4.8,23.68
77,R1,71.0,0.0,0.0,306.0,211.0,116.0,EOD,211,211.0,2.13,0.0,0.0,0.0,2.13
77,R2,112.0,0.0,0.0,223.0,146.0,91.0,EOD,146,146.0,3.36,0.0,0.0,0.0,3.36
77,R3,175.0,0.0,0.0,893.0,289.0,246.0,EOD,289,289.0,5.25,0.0,0.0,0.0,5.25
78,Supplier,0.0,0.0,0.0,0.0,0.0,0.0,EOD,0,0.0,0.0,0.0,0.0,14.61,14.61
78,W1,273.0,0.0,0.0,1106.0,357.0,332.0,EOD,0,0.0,5.46,0.0,18.57,7.87,31.900000000000002
78,W2,88.0,0.0,0.0,1472.0,289.0,303.0,EOD,0,0.0,1.76,0.0,17.89,5.78,25.430000000000003
78,R1,6.0,0.0,0.0,372.0,210.0,145.0,EOD,210,210.0,0.18,0.0,0.0,0.0,0.18
78,R2,60.0,0.0,0.0,297.0,124.0,72.0,EOD,124,124.0,1.7999999999999998,0.0,0.0,0.0,1.7999999999999998
78,R3,83.0,0.0,0.0,971.0,303.0,211.0,EOD,303,303.0,2.4899999999999998,0.0,0.0,0.0,2.4899999999999998
79,Supplier,0.0,0.0,0.0,0.0,0.0,0.0,EOD,0,0.0,0.0,0.0,0.0,19.38,19.38
79,W1,163.0,0.0,0.0,1239.0,334.0,224.0,EOD,0,0.0,3.2600000000000002,0.0,18.34,7.300000000000001,28.900000000000002
79,W2,118.0,0.0,0.0,1428.0,303.0,333.0,EOD,0,0.0,2.36,0.0,18.03,6.0600000000000005,26.450000000000003
79,R1,8.0,0.0,0.0,421.0,159.0,161.0,EOD,159,159.0,0.24,0.0,0.0,0.0,0.24
79,R2,43.0,0.0,0.0,356.0,82.0,65.0,EOD,82,82.0,1.29,0.0,0.0,0.0,1.29
79,R3,108.0,0.0,0.0,1034.0,215.0,240.0,EOD,215,215.0,3.2399999999999998,0.0,0.0,0.0,3.2399999999999998
80,Supplier,0.0,0.0,0.0,0.0,0.0,0.0,EOD,0,0.0,0.0,0.0,0.0,19.11,19.11
80,W1,159.0,0.0,0.0,1336.0,241.0,237.0,EOD,0,0.0,3.18,0.0,17.41,5.23,25.82
80,W2,149.0,0.0,0.0,1485.0,215.0,246.0,EOD,0,0.0,2.98,0.0,17.15,4.3,24.43
80,R1,90.0,0.0,0.0,369.0,129.0,211.0,EOD,129,129.0,2.6999999999999997,0.0,0.0,0.0,2.6999999999999997
80,R2,51.0,0.0,0.0,352.0,78.0,86.0,EOD,78,78.0,1.53,0.0,0.0,0.0,1.53
80,R3,87.0,0.0,0.0,1047.0,223.0,202.0,EOD,223,223.0,2.61,0.0,0.0,0.0,2.61
81,Supplier,0.0,0.0,0.0,0.0,0.0,0.0,EOD,0,0.0,0.0,0.0,0.0,13.68,13.68
81,W1,140.0,0.0,0.0,1389.0,207.0,188.0,EOD,0,0.0,2.8000000000000003,0.0,17.07,4.53,24.400000000000002
81,W2,137.0,0.0,0.0,1489.0,223.0,211.0,EOD,0,0.0,2.74,0.0,17.23,4.46,24.43
81,R1,162.0,0.0,0.0,288.0,138.0,210.0,EOD,138,138.0,4.859999999999999,0.0,0.0,0.0,4.859999999999999
81,R2,113.0,0.0,0.0,284.0,84.0,146.0,EOD,84,84.0,3.3899999999999997,0.0,0.0,0.0,3.3899999999999997
81,R3,85.0,0.0,0.0,1030.0,242.0,240.0,EOD,242,242.0,2.55,0.0,0.0,0.0,2.55
82,Supplier,0.0,0.0,0.0,0.0,0.0,0.0,EOD,0,0.0,0.0,0.0,0.0,12.899999999999999,12.899999999999999
82,W1,128.0,0.0,0.0,1386.0,222.0,210.0,EOD,0,0.0,2.56,0.0,17.22,4.86,24.639999999999997
82,W2,135.0,0.0,0.0,1472.0,242.0,240.0,EOD,0,0.0,2.7,0.0,17.42,4.84,24.96
82,R1,196.0,0.0,0.0,267.0,125.0,159.0,EOD,125,125.0,5.88,0.0,0.0,0.0,5.88
82,R2,167.0,0.0,0.0,244.0,70.0,124.0,EOD,70,70.0,5.01,0.0,0.0,0.0,5.01
82,R3,161.0,0.0,0.0,983.0,213.0,289.0,EOD,213,213.0,4.83,0.0,0.0,0.0,4.83
83,Supplier,0.0,0.0,0.0,0.0,0.0,0.0,EOD,0,0.0,0.0,0.0,0.0,13.92,13.92
83,W1,180.0,0.0,0.0,1361.0,195.0,247.0,EOD,0,0.0,3.6,0.0,16.95,4.25,24.8
83,W2,124.0,0.0,0.0,1512.0,213.0,202.0,EOD,0,0.0,2.48,0.0,17.13,4.26,23.869999999999997
83,R1,130.0,0.0,0.0,263.0,195.0,129.0,EOD,195,195.0,3.9,0.0,0.0,0.0,3.9
83,R2,167.0,0.0,0.0,232.0,82.0,82.0,EOD,82,82.0,5.01,0.0,0.0,0.0,5.01
83,R3,153.0,0.0,0.0,893.0,311.0,303.0,EOD,311,311.0,4.59,0.0,0.0,0.0,4.59
84,Supplier,0.0,0.0,0.0,0.0,0.0,0.0,EOD,0,0.0,0.0,0.0,0.0,12.239999999999998,12.239999999999998
84,W1,260.0,0.0,0.0,1199.0,277.0,357.0,EOD,0,0.0,5.2,0.0,17.77,5.95,28.919999999999998
84,W2,53.0,0.0,0.0,1485.0,311.0,240.0,EOD,0,0.0,1.06,0.0,18.11,6.22,25.389999999999997
84,R1,53.0,0.0,0.0,320.0,215.0,138.0,EOD,215,215.0,1.5899999999999999,0.0,0.0,0.0,1.5899999999999999
84,R2,124.0,0.0,0.0,236.0,121.0,78.0,EOD,121,121.0,3.7199999999999998,0.0,0.0,0.0,3.7199999999999998
84,R3,29.0,0.0,0.0,989.0,339.0,215.0,EOD,339,339.0,0.87,0.0,0.0,0.0,0.87
85,Supplier,0.0,0.0,0.0,0.0,0.0,0.0,EOD,0,0.0,0.0,0.0,0.0,17.64,17.64
85,W1,258.0,0.0,0.0,1142.0,336.0,334.0,EOD,0,0.0,5.16,0.0,18.36,7.325,30.845
85,W2,3.0,0.0,0.0,1507.0,339.0,289.0,EOD,0,0.0,0.06,0.0,18.39,6.78,25.23
85,R1,0.0,47.0,0.0,410.0,225.0,125.0,EOD,225,178.0,0.0,23.5,0.0,0.0,23.5
85,R2,95.0,0.0,0.0,273.0,113.0,84.0,EOD,113,113.0,2.85,0.0,0.0,0.0,2.85
85,R3,0.0,66.0,0.0,1105.0,318.0,223.0,EOD,318,252.0,0.0,33.0,0.0,0.0,33.0
86,Supplier,0.0,0.0,0.0,0.0,0.0,0.0,EOD,0,0.0,0.0,0.0,0.0,20.25,20.25
86,W1,161.0,0.0,0.0,1237.0,338.0,241.0,EOD,0,0.0,3.22,0.0,18.38,7.325,28.924999999999997
86,W2,0.0,0.0,12.0,1543.0,318.0,303.0,EOD,0,0.0,0.0,0.0,18.18,6.12,24.3
86,R1,23.0,0.0,0.0,440.0,125.0,195.0,EOD,125,125.0,0.69,0.0,0.0,0.0,0.69
86,R2,93.0,0.0,0.0,316.0,72.0,70.0,EOD,72,72.0,2.79,0.0,0.0,0.0,2.79
86,R3,0.0,41.0,0.0,1169.0,217.0,242.0,EOD,217,176.0,0.0,20.5,0.0,0.0,20.5
87,Supplier,0.0,0.0,0.0,0.0,0.0,0.0,EOD,0,0.0,0.0,0.0,0.0,19.68,19.68
87,W1,171.0,0.0,0.0,1368.0,197.0,207.0,EOD,0,0.0,3.42,0.0,16.97,4.3,24.69
87,W2,0.0,0.0,14.0,1646.0,217.0,215.0,EOD,0,0.0,0.0,0.0,17.17,4.3,21.470000000000002
87,R1,133.0,0.0,0.0,350.0,105.0,215.0,EOD,105,105.0,3.9899999999999998,0.0,0.0,0.0,3.9899999999999998
87,R2,108.0,0.0,0.0,306.0,67.0,82.0,EOD,67,67.0,3.2399999999999998,0.0,0.0,0.0,3.2399999999999998
87,R3,3.0,0.0,0.0,1171.0,169.0,213.0,EOD,169,169.0,0.09,0.0,0.0,0.0,0.09
88,Supplier,0.0,0.0,0.0,0.0,0.0,0.0,EOD,0,0.0,0.0,0.0,0.0,12.42,12.42
88,W1,221.0,0.0,0.0,1343.0,172.0,222.0,EOD,0,0.0,4.42,0.0,16.72,3.7750000000000004,24.915
88,W2,40.0,0.0,0.0,1640.0,169.0,223.0,EOD,0,0.0,0.8,0.0,16.69,3.66,21.150000000000002
88,R1,222.0,0.0,0.0,230.0,136.0,225.0,EOD,136,136.0,6.66,0.0,0.0,0.0,6.66
88,R2,155.0,0.0,0.0,252.0,74.0,121.0,EOD,74,74.0,4.6499999999999995,0.0,0.0,0.0,4.6499999999999995
88,R3,115.0,0.0,0.0,1043.0,199.0,311.0,EOD,199,199.0,3.4499999999999997,0.0,0.0,0.0,3.4499999999999997
89,Supplier,0.0,0.0,0.0,0.0,0.0,0.0,EOD,0,0.0,0.0,0.0,0.0,10.23,10.23
89,W1,206.0,0.0,0.0,1320.0,210.0,195.0,EOD,0,0.0,4.12,0.0,17.1,4.57,25.790000000000003
89,W2,83.0,0.0,0.0,1567.0,199.0,242.0,EOD,0,0.0,1.6600000000000001,0.0,16.99,3.98,22.63
89,R1,236.0,0.0,0.0,241.0,111.0,125.0,EOD,111,111.0,7.08,0.0,0.0,0.0,7.08
89,R2,206.0,0.0,0.0,213.0,62.0,113.0,EOD,62,62.0,6.18,0.0,0.0,0.0,6.18
89,R3,261.0,0.0,0.0,903.0,193.0,339.0,EOD,193,193.0,7.83,0.0,0.0,0.0,7.83
