t,node_id,on_hand,backlog_external,backlog_children,pipeline_in,orders_to_parent,received,phase,demand,fulfilled_external,holding_cost,backlog_cost,ordering_cost,transport_cost,total_cost
0,Supplier,0.0,0.0,0.0,0.0,0.0,0.0,EOD,0,0.0,0.0,0.0,0.0,0.0,0.0
0,W1,1736.0,0.0,0.0,0.0,0.0,0.0,EOD,0,0.0,34.72,0.0,0.0,0.0,34.72
0,W2,1849.0,0.0,0.0,0.0,0.0,0.0,EOD,0,0.0,36.980000000000004,0.0,0.0,0.0,36.980000000000004
0,R1,433.0,0.0,0.0,0.0,155.0,0.0,EOD,155,155.0,12.99,0.0,0.0,0.0,12.99
0,R2,394.0,0.0,0.0,0.0,87.0,0.0,EOD,87,87.0,11.82,0.0,0.0,0.0,11.82
0,R3,1083.0,0.0,0.0,0.0,274.0,0.0,EOD,274,274.0,32.49,0.0,0.0,0.0,32.49
1,Supplier,0.0,0.0,0.0,0.0,0.0,0.0,EOD,0,0.0,0.0,0.0,0.0,0.0,0.0
1,W1,1736.0,0.0,242.0,0.0,242.0,0.0,EOD,0,0.0,34.72,0.0,17.42,0.0,52.14
1,W2,1575.0,0.0,0.0,0.0,274.0,0.0,EOD,0,0.0,31.5,0.0,17.740000000000002,350.0,399.24
1,R1,312.0,0.0,0.0,0.0,121.0,0.0,EOD,121,121.0,9.36,0.0,0.0,0.0,9.36
1,R2,304.0,0.0,0.0,0.0,90.0,0.0,EOD,90,90.0,9.12,0.0,0.0,0.0,9.12
1,R3,815.0,0.0,0.0,274.0,268.0,0.0,EOD,268,268.0,24.45,0.0,0.0,0.0,24.45
2,Supplier,0.0,0.0,516.0,0.0,0.0,0.0,EOD,0,0.0,0.0,0.0,0.0,0.0,0.0
2,W1,1460.0,0.0,177.0,0.0,211.0,0.0,EOD,0,0.0,29.2,0.0,17.11,350.0,396.31
2,W2,1307.0,0.0,0.0,0.0,268.0,0.0,EOD,0,0.0,26.14,0.0,17.68,350.0,393.82
2,R1,213.0,0.0,0.0,276.0,99.0,0.0,EOD,99,99.0,6.39,0.0,0.0,0.0,6.39
2,R2,228.0,0.0,0.0,0.0,76.0,0.0,EOD,76,76.0,6.84,0.0,0.0,0.0,6.84
2,R3,662.0,0.0,0.0,542.0,153.0,0.0,EOD,153,153.0,19.86,0.0,0.0,0.0,19.86
3,Supplier,0.0,0.0,453.0,0.0,0.0,0.0,EOD,0,0.0,0.0,0.0,0.0,500.0,500.0
3,W1,1207.0,0.0,99.0,0.0,175.0,0.0,EOD,0,0.0,24.14,0.0,16.75,380.0,420.89
3,W2,1307.0,0.0,153.0,542.0,153.0,0.0,EOD,0,0.0,26.14,0.0,16.53,0.0,42.67
3,R1,108.0,0.0,0.0,276.0,105.0,0.0,EOD,105,105.0,3.2399999999999998,0.0,0.0,0.0,3.2399999999999998
3,R2,145.0,0.0,0.0,253.0,83.0,0.0,EOD,83,83.0,4.35,0.0,0.0,0.0,4.35
3,R3,474.0,0.0,0.0,542.0,188.0,0.0,EOD,188,188.0,14.219999999999999,0.0,0.0,0.0,14.219999999999999
4,Supplier,0.0,0.0,153.0,0.0,0.0,0.0,EOD,0,0.0,0.0,0.0,0.0,500.0,500.0
4,W1,1207.0,0.0,287.0,628.0,188.0,0.0,EOD,0,0.0,24.14,0.0,16.88,0.0,41.019999999999996
4,W2,966.0,0.0,0.0,542.0,188.0,0.0,EOD,0,0.0,19.32,0.0,16.88,350.0,386.2
4,R1,292.0,0.0,0.0,0.0,92.0,276.0,EOD,92,92.0,8.76,0.0,0.0,0.0,8.76
4,R2,72.0,0.0,0.0,253.0,73.0,0.0,EOD,73,73.0,2.16,0.0,0.0,0.0,2.16
4,R3,320.0,0.0,0.0,883.0,154.0,0.0,EOD,154,154.0,9.6,0.0,0.0,0.0,9.6
5,Supplier,0.0,0.0,529.0,0.0,0.0,0.0,EOD,0,0.0,0.0,0.0,0.0,0.0,0.0
5,W1,911.0,0.0,156.0,628.0,165.0,0.0,EOD,0,0.0,18.22,0.0,16.65,350.0,384.87
5,W2,966.0,0.0,154.0,542.0,154.0,0.0,EOD,0,0.0,19.32,0.0,16.54,0.0,35.86
5,R1,179.0,0.0,0.0,296.0,113.0,0.0,EOD,113,113.0,5.37,0.0,0.0,0.0,5.37
5,R2,0.0,34.0,0.0,253.0,106.0,0.0,EOD,106,72.0,0.0,17.0,0.0,0.0,17.0
5,R3,383.0,0.0,0.0,609.0,211.0,274.0,EOD,211,211.0,11.49,0.0,0.0,0.0,11.49
6,Supplier,0.0,0.0,848.0,0.0,0.0,0.0,EOD,0,0.0,0.0,0.0,0.0,0.0,0.0
6,W1,649.0,0.0,113.0,628.0,219.0,0.0,EOD,0,0.0,12.98,0.0,17.19,380.0,410.17
6,W2,601.0,0.0,0.0,542.0,211.0,0.0,EOD,0,0.0,12.02,0.0,17.11,350.0,379.13
6,R1,69.0,0.0,0.0,296.0,110.0,0.0,EOD,110,110.0,2.07,0.0,0.0,0.0,2.07
6,R2,128.0,0.0,0.0,262.0,91.0,253.0,EOD,91,91.0,3.84,0.0,0.0,0.0,3.84
6,R3,447.0,0.0,0.0,706.0,204.0,268.0,EOD,204,204.0,13.41,0.0,0.0,0.0,13.41
7,Supplier,0.0,0.0,0.0,0.0,0.0,0.0,EOD,0,0.0,0.0,0.0,0.0,1000.0,1000.0
7,W1,649.0,0.0,314.0,1200.0,201.0,0.0,EOD,0,0.0,12.98,0.0,17.01,0.0,29.990000000000002
7,W2,601.0,0.0,204.0,1248.0,204.0,0.0,EOD,0,0.0,12.02,0.0,17.04,0.0,29.06
7,R1,189.0,0.0,0.0,0.0,176.0,296.0,EOD,176,176.0,5.67,0.0,0.0,0.0,5.67
7,R2,0.0,21.0,0.0,262.0,149.0,0.0,EOD,149,128.0,0.0,10.5,0.0,0.0,10.5
7,R3,148.0,0.0,0.0,706.0,299.0,0.0,EOD,299,299.0,4.4399999999999995,0.0,0.0,0.0,4.4399999999999995
8,Supplier,0.0,0.0,405.0,0.0,0.0,0.0,EOD,0,0.0,0.0,0.0,0.0,0.0,0.0
8,W1,250.0,0.0,240.0,1200.0,325.0,0.0,EOD,0,0.0,5.0,0.0,18.25,350.0,373.25
8,W2,98.0,0.0,0.0,1248.0,299.0,0.0,EOD,0,0.0,1.96,0.0,17.990000000000002,600.0,619.95
8,R1,24.0,0.0,0.0,399.0,165.0,0.0,EOD,165,165.0,0.72,0.0,0.0,0.0,0.72
8,R2,0.0,117.0,0.0,262.0,96.0,0.0,EOD,96,0.0,0.0,58.5,0.0,0.0,58.5
8,R3,213.0,0.0,0.0,868.0,276.0,341.0,EOD,276,276.0,6.39,0.0,0.0,0.0,6.39
9,Supplier,0.0,0.0,0.0,0.0,0.0,0.0,EOD,0,0.0,0.0,0.0,0.0,1000.0,1000.0
9,W1,542.0,0.0,165.0,1098.0,261.0,628.0,EOD,0,0.0,10.84,0.0,17.61,380.0,408.45
9,W2,364.0,0.0,0.0,1209.0,276.0,542.0,EOD,0,0.0,7.28,0.0,17.76,350.0,375.04
9,R1,0.0,71.0,0.0,399.0,95.0,0.0,EOD,95,24.0,0.0,35.5,0.0,0.0,35.5
9,R2,32.0,0.0,0.0,336.0,113.0,262.0,EOD,113,113.0,0.96,0.0,0.0,0.0,0.96
9,R3,0.0,11.0,0.0,1144.0,224.0,0.0,EOD,224,213.0,0.0,5.5,0.0,0.0,5.5
10,Supplier,0.0,0.0,537.0,0.0,0.0,0.0,EOD,0,0.0,0.0,0.0,0.0,0.0,0.0
10,W1,282.0,0.0,113.0,1098.0,208.0,0.0,EOD,0,0.0,5.64,0.0,17.08,350.0,372.72
10,W2,364.0,0.0,224.0,1209.0,224.0,0.0,EOD,0,0.0,7.28,0.0,17.240000000000002,0.0,24.520000000000003
10,R1,232.0,0.0,0.0,260.0,96.0,399.0,EOD,96,96.0,6.96,0.0,0.0,0.0,6.96
10,R2,0.0,74.0,0.0,336.0,106.0,0.0,EOD,106,32.0,0.0,37.0,0.0,0.0,37.0
10,R3,170.0,0.0,0.0,779.0,184.0,365.0,EOD,184,184.0,5.1,0.0,0.0,0.0,5.1
11,Supplier,0.0,0.0,469.0,0.0,0.0,0.0,EOD,0,0.0,0.0,0.0,0.0,500.0,500.0
11,W1,282.0,0.0,315.0,1098.0,202.0,0.0,EOD,0,0.0,5.64,0.0,17.02,0.0,22.66
11,W2,0.0,0.0,44.0,1709.0,184.0,0.0,EOD,0,0.0,0.0,0.0,16.84,350.0,366.84
11,R1,125.0,0.0,0.0,260.0,107.0,0.0,EOD,107,107.0,3.75,0.0,0.0,0.0,3.75
11,R2,0.0,172.0,0.0,336.0,98.0,0.0,EOD,98,0.0,0.0,86.0,0.0,0.0,86.0
11,R3,0.0,16.0,0.0,1143.0,186.0,0.0,EOD,186,170.0,0.0,8.0,0.0,0.0,8.0
12,Supplier,0.0,0.0,184.0,0.0,0.0,0.0,EOD,0,0.0,0.0,0.0,0.0,500.0,500.0
12,W1,537.0,0.0,203.0,1197.0,205.0,572.0,EOD,0,0.0,10.74,0.0,17.05,380.0,407.79
12,W2,0.0,0.0,230.0,1709.0,186.0,0.0,EOD,0,0.0,0.0,0.0,16.86,0.0,16.86
12,R1,266.0,0.0,0.0,0.0,119.0,260.0,EOD,119,119.0,7.9799999999999995,0.0,0.0,0.0,7.9799999999999995
12,R2,71.0,0.0,0.0,317.0,93.0,336.0,EOD,93,93.0,2.13,0.0,0.0,0.0,2.13
12,R3,330.0,0.0,0.0,640.0,157.0,503.0,EOD,157,157.0,9.9,0.0,0.0,0.0,9.9
13,Supplier,0.0,0.0,575.0,0.0,0.0,0.0,EOD,0,0.0,0.0,0.0,0.0,0.0,0.0
13,W1,215.0,0.0,93.0,1197.0,212.0,0.0,EOD,0,0.0,4.3,0.0,17.12,350.0,371.42
13,W2,319.0,0.0,0.0,1003.0,157.0,706.0,EOD,0,0.0,6.38,0.0,16.57,350.0,372.95
13,R1,106.0,0.0,0.0,322.0,160.0,0.0,EOD,160,160.0,3.1799999999999997,0.0,0.0,0.0,3.1799999999999997
13,R2,0.0,47.0,0.0,317.0,118.0,0.0,EOD,118,71.0,0.0,23.5,0.0,0.0,23.5
13,R3,355.0,0.0,0.0,751.0,251.0,276.0,EOD,251,251.0,10.65,0.0,0.0,0.0,10.65
14,Supplier,0.0,0.0,417.0,0.0,0.0,0.0,EOD,0,0.0,0.0,0.0,0.0,500.0,500.0
14,W1,741.0,0.0,371.0,671.0,278.0,526.0,EOD,0,0.0,14.82,0.0,17.78,0.0,32.6
14,W2,68.0,0.0,0.0,1530.0,251.0,0.0,EOD,0,0.0,1.36,0.0,17.51,350.0,368.87
14,R1,0.0,118.0,0.0,322.0,224.0,0.0,EOD,224,106.0,0.0,59.0,0.0,0.0,59.0
14,R2,0.0,189.0,0.0,317.0,142.0,0.0,EOD,142,0.0,0.0,94.5,0.0,0.0,94.5
14,R3,8.0,0.0,0.0,1002.0,347.0,0.0,EOD,347,347.0,0.24,0.0,0.0,0.0,0.24
15,Supplier,0.0,0.0,251.0,0.0,0.0,0.0,EOD,0,0.0,0.0,0.0,0.0,500.0,500.0
15,W1,4.0,0.0,0.0,1366.0,366.0,0.0,EOD,0,0.0,0.08,0.0,18.66,730.0,748.74
15,W2,224.0,0.0,0.0,1027.0,347.0,503.0,EOD,0,0.0,4.48,0.0,18.47,350.0,372.95
15,R1,0.0,22.0,0.0,384.0,226.0,322.0,EOD,226,204.0,0.0,11.0,0.0,0.0,11.0
15,R2,0.0,27.0,0.0,353.0,155.0,317.0,EOD,155,128.0,0.0,13.5,0.0,0.0,13.5
15,R3,40.0,0.0,0.0,985.0,332.0,364.0,EOD,332,332.0,1.2,0.0,0.0,0.0,1.2
16,Supplier,0.0,0.0,366.0,0.0,0.0,0.0,EOD,0,0.0,0.0,0.0,0.0,500.0,500.0
16,W1,4.0,0.0,381.0,1366.0,381.0,0.0,EOD,0,0.0,0.08,0.0,18.81,0.0,18.889999999999997
16,W2,224.0,0.0,332.0,1625.0,332.0,0.0,EOD,0,0.0,4.48,0.0,18.32,0.0,22.8
16,R1,0.0,164.0,0.0,384.0,142.0,0.0,EOD,142,0.0,0.0,82.0,0.0,0.0,82.0
16,R2,0.0,120.0,0.0,353.0,93.0,0.0,EOD,93,0.0,0.0,60.0,0.0,0.0,60.0
16,R3,0.0,177.0,0.0,985.0,217.0,0.0,EOD,217,40.0,0.0,88.5,0.0,0.0,88.5
17,Supplier,0.0,0.0,332.0,0.0,0.0,0.0,EOD,0,0.0,0.0,0.0,0.0,500.0,500.0
17,W1,307.0,0.0,248.0,1442.0,235.0,671.0,EOD,0,0.0,6.140000000000001,0.0,17.35,350.0,373.49
17,W2,175.0,0.0,0.0,1125.0,217.0,500.0,EOD,0,0.0,3.5,0.0,17.17,600.0,620.67
17,R1,87.0,0.0,0.0,368.0,133.0,384.0,EOD,133,133.0,2.61,0.0,0.0,0.0,2.61
17,R2,0.0,203.0,0.0,353.0,83.0,0.0,EOD,83,0.0,0.0,101.5,0.0,0.0,101.5
17,R3,0.0,36.0,0.0,1147.0,246.0,387.0,EOD,246,210.0,0.0,18.0,0.0,0.0,18.0
18,Supplier,0.0,0.0,235.0,0.0,0.0,0.0,EOD,0,0.0,0.0,0.0,0.0,500.0,500.0
18,W1,0.0,0.0,157.0,1442.0,216.0,0.0,EOD,0,0.0,0.0,0.0,17.16,380.0,397.16
18,W2,175.0,0.0,246.0,1674.0,246.0,0.0,EOD,0,0.0,3.5,0.0,17.46,0.0,20.96
18,R1,0.0,39.0,0.0,368.0,126.0,0.0,EOD,126,87.0,0.0,19.5,0.0,0.0,19.5
18,R2,73.0,0.0,0.0,307.0,77.0,353.0,EOD,77,77.0,2.19,0.0,0.0,0.0,2.19
18,R3,33.0,0.0,0.0,896.0,182.0,251.0,EOD,182,182.0,0.99,0.0,0.0,0.0,0.99
19,Supplier,0.0,0.0,697.0,0.0,0.0,0.0,EOD,0,0.0,0.0,0.0,0.0,0.0,0.0
19,W1,0.0,0.0,360.0,1442.0,203.0,0.0,EOD,0,0.0,0.0,0.0,17.03,0.0,17.03
19,W2,175.0,0.0,428.0,1674.0,182.0,0.0,EOD,0,0.0,3.5,0.0,16.82,0.0,20.32
19,R1,194.0,0.0,0.0,0.0,135.0,368.0,EOD,135,135.0,5.819999999999999,0.0,0.0,0.0,5.819999999999999
19,R2,0.0,4.0,0.0,307.0,77.0,0.0,EOD,77,73.0,0.0,2.0,0.0,0.0,2.0
19,R3,193.0,0.0,0.0,549.0,187.0,347.0,EOD,187,187.0,5.79,0.0,0.0,0.0,5.79
20,Supplier,0.0,0.0,428.0,0.0,0.0,0.0,EOD,0,0.0,0.0,0.0,0.0,500.0,500.0
20,W1,301.0,0.0,178.0,1401.0,212.0,695.0,EOD,0,0.0,6.0200000000000005,0.0,17.12,350.0,373.14
20,W2,87.0,0.0,0.0,1147.0,187.0,527.0,EOD,0,0.0,1.74,0.0,16.87,600.0,618.61
20,R1,40.0,0.0,0.0,394.0,154.0,0.0,EOD,154,154.0,1.2,0.0,0.0,0.0,1.2
20,R2,0.0,91.0,0.0,307.0,87.0,0.0,EOD,87,0.0,0.0,45.5,0.0,0.0,45.5
20,R3,0.0,55.0,0.0,1164.0,248.0,0.0,EOD,248,193.0,0.0,27.5,0.0,0.0,27.5
21,Supplier,0.0,0.0,212.0,0.0,0.0,0.0,EOD,0,0.0,0.0,0.0,0.0,500.0,500.0
21,W1,36.0,0.0,154.0,1401.0,241.0,0.0,EOD,0,0.0,0.72,0.0,17.41,380.0,398.13
21,W2,87.0,0.0,248.0,1762.0,248.0,0.0,EOD,0,0.0,1.74,0.0,17.48,0.0,19.22
21,R1,0.0,164.0,0.0,394.0,204.0,0.0,EOD,204,40.0,0.0,82.0,0.0,0.0,82.0
21,R2,116.0,0.0,0.0,265.0,100.0,307.0,EOD,100,100.0,3.48,0.0,0.0,0.0,3.48
21,R3,190.0,0.0,0.0,615.0,304.0,549.0,EOD,304,304.0,5.7,0.0,0.0,0.0,5.7
22,Supplier,0.0,0.0,701.0,0.0,0.0,0.0,EOD,0,0.0,0.0,0.0,0.0,0.0,0.0
22,W1,425.0,0.0,100.0,654.0,304.0,747.0,EOD,0,0.0,8.5,0.0,18.04,350.0,376.54
22,W2,133.0,0.0,0.0,1164.0,304.0,598.0,EOD,0,0.0,2.66,0.0,18.04,600.0,620.7
22,R1,46.0,0.0,0.0,358.0,184.0,394.0,EOD,184,184.0,1.38,0.0,0.0,0.0,1.38
22,R2,8.0,0.0,0.0,265.0,108.0,0.0,EOD,108,108.0,0.24,0.0,0.0,0.0,0.24
22,R3,0.0,82.0,0.0,1167.0,272.0,0.0,EOD,272,190.0,0.0,41.0,0.0,0.0,41.0
23,Supplier,0.0,0.0,0.0,0.0,0.0,0.0,EOD,0,0.0,0.0,0.0,0.0,1000.0,1000.0
23,W1,425.0,0.0,392.0,1411.0,292.0,0.0,EOD,0,0.0,8.5,0.0,17.92,0.0,26.42
23,W2,133.0,0.0,272.0,1716.0,272.0,0.0,EOD,0,0.0,2.66,0.0,17.72,0.0,20.38
23,R1,0.0,71.0,0.0,358.0,117.0,0.0,EOD,117,46.0,0.0,35.5,0.0,0.0,35.5
23,R2,0.0,81.0,0.0,265.0,89.0,0.0,EOD,89,8.0,0.0,40.5,0.0,0.0,40.5
23,R3,0.0,254.0,0.0,1167.0,172.0,0.0,EOD,172,0.0,0.0,127.0,0.0,0.0,127.0
24,Supplier,0.0,0.0,564.0,0.0,0.0,0.0,EOD,0,0.0,0.0,0.0,0.0,0.0,0.0
24,W1,128.0,0.0,301.0,1411.0,206.0,0.0,EOD,0,0.0,2.56,0.0,17.06,380.0,399.62
24,W2,238.0,0.0,0.0,1167.0,172.0,549.0,EOD,0,0.0,4.76,0.0,16.72,350.0,371.48
24,R1,148.0,0.0,0.0,0.0,139.0,358.0,EOD,139,139.0,4.4399999999999995,0.0,0.0,0.0,4.4399999999999995
24,R2,101.0,0.0,0.0,297.0,83.0,265.0,EOD,83,83.0,3.03,0.0,0.0,0.0,3.03
24,R3,149.0,0.0,0.0,996.0,212.0,615.0,EOD,212,212.0,4.47,0.0,0.0,0.0,4.47
25,Supplier,0.0,0.0,942.0,0.0,0.0,0.0,EOD,0,0.0,0.0,0.0,0.0,0.0,0.0
25,W1,342.0,0.0,83.0,757.0,222.0,654.0,EOD,0,0.0,6.84,0.0,17.22,350.0,374.06
25,W2,238.0,0.0,212.0,1167.0,212.0,0.0,EOD,0,0.0,4.76,0.0,17.12,0.0,21.880000000000003
25,R1,22.0,0.0,0.0,440.0,126.0,0.0,EOD,126,126.0,0.6599999999999999,0.0,0.0,0.0,0.6599999999999999
25,R2,35.0,0.0,0.0,297.0,66.0,0.0,EOD,66,66.0,1.05,0.0,0.0,0.0,1.05
25,R3,0.0,56.0,0.0,996.0,205.0,0.0,EOD,205,149.0,0.0,28.0,0.0,0.0,28.0
26,Supplier,0.0,0.0,0.0,0.0,0.0,0.0,EOD,0,0.0,0.0,0.0,0.0,1000.0,1000.0
26,W1,342.0,0.0,275.0,1477.0,192.0,0.0,EOD,0,0.0,6.84,0.0,16.92,0.0,23.76
26,W2,238.0,0.0,417.0,1823.0,205.0,0.0,EOD,0,0.0,4.76,0.0,17.05,0.0,21.810000000000002
26,R1,0.0,98.0,0.0,440.0,120.0,0.0,EOD,120,22.0,0.0,49.0,0.0,0.0,49.0
26,R2,0.0,36.0,0.0,297.0,71.0,0.0,EOD,71,35.0,0.0,18.0,0.0,0.0,18.0
26,R3,306.0,0.0,0.0,444.0,190.0,552.0,EOD,190,190.0,9.18,0.0,0.0,0.0,9.18
27,Supplier,0.0,0.0,397.0,0.0,0.0,0.0,EOD,0,0.0,0.0,0.0,0.0,0.0,0.0
27,W1,342.0,0.0,466.0,1477.0,191.0,0.0,EOD,0,0.0,6.84,0.0,16.91,0.0,23.75
27,W2,246.0,0.0,0.0,1208.0,190.0,615.0,EOD,0,0.0,4.92,0.0,16.9,600.0,621.82
27,R1,186.0,0.0,0.0,0.0,156.0,440.0,EOD,156,156.0,5.58,0.0,0.0,0.0,5.58
27,R2,162.0,0.0,0.0,0.0,99.0,297.0,EOD,99,99.0,4.859999999999999,0.0,0.0,0.0,4.859999999999999
27,R3,73.0,0.0,0.0,1051.0,233.0,0.0,EOD,233,233.0,2.19,0.0,0.0,0.0,2.19
28,Supplier,0.0,0.0,778.0,0.0,0.0,0.0,EOD,0,0.0,0.0,0.0,0.0,0.0,0.0
28,W1,378.0,0.0,0.0,720.0,255.0,757.0,EOD,0,0.0,7.5600000000000005,0.0,17.55,730.0,755.11
28,W2,246.0,0.0,233.0,1208.0,233.0,0.0,EOD,0,0.0,4.92,0.0,17.33,0.0,22.25
28,R1,21.0,0.0,0.0,402.0,165.0,0.0,EOD,165,165.0,0.63,0.0,0.0,0.0,0.63
28,R2,64.0,0.0,0.0,319.0,98.0,0.0,EOD,98,98.0,1.92,0.0,0.0,0.0,1.92
28,R3,212.0,0.0,0.0,607.0,305.0,444.0,EOD,305,305.0,6.359999999999999,0.0,0.0,0.0,6.359999999999999
29,Supplier,0.0,0.0,0.0,0.0,0.0,0.0,EOD,0,0.0,0.0,0.0,0.0,1000.0,1000.0
29,W1,378.0,0.0,263.0,1358.0,263.0,0.0,EOD,0,0.0,7.5600000000000005,0.0,17.63,0.0,25.189999999999998
29,W2,260.0,0.0,0.0,1284.0,305.0,552.0,EOD,0,0.0,5.2,0.0,18.05,600.0,623.25
29,R1,0.0,173.0,0.0,402.0,194.0,0.0,EOD,194,21.0,0.0,86.5,0.0,0.0,86.5
29,R2,0.0,13.0,0.0,319.0,77.0,0.0,EOD,77,64.0,0.0,6.5,0.0,0.0,6.5
29,R3,0.0,85.0,0.0,1145.0,297.0,0.0,EOD,297,212.0,0.0,42.5,0.0,0.0,42.5
30,Supplier,0.0,0.0,568.0,0.0,0.0,0.0,EOD,0,0.0,0.0,0.0,0.0,0.0,0.0
30,W1,19.0,0.0,175.0,1358.0,271.0,0.0,EOD,0,0.0,0.38,0.0,17.71,350.0,368.09
30,W2,0.0,0.0,37.0,1284.0,297.0,0.0,EOD,0,0.0,0.0,0.0,17.97,350.0,367.97
30,R1,110.0,0.0,0.0,359.0,119.0,402.0,EOD,119,119.0,3.3,0.0,0.0,0.0,3.3
30,R2,0.0,83.0,0.0,319.0,70.0,0.0,EOD,70,0.0,0.0,41.5,0.0,0.0,41.5
30,R3,0.0,253.0,0.0,1405.0,168.0,0.0,EOD,168,0.0,0.0,126.5,0.0,0.0,126.5
31,Supplier,0.0,0.0,0.0,0.0,0.0,0.0,EOD,0,0.0,0.0,0.0,0.0,1000.0,1000.0
31,W1,739.0,0.0,364.0,1172.0,189.0,720.0,EOD,0,0.0,14.780000000000001,0.0,16.89,0.0,31.67
31,W2,0.0,0.0,205.0,1886.0,168.0,0.0,EOD,0,0.0,0.0,0.0,16.68,0.0,16.68
31,R1,0.0,13.0,0.0,359.0,123.0,0.0,EOD,123,110.0,0.0,6.5,0.0,0.0,6.5
31,R2,153.0,0.0,0.0,0.0,83.0,319.0,EOD,83,83.0,4.59,0.0,0.0,0.0,4.59
31,R3,112.0,0.0,0.0,798.0,242.0,607.0,EOD,242,242.0,3.36,0.0,0.0,0.0,3.36
32,Supplier,0.0,0.0,357.0,0.0,0.0,0.0,EOD,0,0.0,0.0,0.0,0.0,0.0,0.0
32,W1,411.0,0.0,242.0,1172.0,206.0,0.0,EOD,0,0.0,8.22,0.0,17.06,380.0,405.28
32,W2,209.0,0.0,0.0,1230.0,242.0,656.0,EOD,0,0.0,4.18,0.0,17.42,350.0,371.6
32,R1,219.0,0.0,0.0,0.0,127.0,359.0,EOD,127,127.0,6.569999999999999,0.0,0.0,0.0,6.569999999999999
32,R2,72.0,0.0,0.0,328.0,81.0,0.0,EOD,81,81.0,2.16,0.0,0.0,0.0,2.16
32,R3,0.0,96.0,0.0,1245.0,208.0,0.0,EOD,208,112.0,0.0,48.0,0.0,0.0,48.0
33,Supplier,0.0,0.0,805.0,0.0,0.0,0.0,EOD,0,0.0,0.0,0.0,0.0,0.0,0.0
33,W1,42.0,0.0,81.0,1172.0,208.0,0.0,EOD,0,0.0,0.84,0.0,17.08,350.0,367.92
33,W2,209.0,0.0,208.0,1230.0,208.0,0.0,EOD,0,0.0,4.18,0.0,17.08,0.0,21.259999999999998
33,R1,70.0,0.0,0.0,369.0,149.0,0.0,EOD,149,149.0,2.1,0.0,0.0,0.0,2.1
33,R2,0.0,30.0,0.0,328.0,102.0,0.0,EOD,102,72.0,0.0,15.0,0.0,0.0,15.0
33,R3,239.0,0.0,0.0,707.0,203.0,538.0,EOD,203,203.0,7.17,0.0,0.0,0.0,7.17
34,Supplier,0.0,0.0,0.0,0.0,0.0,0.0,EOD,0,0.0,0.0,0.0,0.0,1000.0,1000.0
34,W1,680.0,0.0,332.0,1137.0,251.0,638.0,EOD,0,0.0,13.6,0.0,17.51,0.0,31.11
34,W2,209.0,0.0,411.0,1848.0,203.0,0.0,EOD,0,0.0,4.18,0.0,17.03,0.0,21.21
34,R1,0.0,96.0,0.0,369.0,166.0,0.0,EOD,166,70.0,0.0,48.0,0.0,0.0,48.0
34,R2,0.0,122.0,0.0,328.0,92.0,0.0,EOD,92,0.0,0.0,61.0,0.0,0.0,61.0
34,R3,249.0,0.0,0.0,447.0,250.0,260.0,EOD,250,250.0,7.47,0.0,0.0,0.0,7.47
35,Supplier,0.0,0.0,454.0,0.0,0.0,0.0,EOD,0,0.0,0.0,0.0,0.0,0.0,0.0
35,W1,90.0,0.0,0.0,1137.0,258.0,0.0,EOD,0,0.0,1.8,0.0,17.58,730.0,749.38
35,W2,176.0,0.0,0.0,1220.0,250.0,628.0,EOD,0,0.0,3.52,0.0,17.5,600.0,621.02
35,R1,93.0,0.0,0.0,315.0,180.0,369.0,EOD,180,180.0,2.79,0.0,0.0,0.0,2.79
35,R2,68.0,0.0,0.0,275.0,138.0,328.0,EOD,138,138.0,2.04,0.0,0.0,0.0,2.04
35,R3,0.0,51.0,0.0,1108.0,300.0,0.0,EOD,300,249.0,0.0,25.5,0.0,0.0,25.5
36,Supplier,0.0,0.0,453.0,0.0,0.0,0.0,EOD,0,0.0,0.0,0.0,0.0,500.0,500.0
36,W1,624.0,0.0,318.0,1112.0,318.0,534.0,EOD,0,0.0,12.48,0.0,18.18,0.0,30.66
36,W2,176.0,0.0,300.0,1220.0,300.0,0.0,EOD,0,0.0,3.52,0.0,18.0,0.0,21.52
36,R1,0.0,86.0,0.0,315.0,179.0,0.0,EOD,179,93.0,0.0,43.0,0.0,0.0,43.0
36,R2,0.0,57.0,0.0,275.0,125.0,0.0,EOD,125,68.0,0.0,28.5,0.0,0.0,28.5
36,R3,83.0,0.0,0.0,661.0,313.0,447.0,EOD,313,313.0,2.4899999999999998,0.0,0.0,0.0,2.4899999999999998
37,Supplier,0.0,0.0,318.0,0.0,0.0,0.0,EOD,0,0.0,0.0,0.0,0.0,500.0,500.0
37,W1,2.0,0.0,0.0,1112.0,304.0,0.0,EOD,0,0.0,0.04,0.0,18.04,730.0,748.08
37,W2,165.0,0.0,0.0,1371.0,313.0,602.0,EOD,0,0.0,3.3000000000000003,0.0,18.13,600.0,621.43
37,R1,129.0,0.0,0.0,359.0,100.0,315.0,EOD,100,100.0,3.8699999999999997,0.0,0.0,0.0,3.8699999999999997
37,R2,0.0,142.0,0.0,538.0,85.0,0.0,EOD,85,0.0,0.0,71.0,0.0,0.0,71.0
37,R3,0.0,142.0,0.0,1274.0,225.0,0.0,EOD,225,83.0,0.0,71.0,0.0,0.0,71.0
38,Supplier,0.0,0.0,313.0,0.0,0.0,0.0,EOD,0,0.0,0.0,0.0,0.0,500.0,500.0
38,W1,2.0,0.0,185.0,1734.0,185.0,0.0,EOD,0,0.0,0.04,0.0,16.85,0.0,16.89
38,W2,165.0,0.0,225.0,1371.0,225.0,0.0,EOD,0,0.0,3.3000000000000003,0.0,17.25,0.0,20.55
38,R1,12.0,0.0,0.0,359.0,117.0,0.0,EOD,117,117.0,0.36,0.0,0.0,0.0,0.36
38,R2,25.0,0.0,0.0,263.0,108.0,275.0,EOD,108,108.0,0.75,0.0,0.0,0.0,0.75
38,R3,0.0,348.0,0.0,1274.0,206.0,0.0,EOD,206,0.0,0.0,174.0,0.0,0.0,174.0
39,Supplier,0.0,0.0,185.0,0.0,0.0,0.0,EOD,0,0.0,0.0,0.0,0.0,500.0,500.0
39,W1,605.0,0.0,410.0,1131.0,225.0,603.0,EOD,0,0.0,12.1,0.0,17.25,0.0,29.35
39,W2,165.0,0.0,431.0,1909.0,206.0,0.0,EOD,0,0.0,3.3000000000000003,0.0,17.06,0.0,20.36
39,R1,235.0,0.0,0.0,0.0,136.0,359.0,EOD,136,136.0,7.05,0.0,0.0,0.0,7.05
39,R2,0.0,59.0,0.0,263.0,84.0,0.0,EOD,84,25.0,0.0,29.5,0.0,0.0,29.5
39,R3,117.0,0.0,0.0,613.0,196.0,661.0,EOD,196,196.0,3.51,0.0,0.0,0.0,3.51
40,Supplier,0.0,0.0,616.0,0.0,0.0,0.0,EOD,0,0.0,0.0,0.0,0.0,0.0,0.0
40,W1,0.0,0.0,25.0,1131.0,220.0,0.0,EOD,0,0.0,0.0,0.0,17.2,730.0,747.2
40,W2,156.0,0.0,0.0,1291.0,196.0,618.0,EOD,0,0.0,3.12,0.0,16.96,600.0,620.08
40,R1,112.0,0.0,0.0,328.0,123.0,0.0,EOD,123,123.0,3.36,0.0,0.0,0.0,3.36
40,R2,113.0,0.0,0.0,277.0,91.0,263.0,EOD,91,91.0,3.3899999999999997,0.0,0.0,0.0,3.3899999999999997
40,R3,0.0,109.0,0.0,1240.0,226.0,0.0,EOD,226,117.0,0.0,54.5,0.0,0.0,54.5
41,Supplier,0.0,0.0,402.0,0.0,0.0,0.0,EOD,0,0.0,0.0,0.0,0.0,500.0,500.0
41,W1,509.0,0.0,239.0,1252.0,214.0,509.0,EOD,0,0.0,10.18,0.0,17.14,0.0,27.32
41,W2,156.0,0.0,226.0,1291.0,226.0,0.0,EOD,0,0.0,3.12,0.0,17.26,0.0,20.380000000000003
41,R1,0.0,39.0,0.0,328.0,151.0,0.0,EOD,151,112.0,0.0,19.5,0.0,0.0,19.5
41,R2,31.0,0.0,0.0,277.0,82.0,0.0,EOD,82,82.0,0.9299999999999999,0.0,0.0,0.0,0.9299999999999999
41,R3,270.0,0.0,0.0,627.0,234.0,613.0,EOD,234,234.0,8.1,0.0,0.0,0.0,8.1
42,Supplier,0.0,0.0,214.0,0.0,0.0,0.0,EOD,0,0.0,0.0,0.0,0.0,500.0,500.0
42,W1,210.0,0.0,173.0,1252.0,233.0,0.0,EOD,0,0.0,4.2,0.0,17.33,350.0,371.53
42,W2,156.0,0.0,460.0,1919.0,234.0,0.0,EOD,0,0.0,3.12,0.0,17.34,0.0,20.46
42,R1,109.0,0.0,0.0,299.0,180.0,328.0,EOD,180,180.0,3.27,0.0,0.0,0.0,3.27
42,R2,0.0,69.0,0.0,277.0,100.0,0.0,EOD,100,31.0,0.0,34.5,0.0,0.0,34.5
42,R3,0.0,75.0,0.0,627.0,345.0,0.0,EOD,345,270.0,0.0,37.5,0.0,0.0,37.5
43,Supplier,0.0,0.0,681.0,0.0,0.0,0.0,EOD,0,0.0,0.0,0.0,0.0,0.0,0.0
43,W1,559.0,0.0,180.0,630.0,280.0,622.0,EOD,0,0.0,11.18,0.0,17.8,380.0,408.98
43,W2,104.0,0.0,0.0,1166.0,345.0,753.0,EOD,0,0.0,2.08,0.0,18.45,600.0,620.53
43,R1,0.0,67.0,0.0,299.0,176.0,0.0,EOD,176,109.0,0.0,33.5,0.0,0.0,33.5
43,R2,124.0,0.0,0.0,273.0,84.0,277.0,EOD,84,84.0,3.7199999999999998,0.0,0.0,0.0,3.7199999999999998
43,R3,0.0,371.0,0.0,1432.0,296.0,0.0,EOD,296,0.0,0.0,185.5,0.0,0.0,185.5
44,Supplier,0.0,0.0,0.0,0.0,0.0,0.0,EOD,0,0.0,0.0,0.0,0.0,1000.0,1000.0
44,W1,203.0,0.0,84.0,1357.0,260.0,0.0,EOD,0,0.0,4.0600000000000005,0.0,17.6,350.0,371.66
44,W2,104.0,0.0,296.0,1745.0,296.0,0.0,EOD,0,0.0,2.08,0.0,17.96,0.0,20.04
44,R1,113.0,0.0,0.0,356.0,119.0,299.0,EOD,119,119.0,3.3899999999999997,0.0,0.0,0.0,3.3899999999999997
44,R2,30.0,0.0,0.0,273.0,94.0,0.0,EOD,94,94.0,0.8999999999999999,0.0,0.0,0.0,0.8999999999999999
44,R3,56.0,0.0,0.0,805.0,200.0,627.0,EOD,200,200.0,1.68,0.0,0.0,0.0,1.68
45,Supplier,0.0,0.0,556.0,0.0,0.0,0.0,EOD,0,0.0,0.0,0.0,0.0,0.0,0.0
45,W1,203.0,0.0,297.0,1357.0,213.0,0.0,EOD,0,0.0,4.0600000000000005,0.0,17.13,0.0,21.189999999999998
45,W2,146.0,0.0,0.0,1207.0,200.0,538.0,EOD,0,0.0,2.92,0.0,17.0,350.0,369.92
45,R1,0.0,3.0,0.0,356.0,116.0,0.0,EOD,116,113.0,0.0,1.5,0.0,0.0,1.5
45,R2,0.0,47.0,0.0,273.0,77.0,0.0,EOD,77,30.0,0.0,23.5,0.0,0.0,23.5
45,R3,0.0,201.0,0.0,1301.0,257.0,0.0,EOD,257,56.0,0.0,100.5,0.0,0.0,100.5
46,Supplier,0.0,0.0,969.0,0.0,0.0,0.0,EOD,0,0.0,0.0,0.0,0.0,0.0,0.0
46,W1,578.0,0.0,235.0,727.0,193.0,630.0,EOD,0,0.0,11.56,0.0,16.93,380.0,408.49
46,W2,146.0,0.0,257.0,1207.0,257.0,0.0,EOD,0,0.0,2.92,0.0,17.57,0.0,20.490000000000002
46,R1,234.0,0.0,0.0,0.0,119.0,356.0,EOD,119,119.0,7.02,0.0,0.0,0.0,7.02
46,R2,159.0,0.0,0.0,255.0,67.0,273.0,EOD,67,67.0,4.77,0.0,0.0,0.0,4.77
46,R3,0.0,410.0,0.0,1301.0,209.0,0.0,EOD,209,0.0,0.0,205.0,0.0,0.0,205.0
47,Supplier,0.0,0.0,0.0,0.0,0.0,0.0,EOD,0,0.0,0.0,0.0,0.0,1000.0,1000.0
47,W1,224.0,0.0,67.0,1393.0,186.0,0.0,EOD,0,0.0,4.48,0.0,16.86,350.0,371.34
47,W2,146.0,0.0,466.0,1960.0,209.0,0.0,EOD,0,0.0,2.92,0.0,17.09,0.0,20.009999999999998
47,R1,100.0,0.0,0.0,354.0,134.0,0.0,EOD,134,134.0,3.0,0.0,0.0,0.0,3.0
47,R2,62.0,0.0,0.0,255.0,97.0,0.0,EOD,97,97.0,1.8599999999999999,0.0,0.0,0.0,1.8599999999999999
47,R3,166.0,0.0,0.0,496.0,229.0,805.0,EOD,229,229.0,4.9799999999999995,0.0,0.0,0.0,4.9799999999999995
48,Supplier,0.0,0.0,395.0,0.0,0.0,0.0,EOD,0,0.0,0.0,0.0,0.0,0.0,0.0
48,W1,224.0,0.0,298.0,1393.0,231.0,0.0,EOD,0,0.0,4.48,0.0,17.31,0.0,21.79
48,W2,79.0,0.0,0.0,1332.0,229.0,628.0,EOD,0,0.0,1.58,0.0,17.29,600.0,618.87
48,R1,0.0,21.0,0.0,354.0,121.0,0.0,EOD,121,100.0,0.0,10.5,0.0,0.0,10.5
48,R2,0.0,22.0,0.0,255.0,84.0,0.0,EOD,84,62.0,0.0,11.0,0.0,0.0,11.0
48,R3,0.0,62.0,0.0,1191.0,228.0,0.0,EOD,228,166.0,0.0,31.0,0.0,0.0,31.0
49,Supplier,0.0,0.0,855.0,0.0,0.0,0.0,EOD,0,0.0,0.0,0.0,0.0,0.0,0.0
49,W1,696.0,0.0,248.0,666.0,205.0,727.0,EOD,0,0.0,13.92,0.0,17.05,350.0,380.97
49,W2,79.0,0.0,228.0,1332.0,228.0,0.0,EOD,0,0.0,1.58,0.0,17.28,0.0,18.86
49,R1,167.0,0.0,0.0,255.0,166.0,354.0,EOD,166,166.0,5.01,0.0,0.0,0.0,5.01
49,R2,152.0,0.0,0.0,0.0,81.0,255.0,EOD,81,81.0,4.56,0.0,0.0,0.0,4.56
49,R3,141.0,0.0,0.0,695.0,293.0,496.0,EOD,293,293.0,4.2299999999999995,0.0,0.0,0.0,4.2299999999999995
50,Supplier,0.0,0.0,0.0,0.0,0.0,0.0,EOD,0,0.0,0.0,0.0,0.0,1000.0,1000.0
50,W1,367.0,0.0,166.0,1288.0,247.0,0.0,EOD,0,0.0,7.34,0.0,17.47,380.0,404.81
50,W2,137.0,0.0,0.0,1419.0,293.0,579.0,EOD,0,0.0,2.74,0.0,17.93,600.0,620.67
50,R1,0.0,31.0,0.0,255.0,198.0,0.0,EOD,198,167.0,0.0,15.5,0.0,0.0,15.5
50,R2,54.0,0.0,0.0,329.0,98.0,0.0,EOD,98,98.0,1.6199999999999999,0.0,0.0,0.0,1.6199999999999999
50,R3,0.0,203.0,0.0,1216.0,344.0,0.0,EOD,344,141.0,0.0,101.5,0.0,0.0,101.5
51,Supplier,0.0,0.0,540.0,0.0,0.0,0.0,EOD,0,0.0,0.0,0.0,0.0,0.0,0.0
51,W1,3.0,0.0,98.0,1288.0,296.0,0.0,EOD,0,0.0,0.06,0.0,17.96,350.0,368.02
51,W2,137.0,0.0,344.0,1419.0,344.0,0.0,EOD,0,0.0,2.74,0.0,18.44,0.0,21.18
51,R1,82.0,0.0,0.0,364.0,142.0,255.0,EOD,142,142.0,2.46,0.0,0.0,0.0,2.46
51,R2,0.0,15.0,0.0,329.0,69.0,0.0,EOD,69,54.0,0.0,7.5,0.0,0.0,7.5
51,R3,0.0,410.0,0.0,1216.0,207.0,0.0,EOD,207,0.0,0.0,205.0,0.0,0.0,205.0
52,Supplier,0.0,0.0,0.0,0.0,0.0,0.0,EOD,0,0.0,0.0,0.0,0.0,1000.0,1000.0
52,W1,669.0,0.0,309.0,1165.0,211.0,666.0,EOD,0,0.0,13.38,0.0,17.11,0.0,30.490000000000002
52,W2,137.0,0.0,551.0,2056.0,207.0,0.0,EOD,0,0.0,2.74,0.0,17.07,0.0,19.810000000000002
52,R1,0.0,32.0,0.0,364.0,114.0,0.0,EOD,114,82.0,0.0,16.0,0.0,0.0,16.0
52,R2,0.0,92.0,0.0,329.0,77.0,0.0,EOD,77,0.0,0.0,46.0,0.0,0.0,46.0
52,R3,71.0,0.0,0.0,521.0,214.0,695.0,EOD,214,214.0,2.13,0.0,0.0,0.0,2.13
53,Supplier,0.0,0.0,418.0,0.0,0.0,0.0,EOD,0,0.0,0.0,0.0,0.0,0.0,0.0
53,W1,413.0,0.0,244.0,1165.0,191.0,0.0,EOD,0,0.0,8.26,0.0,16.91,350.0,375.17
53,W2,125.0,0.0,0.0,1303.0,214.0,753.0,EOD,0,0.0,2.5,0.0,17.14,600.0,619.64
53,R1,222.0,0.0,0.0,256.0,110.0,364.0,EOD,110,110.0,6.66,0.0,0.0,0.0,6.66
53,R2,177.0,0.0,0.0,0.0,60.0,329.0,EOD,60,60.0,5.31,0.0,0.0,0.0,5.31
53,R3,0.0,153.0,0.0,1286.0,224.0,0.0,EOD,224,71.0,0.0,76.5,0.0,0.0,76.5
54,Supplier,0.0,0.0,823.0,0.0,0.0,0.0,EOD,0,0.0,0.0,0.0,0.0,0.0,0.0
54,W1,109.0,0.0,110.0,1165.0,170.0,0.0,EOD,0,0.0,2.18,0.0,16.7,380.0,398.88
54,W2,125.0,0.0,224.0,1303.0,224.0,0.0,EOD,0,0.0,2.5,0.0,17.240000000000002,0.0,19.740000000000002
54,R1,110.0,0.0,0.0,256.0,112.0,0.0,EOD,112,112.0,3.3,0.0,0.0,0.0,3.3
54,R2,112.0,0.0,0.0,304.0,65.0,0.0,EOD,65,65.0,3.36,0.0,0.0,0.0,3.36
54,R3,160.0,0.0,0.0,765.0,208.0,521.0,EOD,208,208.0,4.8,0.0,0.0,0.0,4.8
55,Supplier,0.0,0.0,0.0,0.0,0.0,0.0,EOD,0,0.0,0.0,0.0,0.0,1000.0,1000.0
55,W1,731.0,0.0,287.0,1115.0,177.0,622.0,EOD,0,0.0,14.620000000000001,0.0,16.77,0.0,31.39
55,W2,125.0,0.0,432.0,1948.0,208.0,0.0,EOD,0,0.0,2.5,0.0,17.08,0.0,19.58
55,R1,231.0,0.0,0.0,0.0,135.0,256.0,EOD,135,135.0,6.93,0.0,0.0,0.0,6.93
55,R2,47.0,0.0,0.0,304.0,65.0,0.0,EOD,65,65.0,1.41,0.0,0.0,0.0,1.41
55,R3,0.0,61.0,0.0,765.0,221.0,0.0,EOD,221,160.0,0.0,30.5,0.0,0.0,30.5
56,Supplier,0.0,0.0,385.0,0.0,0.0,0.0,EOD,0,0.0,0.0,0.0,0.0,0.0,0.0
56,W1,374.0,0.0,130.0,1115.0,200.0,0.0,EOD,0,0.0,7.48,0.0,17.0,350.0,374.48
56,W2,138.0,0.0,0.0,1282.0,221.0,666.0,EOD,0,0.0,2.7600000000000002,0.0,17.21,600.0,619.97
56,R1,46.0,0.0,0.0,357.0,185.0,0.0,EOD,185,185.0,1.38,0.0,0.0,0.0,1.38
56,R2,0.0,43.0,0.0,304.0,90.0,0.0,EOD,90,47.0,0.0,21.5,0.0,0.0,21.5
56,R3,0.0,329.0,0.0,1418.0,268.0,0.0,EOD,268,0.0,0.0,164.5,0.0,0.0,164.5
57,Supplier,0.0,0.0,806.0,0.0,0.0,0.0,EOD,0,0.0,0.0,0.0,0.0,0.0,0.0
57,W1,917.0,0.0,405.0,572.0,275.0,543.0,EOD,0,0.0,18.34,0.0,17.75,0.0,36.09
57,W2,138.0,0.0,268.0,1282.0,268.0,0.0,EOD,0,0.0,2.7600000000000002,0.0,17.68,0.0,20.44
57,R1,0.0,149.0,0.0,357.0,195.0,0.0,EOD,195,46.0,0.0,74.5,0.0,0.0,74.5
57,R2,178.0,0.0,0.0,0.0,83.0,304.0,EOD,83,83.0,5.34,0.0,0.0,0.0,5.34
57,R3,165.0,0.0,0.0,653.0,271.0,765.0,EOD,271,271.0,4.95,0.0,0.0,0.0,4.95
58,Supplier,0.0,0.0,0.0,0.0,0.0,0.0,EOD,0,0.0,0.0,0.0,0.0,1000.0,1000.0
58,W1,234.0,0.0,0.0,1224.0,278.0,0.0,EOD,0,0.0,4.68,0.0,17.78,730.0,752.46
58,W2,236.0,0.0,0.0,1342.0,271.0,637.0,EOD,0,0.0,4.72,0.0,17.71,600.0,622.43
58,R1,104.0,0.0,0.0,380.0,104.0,357.0,EOD,104,104.0,3.12,0.0,0.0,0.0,3.12
58,R2,94.0,0.0,0.0,303.0,84.0,0.0,EOD,84,84.0,2.82,0.0,0.0,0.0,2.82
58,R3,0.0,18.0,0.0,1192.0,183.0,0.0,EOD,183,165.0,0.0,9.0,0.0,0.0,9.0
59,Supplier,0.0,0.0,549.0,0.0,0.0,0.0,EOD,0,0.0,0.0,0.0,0.0,0.0,0.0
59,W1,234.0,0.0,188.0,1224.0,188.0,0.0,EOD,0,0.0,4.68,0.0,16.88,0.0,21.56
59,W2,236.0,0.0,183.0,1342.0,183.0,0.0,EOD,0,0.0,4.72,0.0,16.83,0.0,21.549999999999997
59,R1,0.0,14.0,0.0,380.0,118.0,0.0,EOD,118,104.0,0.0,7.0,0.0,0.0,7.0
59,R2,25.0,0.0,0.0,303.0,69.0,0.0,EOD,69,69.0,0.75,0.0,0.0,0.0,0.75
59,R3,0.0,188.0,0.0,1192.0,170.0,0.0,EOD,170,0.0,0.0,94.0,0.0,0.0,94.0
60,Supplier,0.0,0.0,920.0,0.0,0.0,0.0,EOD,0,0.0,0.0,0.0,0.0,0.0,0.0
60,W1,806.0,0.0,375.0,652.0,187.0,572.0,EOD,0,0.0,16.12,0.0,16.87,0.0,32.99
60,W2,236.0,0.0,353.0,1342.0,170.0,0.0,EOD,0,0.0,4.72,0.0,16.7,0.0,21.419999999999998
60,R1,262.0,0.0,0.0,0.0,104.0,380.0,EOD,104,104.0,7.859999999999999,0.0,0.0,0.0,7.859999999999999
60,R2,0.0,63.0,0.0,303.0,88.0,0.0,EOD,88,25.0,0.0,31.5,0.0,0.0,31.5
60,R3,290.0,0.0,0.0,539.0,175.0,653.0,EOD,175,175.0,8.7,0.0,0.0,0.0,8.7
61,Supplier,0.0,0.0,0.0,0.0,0.0,0.0,EOD,0,0.0,0.0,0.0,0.0,1000.0,1000.0
61,W1,480.0,0.0,241.0,1305.0,192.0,0.0,EOD,0,0.0,9.6,0.0,16.92,350.0,376.52
61,W2,353.0,0.0,0.0,1321.0,175.0,645.0,EOD,0,0.0,7.0600000000000005,0.0,16.75,600.0,623.81
61,R1,104.0,0.0,0.0,326.0,158.0,0.0,EOD,158,158.0,3.12,0.0,0.0,0.0,3.12
61,R2,158.0,0.0,0.0,0.0,82.0,303.0,EOD,82,82.0,4.74,0.0,0.0,0.0,4.74
61,R3,61.0,0.0,0.0,1067.0,229.0,0.0,EOD,229,229.0,1.8299999999999998,0.0,0.0,0.0,1.8299999999999998
62,Supplier,0.0,0.0,367.0,0.0,0.0,0.0,EOD,0,0.0,0.0,0.0,0.0,0.0,0.0
62,W1,157.0,0.0,158.0,1305.0,240.0,0.0,EOD,0,0.0,3.14,0.0,17.4,380.0,400.54
62,W2,353.0,0.0,229.0,1321.0,229.0,0.0,EOD,0,0.0,7.0600000000000005,0.0,17.29,0.0,24.35
62,R1,0.0,80.0,0.0,326.0,184.0,0.0,EOD,184,104.0,0.0,40.0,0.0,0.0,40.0
62,R2,51.0,0.0,0.0,323.0,107.0,0.0,EOD,107,107.0,1.53,0.0,0.0,0.0,1.53
62,R3,338.0,0.0,0.0,528.0,262.0,539.0,EOD,262,262.0,10.139999999999999,0.0,0.0,0.0,10.139999999999999
63,Supplier,0.0,0.0,836.0,0.0,0.0,0.0,EOD,0,0.0,0.0,0.0,0.0,0.0,0.0
63,W1,467.0,0.0,107.0,653.0,291.0,652.0,EOD,0,0.0,9.34,0.0,17.91,350.0,377.25
63,W2,0.0,0.0,138.0,1321.0,262.0,0.0,EOD,0,0.0,0.0,0.0,17.62,350.0,367.62
63,R1,51.0,0.0,0.0,342.0,195.0,326.0,EOD,195,195.0,1.53,0.0,0.0,0.0,1.53
63,R2,0.0,70.0,0.0,323.0,121.0,0.0,EOD,121,51.0,0.0,35.0,0.0,0.0,35.0
63,R3,26.0,0.0,0.0,881.0,312.0,0.0,EOD,312,312.0,0.78,0.0,0.0,0.0,0.78
64,Supplier,0.0,0.0,0.0,0.0,0.0,0.0,EOD,0,0.0,0.0,0.0,0.0,1000.0,1000.0
64,W1,467.0,0.0,423.0,1376.0,316.0,0.0,EOD,0,0.0,9.34,0.0,18.16,0.0,27.5
64,W2,247.0,0.0,0.0,1290.0,312.0,697.0,EOD,0,0.0,4.94,0.0,18.12,350.0,373.06
64,R1,0.0,169.0,0.0,342.0,220.0,0.0,EOD,220,51.0,0.0,84.5,0.0,0.0,84.5
64,R2,0.0,190.0,0.0,323.0,120.0,0.0,EOD,120,0.0,0.0,95.0,0.0,0.0,95.0
64,R3,0.0,257.0,0.0,1331.0,283.0,0.0,EOD,283,26.0,0.0,128.5,0.0,0.0,128.5
65,Supplier,0.0,0.0,628.0,0.0,0.0,0.0,EOD,0,0.0,0.0,0.0,0.0,0.0,0.0
65,W1,119.0,0.0,415.0,1376.0,340.0,0.0,EOD,0,0.0,2.38,0.0,18.4,380.0,400.78
65,W2,247.0,0.0,283.0,1290.0,283.0,0.0,EOD,0,0.0,4.94,0.0,17.83,0.0,22.77
65,R1,14.0,0.0,0.0,0.0,159.0,342.0,EOD,159,159.0,0.42,0.0,0.0,0.0,0.42
65,R2,4.0,0.0,0.0,348.0,129.0,323.0,EOD,129,129.0,0.12,0.0,0.0,0.0,0.12
65,R3,86.0,0.0,0.0,803.0,185.0,528.0,EOD,185,185.0,2.58,0.0,0.0,0.0,2.58
66,Supplier,0.0,0.0,0.0,0.0,0.0,0.0,EOD,0,0.0,0.0,0.0,0.0,1000.0,1000.0
66,W1,198.0,0.0,129.0,1379.0,288.0,653.0,EOD,0,0.0,3.96,0.0,17.88,600.0,621.84
66,W2,247.0,0.0,468.0,1885.0,185.0,0.0,EOD,0,0.0,4.94,0.0,16.85,0.0,21.790000000000003
66,R1,0.0,110.0,0.0,574.0,124.0,0.0,EOD,124,14.0,0.0,55.0,0.0,0.0,55.0
66,R2,0.0,79.0,0.0,348.0,83.0,0.0,EOD,83,4.0,0.0,39.5,0.0,0.0,39.5
66,R3,0.0,119.0,0.0,803.0,205.0,0.0,EOD,205,86.0,0.0,59.5,0.0,0.0,59.5
67,Supplier,0.0,0.0,473.0,0.0,0.0,0.0,EOD,0,0.0,0.0,0.0,0.0,0.0,0.0
67,W1,198.0,0.0,336.0,1379.0,207.0,0.0,EOD,0,0.0,3.96,0.0,17.07,0.0,21.03
67,W2,198.0,0.0,0.0,1261.0,205.0,624.0,EOD,0,0.0,3.96,0.0,17.05,600.0,621.01
67,R1,0.0,226.0,0.0,574.0,116.0,0.0,EOD,116,0.0,0.0,113.0,0.0,0.0,113.0
67,R2,0.0,162.0,0.0,348.0,83.0,0.0,EOD,83,0.0,0.0,81.0,0.0,0.0,81.0
67,R3,10.0,0.0,0.0,1123.0,224.0,353.0,EOD,224,224.0,0.3,0.0,0.0,0.0,0.3
68,Supplier,0.0,0.0,885.0,0.0,0.0,0.0,EOD,0,0.0,0.0,0.0,0.0,0.0,0.0
68,W1,198.0,0.0,535.0,1379.0,199.0,0.0,EOD,0,0.0,3.96,0.0,16.99,0.0,20.95
68,W2,198.0,0.0,224.0,1261.0,224.0,0.0,EOD,0,0.0,3.96,0.0,17.240000000000002,0.0,21.200000000000003
68,R1,211.0,0.0,0.0,0.0,137.0,574.0,EOD,137,137.0,6.33,0.0,0.0,0.0,6.33
68,R2,123.0,0.0,0.0,0.0,63.0,348.0,EOD,63,63.0,3.69,0.0,0.0,0.0,3.69
68,R3,288.0,0.0,0.0,673.0,172.0,450.0,EOD,172,172.0,8.64,0.0,0.0,0.0,8.64
69,Supplier,0.0,0.0,0.0,0.0,0.0,0.0,EOD,0,0.0,0.0,0.0,0.0,1000.0,1000.0
69,W1,186.0,0.0,0.0,1350.0,200.0,723.0,EOD,0,0.0,3.72,0.0,17.0,730.0,750.72
69,W2,198.0,0.0,396.0,1875.0,172.0,0.0,EOD,0,0.0,3.96,0.0,16.72,0.0,20.68
69,R1,56.0,0.0,0.0,377.0,155.0,0.0,EOD,155,155.0,1.68,0.0,0.0,0.0,1.68
69,R2,56.0,0.0,0.0,358.0,67.0,0.0,EOD,67,67.0,1.68,0.0,0.0,0.0,1.68
69,R3,64.0,0.0,0.0,673.0,224.0,0.0,EOD,224,224.0,1.92,0.0,0.0,0.0,1.92
70,Supplier,0.0,0.0,372.0,0.0,0.0,0.0,EOD,0,0.0,0.0,0.0,0.0,0.0,0.0
70,W1,186.0,0.0,222.0,1350.0,222.0,0.0,EOD,0,0.0,3.72,0.0,17.22,0.0,20.939999999999998
70,W2,244.0,0.0,0.0,1209.0,224.0,666.0,EOD,0,0.0,4.88,0.0,17.240000000000002,600.0,622.12
70,R1,0.0,163.0,0.0,377.0,219.0,0.0,EOD,219,56.0,0.0,81.5,0.0,0.0,81.5
70,R2,0.0,45.0,0.0,358.0,101.0,0.0,EOD,101,56.0,0.0,22.5,0.0,0.0,22.5
70,R3,0.0,239.0,0.0,1293.0,303.0,0.0,EOD,303,64.0,0.0,119.5,0.0,0.0,119.5
71,Supplier,0.0,0.0,818.0,0.0,0.0,0.0,EOD,0,0.0,0.0,0.0,0.0,0.0,0.0
71,W1,468.0,0.0,168.0,694.0,320.0,656.0,EOD,0,0.0,9.36,0.0,18.2,350.0,377.56
71,W2,244.0,0.0,303.0,1209.0,303.0,0.0,EOD,0,0.0,4.88,0.0,18.03,0.0,22.91
71,R1,0.0,0.0,0.0,374.0,214.0,377.0,EOD,214,214.0,0.0,0.0,0.0,0.0,0.0
71,R2,0.0,163.0,0.0,358.0,118.0,0.0,EOD,118,0.0,0.0,81.5,0.0,0.0,81.5
71,R3,101.0,0.0,0.0,620.0,333.0,673.0,EOD,333,333.0,3.03,0.0,0.0,0.0,3.03
72,Supplier,0.0,0.0,0.0,0.0,0.0,0.0,EOD,0,0.0,0.0,0.0,0.0,1000.0,1000.0
72,W1,182.0,0.0,214.0,1436.0,332.0,0.0,EOD,0,0.0,3.64,0.0,18.32,380.0,401.96
72,W2,203.0,0.0,0.0,1313.0,333.0,595.0,EOD,0,0.0,4.0600000000000005,0.0,18.33,600.0,622.39
72,R1,0.0,127.0,0.0,374.0,127.0,0.0,EOD,127,0.0,0.0,63.5,0.0,0.0,63.5
72,R2,98.0,0.0,0.0,286.0,97.0,358.0,EOD,97,97.0,2.94,0.0,0.0,0.0,2.94
72,R3,0.0,145.0,0.0,1256.0,246.0,0.0,EOD,246,101.0,0.0,72.5,0.0,0.0,72.5
73,Supplier,0.0,0.0,665.0,0.0,0.0,0.0,EOD,0,0.0,0.0,0.0,0.0,0.0,0.0
73,W1,182.0,0.0,438.0,1436.0,224.0,0.0,EOD,0,0.0,3.64,0.0,17.240000000000002,0.0,20.880000000000003
73,W2,203.0,0.0,246.0,1313.0,246.0,0.0,EOD,0,0.0,4.0600000000000005,0.0,17.46,0.0,21.520000000000003
73,R1,101.0,0.0,0.0,0.0,146.0,374.0,EOD,146,146.0,3.03,0.0,0.0,0.0,3.03
73,R2,7.0,0.0,0.0,286.0,91.0,0.0,EOD,91,91.0,0.21,0.0,0.0,0.0,0.21
73,R3,0.0,356.0,0.0,1256.0,211.0,0.0,EOD,211,0.0,0.0,178.0,0.0,0.0,178.0
74,Supplier,0.0,0.0,0.0,0.0,0.0,0.0,EOD,0,0.0,0.0,0.0,0.0,1000.0,1000.0
74,W1,389.0,0.0,188.0,1298.0,237.0,694.0,EOD,0,0.0,7.78,0.0,17.37,350.0,375.15
74,W2,203.0,0.0,457.0,1892.0,211.0,0.0,EOD,0,0.0,4.0600000000000005,0.0,17.11,0.0,21.17
74,R1,0.0,15.0,0.0,487.0,116.0,0.0,EOD,116,101.0,0.0,7.5,0.0,0.0,7.5
74,R2,0.0,65.0,0.0,286.0,72.0,0.0,EOD,72,7.0,0.0,32.5,0.0,0.0,32.5
74,R3,24.0,0.0,0.0,636.0,240.0,620.0,EOD,240,240.0,0.72,0.0,0.0,0.0,0.72
75,Supplier,0.0,0.0,448.0,0.0,0.0,0.0,EOD,0,0.0,0.0,0.0,0.0,0.0,0.0
75,W1,129.0,0.0,116.0,1298.0,188.0,0.0,EOD,0,0.0,2.58,0.0,16.88,380.0,399.46
75,W2,120.0,0.0,0.0,1278.0,240.0,614.0,EOD,0,0.0,2.4,0.0,17.4,600.0,619.8
75,R1,0.0,160.0,0.0,487.0,145.0,0.0,EOD,145,0.0,0.0,80.0,0.0,0.0,80.0
75,R2,156.0,0.0,0.0,260.0,65.0,286.0,EOD,65,65.0,4.68,0.0,0.0,0.0,4.68
75,R3,0.0,178.0,0.0,1333.0,202.0,0.0,EOD,202,24.0,0.0,89.0,0.0,0.0,89.0
76,Supplier,0.0,0.0,876.0,0.0,0.0,0.0,EOD,0,0.0,0.0,0.0,0.0,0.0,0.0
76,W1,129.0,0.0,326.0,1298.0,210.0,0.0,EOD,0,0.0,2.58,0.0,17.1,0.0,19.68
76,W2,120.0,0.0,202.0,1278.0,202.0,0.0,EOD,0,0.0,2.4,0.0,17.02,0.0,19.419999999999998
76,R1,166.0,0.0,0.0,0.0,161.0,487.0,EOD,161,161.0,4.9799999999999995,0.0,0.0,0.0,4.9799999999999995
76,R2,70.0,0.0,0.0,260.0,86.0,0.0,EOD,86,86.0,2.1,0.0,0.0,0.0,2.1
76,R3,218.0,0.0,0.0,697.0,240.0,636.0,EOD,240,240.0,6.54,0.0,0.0,0.0,6.54
77,Supplier,0.0,0.0,0.0,0.0,0.0,0.0,EOD,0,0.0,0.0,0.0,0.0,1000.0,1000.0
77,W1,449.0,0.0,151.0,1191.0,247.0,742.0,EOD,0,0.0,8.98,0.0,17.47,350.0,376.45
77,W2,120.0,0.0,442.0,1931.0,240.0,0.0,EOD,0,0.0,2.4,0.0,17.4,0.0,19.799999999999997
77,R1,0.0,45.0,0.0,422.0,211.0,0.0,EOD,211,166.0,0.0,22.5,0.0,0.0,22.5
77,R2,0.0,76.0,0.0,260.0,146.0,0.0,EOD,146,70.0,0.0,38.0,0.0,0.0,38.0
77,R3,0.0,71.0,0.0,697.0,289.0,0.0,EOD,289,218.0,0.0,35.5,0.0,0.0,35.5
78,Supplier,0.0,0.0,487.0,0.0,0.0,0.0,EOD,0,0.0,0.0,0.0,0.0,0.0,0.0
78,W1,152.0,0.0,211.0,1191.0,357.0,0.0,EOD,0,0.0,3.04,0.0,18.57,380.0,401.61
78,W2,88.0,0.0,0.0,1232.0,289.0,699.0,EOD,0,0.0,1.76,0.0,17.89,600.0,619.65
78,R1,0.0,255.0,0.0,422.0,210.0,0.0,EOD,210,0.0,0.0,127.5,0.0,0.0,127.5
78,R2,60.0,0.0,0.0,297.0,124.0,260.0,EOD,124,124.0,1.7999999999999998,0.0,0.0,0.0,1.7999999999999998
78,R3,0.0,374.0,0.0,1428.0,303.0,0.0,EOD,303,0.0,0.0,187.0,0.0,0.0,187.0
79,Supplier,0.0,0.0,0.0,0.0,0.0,0.0,EOD,0,0.0,0.0,0.0,0.0,1000.0,1000.0
79,W1,287.0,0.0,124.0,1239.0,334.0,556.0,EOD,0,0.0,5.74,0.0,18.34,350.0,374.08
79,W2,88.0,0.0,303.0,1761.0,303.0,0.0,EOD,0,0.0,1.76,0.0,18.03,0.0,19.790000000000003
79,R1,8.0,0.0,0.0,421.0,159.0,422.0,EOD,159,159.0,0.24,0.0,0.0,0.0,0.24
79,R2,0.0,22.0,0.0,297.0,82.0,0.0,EOD,82,60.0,0.0,11.0,0.0,0.0,11.0
79,R3,108.0,0.0,0.0,731.0,215.0,697.0,EOD,215,215.0,3.2399999999999998,0.0,0.0,0.0,3.2399999999999998
80,Supplier,0.0,0.0,637.0,0.0,0.0,0.0,EOD,0,0.0,0.0,0.0,0.0,0.0,0.0
80,W1,287.0,0.0,365.0,1239.0,241.0,0.0,EOD,0,0.0,5.74,0.0,17.41,0.0,23.15
80,W2,149.0,0.0,0.0,1182.0,215.0,579.0,EOD,0,0.0,2.98,0.0,17.15,600.0,620.13
80,R1,0.0,121.0,0.0,421.0,129.0,0.0,EOD,129,8.0,0.0,60.5,0.0,0.0,60.5
80,R2,0.0,100.0,0.0,297.0,78.0,0.0,EOD,78,0.0,0.0,50.0,0.0,0.0,50.0
80,R3,0.0,115.0,0.0,1249.0,223.0,0.0,EOD,223,108.0,0.0,57.5,0.0,0.0,57.5
81,Supplier,0.0,0.0,0.0,0.0,0.0,0.0,EOD,0,0.0,0.0,0.0,0.0,1000.0,1000.0
81,W1,3.0,0.0,288.0,1814.0,207.0,0.0,EOD,0,0.0,0.06,0.0,17.07,380.0,397.13
81,W2,149.0,0.0,223.0,1700.0,223.0,0.0,EOD,0,0.0,2.98,0.0,17.23,0.0,20.21
81,R1,162.0,0.0,0.0,0.0,138.0,421.0,EOD,138,138.0,4.859999999999999,0.0,0.0,0.0,4.859999999999999
81,R2,113.0,0.0,0.0,284.0,84.0,297.0,EOD,84,84.0,3.3899999999999997,0.0,0.0,0.0,3.3899999999999997
81,R3,0.0,357.0,0.0,1249.0,242.0,0.0,EOD,242,0.0,0.0,178.5,0.0,0.0,178.5
82,Supplier,0.0,0.0,430.0,0.0,0.0,0.0,EOD,0,0.0,0.0,0.0,0.0,0.0,0.0
82,W1,212.0,0.0,84.0,1179.0,222.0,635.0,EOD,0,0.0,4.24,0.0,17.22,350.0,371.46
82,W2,149.0,0.0,465.0,1700.0,242.0,0.0,EOD,0,0.0,2.98,0.0,17.42,0.0,20.400000000000002
82,R1,37.0,0.0,0.0,426.0,125.0,0.0,EOD,125,125.0,1.1099999999999999,0.0,0.0,0.0,1.1099999999999999
82,R2,43.0,0.0,0.0,284.0,70.0,0.0,EOD,70,70.0,1.29,0.0,0.0,0.0,1.29
82,R3,161.0,0.0,0.0,518.0,213.0,731.0,EOD,213,213.0,4.83,0.0,0.0,0.0,4.83
83,Supplier,0.0,0.0,894.0,0.0,0.0,0.0,EOD,0,0.0,0.0,0.0,0.0,0.0,0.0
83,W1,212.0,0.0,279.0,1179.0,195.0,0.0,EOD,0,0.0,4.24,0.0,16.95,0.0,21.189999999999998
83,W2,124.0,0.0,0.0,1047.0,213.0,653.0,EOD,0,0.0,2.48,0.0,17.13,600.0,619.61
83,R1,0.0,158.0,0.0,426.0,195.0,0.0,EOD,195,37.0,0.0,79.0,0.0,0.0,79.0
83,R2,0.0,39.0,0.0,284.0,82.0,0.0,EOD,82,43.0,0.0,19.5,0.0,0.0,19.5
83,R3,0.0,150.0,0.0,1196.0,311.0,0.0,EOD,311,161.0,0.0,75.0,0.0,0.0,75.0
84,Supplier,0.0,0.0,0.0,0.0,0.0,0.0,EOD,0,0.0,0.0,0.0,0.0,1000.0,1000.0
84,W1,496.0,0.0,236.0,1199.0,277.0,604.0,EOD,0,0.0,9.92,0.0,17.77,350.0,377.69
84,W2,124.0,0.0,311.0,1725.0,311.0,0.0,EOD,0,0.0,2.48,0.0,18.11,0.0,20.59
84,R1,53.0,0.0,0.0,320.0,215.0,426.0,EOD,215,215.0,1.5899999999999999,0.0,0.0,0.0,1.5899999999999999
84,R2,124.0,0.0,0.0,0.0,121.0,284.0,EOD,121,121.0,3.7199999999999998,0.0,0.0,0.0,3.7199999999999998
84,R3,29.0,0.0,0.0,678.0,339.0,518.0,EOD,339,339.0,0.87,0.0,0.0,0.0,0.87
85,Supplier,0.0,0.0,588.0,0.0,0.0,0.0,EOD,0,0.0,0.0,0.0,0.0,0.0,0.0
85,W1,139.0,0.0,215.0,1199.0,336.0,0.0,EOD,0,0.0,2.7800000000000002,0.0,18.36,380.0,401.14
85,W2,3.0,0.0,0.0,1196.0,339.0,529.0,EOD,0,0.0,0.06,0.0,18.39,600.0,618.45
85,R1,0.0,172.0,0.0,320.0,225.0,0.0,EOD,225,53.0,0.0,86.0,0.0,0.0,86.0
85,R2,11.0,0.0,0.0,357.0,113.0,0.0,EOD,113,113.0,0.32999999999999996,0.0,0.0,0.0,0.32999999999999996
85,R3,0.0,289.0,0.0,1328.0,318.0,0.0,EOD,318,29.0,0.0,144.5,0.0,0.0,144.5
86,Supplier,0.0,0.0,0.0,0.0,0.0,0.0,EOD,0,0.0,0.0,0.0,0.0,1000.0,1000.0
86,W1,274.0,0.0,113.0,1237.0,338.0,575.0,EOD,0,0.0,5.48,0.0,18.38,350.0,373.86
86,W2,3.0,0.0,318.0,1846.0,318.0,0.0,EOD,0,0.0,0.06,0.0,18.18,0.0,18.24
86,R1,23.0,0.0,0.0,440.0,125.0,320.0,EOD,125,125.0,0.69,0.0,0.0,0.0,0.69
86,R2,0.0,61.0,0.0,357.0,72.0,0.0,EOD,72,11.0,0.0,30.5,0.0,0.0,30.5
86,R3,0.0,506.0,0.0,1328.0,217.0,0.0,EOD,217,0.0,0.0,253.0,0.0,0.0,253.0
87,Supplier,0.0,0.0,656.0,0.0,0.0,0.0,EOD,0,0.0,0.0,0.0,0.0,0.0,0.0
87,W1,274.0,0.0,310.0,1237.0,197.0,0.0,EOD,0,0.0,5.48,0.0,16.97,0.0,22.45
87,W2,0.0,0.0,14.0,1328.0,217.0,518.0,EOD,0,0.0,0.0,0.0,17.17,600.0,617.17
87,R1,0.0,82.0,0.0,440.0,105.0,0.0,EOD,105,23.0,0.0,41.0,0.0,0.0,41.0
87,R2,0.0,128.0,0.0,357.0,67.0,0.0,EOD,67,0.0,0.0,64.0,0.0,0.0,64.0
87,R3,3.0,0.0,0.0,1171.0,169.0,678.0,EOD,169,169.0,0.09,0.0,0.0,0.0,0.09
88,Supplier,0.0,0.0,0.0,0.0,0.0,0.0,EOD,0,0.0,0.0,0.0,0.0,1000.0,1000.0
88,W1,22.0,0.0,230.0,1772.0,172.0,0.0,EOD,0,0.0,0.44,0.0,16.72,380.0,397.16
88,W2,0.0,0.0,183.0,1863.0,169.0,0.0,EOD,0,0.0,0.0,0.0,16.69,0.0,16.69
88,R1,222.0,0.0,0.0,0.0,136.0,440.0,EOD,136,136.0,6.66,0.0,0.0,0.0,6.66
88,R2,155.0,0.0,0.0,252.0,74.0,357.0,EOD,74,74.0,4.6499999999999995,0.0,0.0,0.0,4.6499999999999995
88,R3,0.0,196.0,0.0,1171.0,199.0,0.0,EOD,199,3.0,0.0,98.0,0.0,0.0,98.0
89,Supplier,0.0,0.0,341.0,0.0,0.0,0.0,EOD,0,0.0,0.0,0.0,0.0,0.0,0.0
89,W1,280.0,0.0,74.0,1148.0,210.0,624.0,EOD,0,0.0,5.6000000000000005,0.0,17.1,350.0,372.7
89,W2,0.0,0.0,382.0,1863.0,199.0,0.0,EOD,0,0.0,0.0,0.0,16.99,0.0,16.99
89,R1,111.0,0.0,0.0,366.0,111.0,0.0,EOD,111,111.0,3.33,0.0,0.0,0.0,3.33
89,R2,93.0,0.0,0.0,252.0,62.0,0.0,EOD,62,62.0,2.79,0.0,0.0,0.0,2.79
89,R3,261.0,0.0,0.0,521.0,193.0,650.0,EOD,193,193.0,7.83,0.0,0.0,0.0,7.83
