time,node_id,on_hand,backlog_external,backlog_children,pipeline_in,placed_orders
0,Supplier,0.0,0.0,0.0,0.0,0.0
0,W1,1736.0,0.0,0.0,0.0,0.0
0,W2,1849.0,0.0,0.0,0.0,0.0
0,R1,433.0,0.0,0.0,0.0,155.0
0,R2,394.0,0.0,0.0,0.0,87.0
0,R3,1083.0,0.0,0.0,0.0,274.0
1,Supplier,0.0,0.0,0.0,0.0,0.0
1,W1,1736.0,0.0,242.0,0.0,242.0
1,W2,1575.0,0.0,0.0,0.0,274.0
1,R1,312.0,0.0,0.0,0.0,276.0
1,R2,304.0,0.0,0.0,0.0,177.0
1,R3,815.0,0.0,0.0,274.0,268.0
2,Supplier,0.0,0.0,242.0,0.0,0.0
2,W1,1460.0,0.0,177.0,0.0,453.0
2,W2,1307.0,0.0,0.0,274.0,268.0
2,R1,213.0,0.0,0.0,276.0,99.0
2,R2,228.0,0.0,0.0,0.0,253.0
2,R3,662.0,0.0,0.0,542.0,153.0
3,Supplier,0.0,0.0,0.0,0.0,0.0
3,W1,1207.0,0.0,99.0,453.0,175.0
3,W2,1307.0,0.0,153.0,542.0,153.0
3,R1,108.0,0.0,0.0,276.0,204.0
3,R2,145.0,0.0,0.0,253.0,83.0
3,R3,474.0,0.0,0.0,542.0,341.0
4,Supplier,0.0,0.0,328.0,0.0,0.0
4,W1,1207.0,0.0,287.0,453.0,363.0
4,W2,966.0,0.0,0.0,542.0,341.0
4,R1,292.0,0.0,0.0,0.0,296.0
4,R2,72.0,0.0,0.0,253.0,156.0
4,R3,320.0,0.0,0.0,883.0,154.0
5,Supplier,0.0,0.0,0.0,0.0,0.0
5,W1,911.0,0.0,156.0,816.0,165.0
5,W2,966.0,0.0,154.0,883.0,154.0
5,R1,179.0,0.0,0.0,296.0,113.0
5,R2,0.0,34.0,0.0,253.0,262.0
5,R3,383.0,0.0,0.0,609.0,365.0
6,Supplier,0.0,0.0,319.0,0.0,0.0
6,W1,649.0,0.0,113.0,816.0,384.0
6,W2,601.0,0.0,0.0,883.0,365.0
6,R1,69.0,0.0,0.0,296.0,223.0
6,R2,128.0,0.0,0.0,262.0,91.0
6,R3,447.0,0.0,0.0,706.0,204.0
7,Supplier,0.0,0.0,0.0,0.0,0.0
7,W1,649.0,0.0,314.0,1200.0,201.0
7,W2,601.0,0.0,204.0,1248.0,204.0
7,R1,189.0,0.0,0.0,0.0,399.0
7,R2,0.0,21.0,0.0,262.0,240.0
7,R3,148.0,0.0,0.0,706.0,503.0
8,Supplier,0.0,0.0,405.0,0.0,0.0
8,W1,703.0,0.0,240.0,747.0,526.0
8,W2,372.0,0.0,0.0,974.0,503.0
8,R1,24.0,0.0,0.0,399.0,165.0
8,R2,0.0,117.0,0.0,262.0,336.0
8,R3,213.0,0.0,0.0,868.0,276.0
9,Supplier,0.0,0.0,0.0,0.0,0.0
9,W1,367.0,0.0,165.0,1273.0,261.0
9,W2,364.0,0.0,0.0,1209.0,276.0
9,R1,0.0,71.0,0.0,399.0,260.0
9,R2,32.0,0.0,0.0,336.0,113.0
9,R3,0.0,11.0,0.0,1144.0,224.0
10,Supplier,0.0,0.0,0.0,0.0,0.0
10,W1,470.0,0.0,113.0,1171.0,208.0
10,W2,364.0,0.0,224.0,1485.0,224.0
10,R1,232.0,0.0,0.0,260.0,96.0
10,R2,0.0,74.0,0.0,336.0,219.0
10,R3,170.0,0.0,0.0,779.0,408.0
11,Supplier,0.0,0.0,432.0,0.0,0.0
11,W1,470.0,0.0,315.0,1171.0,410.0
11,W2,297.0,0.0,0.0,1144.0,408.0
11,R1,125.0,0.0,0.0,260.0,203.0
11,R2,0.0,172.0,0.0,336.0,317.0
11,R3,0.0,16.0,0.0,1187.0,186.0
12,Supplier,0.0,0.0,0.0,0.0,0.0
12,W1,537.0,0.0,203.0,1197.0,205.0
12,W2,297.0,0.0,186.0,1552.0,186.0
12,R1,266.0,0.0,0.0,0.0,322.0
12,R2,71.0,0.0,0.0,317.0,93.0
12,R3,330.0,0.0,0.0,684.0,343.0
13,Supplier,0.0,0.0,391.0,0.0,0.0
13,W1,215.0,0.0,93.0,1197.0,417.0
13,W2,319.0,0.0,0.0,1187.0,343.0
13,R1,106.0,0.0,0.0,322.0,160.0
13,R2,0.0,47.0,0.0,317.0,211.0
13,R3,355.0,0.0,0.0,751.0,251.0
14,Supplier,0.0,0.0,0.0,0.0,0.0
14,W1,741.0,0.0,371.0,1088.0,278.0
14,W2,68.0,0.0,0.0,1530.0,251.0
14,R1,0.0,118.0,0.0,322.0,384.0
14,R2,0.0,189.0,0.0,317.0,353.0
14,R3,8.0,0.0,0.0,1002.0,347.0
15,Supplier,0.0,0.0,0.0,0.0,0.0
15,W1,265.0,0.0,0.0,1105.0,366.0
15,W2,224.0,0.0,0.0,1278.0,347.0
15,R1,0.0,22.0,0.0,384.0,226.0
15,R2,0.0,27.0,0.0,353.0,155.0
15,R3,84.0,0.0,0.0,941.0,332.0
16,Supplier,0.0,0.0,0.0,0.0,0.0
16,W1,265.0,0.0,381.0,1471.0,381.0
16,W2,168.0,0.0,0.0,1349.0,332.0
16,R1,0.0,164.0,0.0,384.0,368.0
16,R2,0.0,120.0,0.0,353.0,248.0
16,R3,0.0,133.0,0.0,1273.0,217.0
17,Supplier,0.0,0.0,0.0,0.0,0.0
17,W1,307.0,0.0,248.0,1442.0,235.0
17,W2,168.0,0.0,217.0,1681.0,217.0
17,R1,87.0,0.0,0.0,368.0,133.0
17,R2,0.0,203.0,0.0,353.0,331.0
17,R3,0.0,36.0,0.0,930.0,463.0
18,Supplier,0.0,0.0,452.0,0.0,0.0
18,W1,0.0,0.0,157.0,1442.0,451.0
18,W2,113.0,0.0,0.0,1273.0,463.0
18,R1,0.0,39.0,0.0,368.0,259.0
18,R2,73.0,0.0,0.0,307.0,101.0
18,R3,33.0,0.0,0.0,1142.0,182.0
19,Supplier,0.0,0.0,0.0,0.0,0.0
19,W1,158.0,0.0,101.0,1476.0,203.0
19,W2,113.0,0.0,182.0,1736.0,182.0
19,R1,194.0,0.0,0.0,259.0,135.0
19,R2,0.0,4.0,0.0,307.0,178.0
19,R3,193.0,0.0,0.0,795.0,369.0
20,Supplier,0.0,0.0,385.0,0.0,0.0
20,W1,436.0,0.0,313.0,1198.0,415.0
20,W2,87.0,0.0,0.0,1393.0,369.0
20,R1,40.0,0.0,0.0,259.0,289.0
20,R2,0.0,91.0,0.0,307.0,265.0
20,R3,277.0,0.0,0.0,832.0,248.0
21,Supplier,0.0,0.0,0.0,0.0,0.0
21,W1,248.0,0.0,0.0,1247.0,241.0
21,W2,338.0,0.0,248.0,1511.0,248.0
21,R1,95.0,0.0,0.0,289.0,204.0
21,R2,116.0,0.0,0.0,265.0,100.0
21,R3,0.0,27.0,0.0,832.0,552.0
22,Supplier,0.0,0.0,489.0,0.0,0.0
22,W1,629.0,0.0,304.0,866.0,545.0
22,W2,133.0,0.0,0.0,1164.0,552.0
22,R1,0.0,89.0,0.0,289.0,388.0
22,R2,8.0,0.0,0.0,265.0,208.0
22,R3,164.0,0.0,0.0,921.0,272.0
23,Supplier,0.0,0.0,0.0,0.0,0.0
23,W1,241.0,0.0,208.0,1411.0,292.0
23,W2,193.0,0.0,0.0,1384.0,272.0
23,R1,83.0,0.0,0.0,388.0,117.0
23,R2,0.0,81.0,0.0,265.0,297.0
23,R3,0.0,8.0,0.0,1193.0,172.0
24,Supplier,0.0,0.0,0.0,0.0,0.0
24,W1,395.0,0.0,117.0,1252.0,206.0
24,W2,193.0,0.0,172.0,1656.0,172.0
24,R1,0.0,56.0,0.0,388.0,256.0
24,R2,101.0,0.0,0.0,297.0,83.0
24,R3,149.0,0.0,0.0,824.0,384.0
25,Supplier,0.0,0.0,378.0,0.0,0.0
25,W1,139.0,0.0,83.0,1252.0,428.0
25,W2,272.0,0.0,0.0,1193.0,384.0
25,R1,206.0,0.0,0.0,256.0,126.0
25,R2,35.0,0.0,0.0,297.0,149.0
25,R3,0.0,56.0,0.0,1208.0,205.0
26,Supplier,0.0,0.0,0.0,0.0,0.0
26,W1,554.0,0.0,275.0,1265.0,192.0
26,W2,272.0,0.0,205.0,1577.0,205.0
26,R1,86.0,0.0,0.0,256.0,246.0
26,R2,0.0,36.0,0.0,297.0,220.0
26,R3,306.0,0.0,0.0,656.0,395.0
27,Supplier,0.0,0.0,397.0,0.0,0.0
27,W1,554.0,0.0,466.0,1265.0,383.0
27,W2,246.0,0.0,0.0,1208.0,395.0
27,R1,186.0,0.0,0.0,0.0,402.0
27,R2,162.0,0.0,0.0,0.0,319.0
27,R3,345.0,0.0,0.0,779.0,233.0
28,Supplier,0.0,0.0,0.0,0.0,0.0
28,W1,378.0,0.0,0.0,1103.0,255.0
28,W2,246.0,0.0,233.0,1603.0,233.0
28,R1,21.0,0.0,0.0,402.0,165.0
28,R2,64.0,0.0,0.0,319.0,98.0
28,R3,40.0,0.0,0.0,779.0,538.0
29,Supplier,0.0,0.0,233.0,0.0,0.0
29,W1,670.0,0.0,263.0,1066.0,263.0
29,W2,260.0,0.0,0.0,1051.0,538.0
29,R1,0.0,173.0,0.0,402.0,359.0
29,R2,0.0,13.0,0.0,319.0,175.0
29,R3,127.0,0.0,0.0,933.0,297.0
30,Supplier,0.0,0.0,0.0,0.0,0.0
30,W1,311.0,0.0,175.0,1329.0,271.0
30,W2,235.0,0.0,0.0,1317.0,297.0
30,R1,110.0,0.0,0.0,359.0,119.0
30,R2,0.0,83.0,0.0,319.0,245.0
30,R3,0.0,41.0,0.0,1230.0,168.0
31,Supplier,0.0,0.0,0.0,0.0,0.0
31,W1,739.0,0.0,364.0,1172.0,189.0
31,W2,235.0,0.0,168.0,1614.0,168.0
31,R1,0.0,13.0,0.0,359.0,242.0
31,R2,153.0,0.0,0.0,0.0,328.0
31,R3,112.0,0.0,0.0,835.0,410.0
32,Supplier,0.0,0.0,357.0,0.0,0.0
32,W1,411.0,0.0,242.0,1172.0,395.0
32,W2,209.0,0.0,0.0,1230.0,410.0
32,R1,219.0,0.0,0.0,0.0,369.0
32,R2,72.0,0.0,0.0,328.0,81.0
32,R3,0.0,96.0,0.0,1245.0,208.0
33,Supplier,0.0,0.0,0.0,0.0,0.0
33,W1,425.0,0.0,81.0,1184.0,208.0
33,W2,209.0,0.0,208.0,1640.0,208.0
33,R1,70.0,0.0,0.0,369.0,149.0
33,R2,0.0,30.0,0.0,328.0,183.0
33,R3,239.0,0.0,0.0,707.0,411.0
34,Supplier,0.0,0.0,416.0,0.0,0.0
34,W1,680.0,0.0,332.0,929.0,459.0
34,W2,193.0,0.0,0.0,1245.0,411.0
34,R1,0.0,96.0,0.0,369.0,315.0
34,R2,0.0,122.0,0.0,328.0,275.0
34,R3,286.0,0.0,0.0,821.0,250.0
35,Supplier,0.0,0.0,0.0,0.0,0.0
35,W1,353.0,0.0,0.0,1125.0,258.0
35,W2,193.0,0.0,250.0,1656.0,250.0
35,R1,93.0,0.0,0.0,315.0,180.0
35,R2,68.0,0.0,0.0,275.0,138.0
35,R3,0.0,14.0,0.0,821.0,550.0
36,Supplier,0.0,0.0,0.0,0.0,0.0
36,W1,624.0,0.0,318.0,1112.0,318.0
36,W2,181.0,0.0,0.0,1368.0,300.0
36,R1,0.0,86.0,0.0,315.0,359.0
36,R2,0.0,57.0,0.0,275.0,263.0
36,R3,83.0,0.0,0.0,961.0,313.0
37,Supplier,0.0,0.0,0.0,0.0,0.0
37,W1,2.0,0.0,0.0,1430.0,304.0
37,W2,165.0,0.0,0.0,1371.0,313.0
37,R1,129.0,0.0,0.0,359.0,100.0
37,R2,0.0,142.0,0.0,538.0,85.0
37,R3,0.0,142.0,0.0,1274.0,225.0
38,Supplier,0.0,0.0,0.0,0.0,0.0
38,W1,397.0,0.0,185.0,1339.0,185.0
38,W2,165.0,0.0,225.0,1684.0,225.0
38,R1,12.0,0.0,0.0,359.0,217.0
38,R2,25.0,0.0,0.0,263.0,193.0
38,R3,63.0,0.0,0.0,863.0,431.0
39,Supplier,0.0,0.0,410.0,0.0,0.0
39,W1,397.0,0.0,410.0,1339.0,410.0
39,W2,144.0,0.0,0.0,1274.0,431.0
39,R1,235.0,0.0,0.0,0.0,353.0
39,R2,0.0,59.0,0.0,263.0,277.0
39,R3,0.0,133.0,0.0,1294.0,196.0
40,Supplier,0.0,0.0,0.0,0.0,0.0
40,W1,226.0,0.0,0.0,1290.0,220.0
40,W2,144.0,0.0,196.0,1705.0,196.0
40,R1,112.0,0.0,0.0,353.0,123.0
40,R2,113.0,0.0,0.0,277.0,91.0
40,R3,191.0,0.0,0.0,744.0,422.0
41,Supplier,0.0,0.0,416.0,0.0,0.0
41,W1,484.0,0.0,214.0,1032.0,434.0
41,W2,133.0,0.0,0.0,1294.0,422.0
41,R1,0.0,39.0,0.0,353.0,274.0
41,R2,31.0,0.0,0.0,277.0,173.0
41,R3,270.0,0.0,0.0,853.0,234.0
42,Supplier,0.0,0.0,0.0,0.0,0.0
42,W1,528.0,0.0,173.0,1148.0,233.0
42,W2,383.0,0.0,234.0,1466.0,234.0
42,R1,134.0,0.0,0.0,274.0,180.0
42,R2,0.0,69.0,0.0,277.0,273.0
42,R3,0.0,75.0,0.0,853.0,579.0
43,Supplier,0.0,0.0,467.0,0.0,0.0
43,W1,559.0,0.0,180.0,844.0,513.0
43,W2,104.0,0.0,0.0,1166.0,579.0
43,R1,0.0,42.0,0.0,274.0,356.0
43,R2,124.0,0.0,0.0,273.0,84.0
43,R3,60.0,0.0,0.0,1001.0,296.0
44,Supplier,0.0,0.0,0.0,0.0,0.0
44,W1,203.0,0.0,84.0,1357.0,260.0
44,W2,121.0,0.0,0.0,1432.0,296.0
44,R1,113.0,0.0,0.0,356.0,119.0
44,R2,30.0,0.0,0.0,273.0,178.0
44,R3,0.0,140.0,0.0,1297.0,200.0
45,Supplier,0.0,0.0,0.0,0.0,0.0
45,W1,613.0,0.0,297.0,1207.0,213.0
45,W2,121.0,0.0,200.0,1728.0,200.0
45,R1,0.0,3.0,0.0,356.0,235.0
45,R2,0.0,47.0,0.0,273.0,255.0
45,R3,25.0,0.0,0.0,875.0,457.0
46,Supplier,0.0,0.0,413.0,0.0,0.0
46,W1,358.0,0.0,235.0,1207.0,406.0
46,W2,95.0,0.0,0.0,1297.0,457.0
46,R1,234.0,0.0,0.0,0.0,354.0
46,R2,159.0,0.0,0.0,255.0,67.0
46,R3,0.0,184.0,0.0,1332.0,209.0
47,Supplier,0.0,0.0,0.0,0.0,0.0
47,W1,438.0,0.0,67.0,1179.0,186.0
47,W2,95.0,0.0,209.0,1754.0,209.0
47,R1,100.0,0.0,0.0,354.0,134.0
47,R2,62.0,0.0,0.0,255.0,164.0
47,R3,166.0,0.0,0.0,753.0,438.0
48,Supplier,0.0,0.0,395.0,0.0,0.0
48,W1,438.0,0.0,298.0,1179.0,417.0
48,W2,79.0,0.0,0.0,1332.0,438.0
48,R1,0.0,21.0,0.0,354.0,255.0
48,R2,0.0,22.0,0.0,255.0,248.0
48,R3,234.0,0.0,0.0,895.0,228.0
49,Supplier,0.0,0.0,0.0,0.0,0.0
49,W1,696.0,0.0,248.0,1083.0,205.0
49,W2,79.0,0.0,228.0,1770.0,228.0
49,R1,167.0,0.0,0.0,255.0,166.0
49,R2,152.0,0.0,0.0,0.0,329.0
49,R3,0.0,59.0,0.0,895.0,521.0
50,Supplier,0.0,0.0,433.0,0.0,0.0
50,W1,627.0,0.0,166.0,823.0,452.0
50,W2,137.0,0.0,0.0,1191.0,521.0
50,R1,0.0,31.0,0.0,255.0,364.0
50,R2,54.0,0.0,0.0,329.0,98.0
50,R3,54.0,0.0,0.0,959.0,344.0
51,Supplier,0.0,0.0,0.0,0.0,0.0
51,W1,263.0,0.0,98.0,1275.0,296.0
51,W2,89.0,0.0,0.0,1416.0,344.0
51,R1,82.0,0.0,0.0,364.0,142.0
51,R2,0.0,15.0,0.0,329.0,167.0
51,R3,0.0,153.0,0.0,1303.0,207.0
52,Supplier,0.0,0.0,0.0,0.0,0.0
52,W1,669.0,0.0,309.0,1165.0,211.0
52,W2,89.0,0.0,207.0,1760.0,207.0
52,R1,0.0,32.0,0.0,364.0,256.0
52,R2,0.0,92.0,0.0,329.0,244.0
52,R3,71.0,0.0,0.0,865.0,421.0
53,Supplier,0.0,0.0,418.0,0.0,0.0
53,W1,413.0,0.0,244.0,1165.0,402.0
53,W2,125.0,0.0,0.0,1303.0,421.0
53,R1,222.0,0.0,0.0,256.0,110.0
53,R2,177.0,0.0,0.0,0.0,304.0
53,R3,0.0,153.0,0.0,1286.0,224.0
54,Supplier,0.0,0.0,0.0,0.0,0.0
54,W1,526.0,0.0,110.0,1150.0,170.0
54,W2,125.0,0.0,224.0,1724.0,224.0
54,R1,110.0,0.0,0.0,256.0,222.0
54,R2,112.0,0.0,0.0,304.0,65.0
54,R3,160.0,0.0,0.0,765.0,432.0
55,Supplier,0.0,0.0,394.0,0.0,0.0
55,W1,526.0,0.0,287.0,1150.0,347.0
55,W2,131.0,0.0,0.0,1286.0,432.0
55,R1,231.0,0.0,0.0,0.0,357.0
55,R2,47.0,0.0,0.0,304.0,130.0
55,R3,283.0,0.0,0.0,853.0,221.0
56,Supplier,0.0,0.0,0.0,0.0,0.0
56,W1,621.0,0.0,130.0,1045.0,200.0
56,W2,131.0,0.0,221.0,1718.0,221.0
56,R1,46.0,0.0,0.0,357.0,185.0
56,R2,0.0,43.0,0.0,304.0,220.0
56,R3,15.0,0.0,0.0,853.0,489.0
57,Supplier,0.0,0.0,421.0,0.0,0.0
57,W1,917.0,0.0,405.0,749.0,475.0
57,W2,163.0,0.0,0.0,1197.0,489.0
57,R1,0.0,149.0,0.0,357.0,380.0
57,R2,178.0,0.0,0.0,0.0,303.0
57,R3,165.0,0.0,0.0,921.0,271.0
58,Supplier,0.0,0.0,0.0,0.0,0.0
58,W1,234.0,0.0,0.0,1224.0,278.0
58,W2,236.0,0.0,0.0,1342.0,271.0
58,R1,104.0,0.0,0.0,380.0,104.0
58,R2,94.0,0.0,0.0,303.0,84.0
58,R3,0.0,18.0,0.0,1192.0,183.0
59,Supplier,0.0,0.0,0.0,0.0,0.0
59,W1,636.0,0.0,188.0,1100.0,188.0
59,W2,236.0,0.0,183.0,1613.0,183.0
59,R1,0.0,14.0,0.0,380.0,222.0
59,R2,25.0,0.0,0.0,303.0,153.0
59,R3,244.0,0.0,0.0,760.0,353.0
60,Supplier,0.0,0.0,371.0,0.0,0.0
60,W1,636.0,0.0,375.0,1100.0,375.0
60,W2,304.0,0.0,0.0,1192.0,353.0
60,R1,262.0,0.0,0.0,0.0,326.0
60,R2,0.0,63.0,0.0,303.0,241.0
60,R3,69.0,0.0,0.0,1113.0,175.0
61,Supplier,0.0,0.0,0.0,0.0,0.0
61,W1,657.0,0.0,241.0,1128.0,192.0
61,W2,304.0,0.0,175.0,1545.0,175.0
61,R1,104.0,0.0,0.0,326.0,158.0
61,R2,158.0,0.0,0.0,0.0,323.0
61,R3,329.0,0.0,0.0,624.0,404.0
62,Supplier,0.0,0.0,367.0,0.0,0.0
62,W1,334.0,0.0,158.0,1128.0,432.0
62,W2,332.0,0.0,0.0,1113.0,404.0
62,R1,0.0,80.0,0.0,326.0,342.0
62,R2,51.0,0.0,0.0,323.0,107.0
62,R3,338.0,0.0,0.0,757.0,262.0
63,Supplier,0.0,0.0,0.0,0.0,0.0
63,W1,467.0,0.0,107.0,1085.0,291.0
63,W2,70.0,0.0,0.0,1517.0,262.0
63,R1,51.0,0.0,0.0,342.0,195.0
63,R2,0.0,70.0,0.0,323.0,228.0
63,R3,26.0,0.0,0.0,1019.0,312.0
64,Supplier,0.0,0.0,0.0,0.0,0.0
64,W1,745.0,0.0,423.0,1098.0,316.0
64,W2,247.0,0.0,0.0,1290.0,312.0
64,R1,0.0,169.0,0.0,342.0,415.0
64,R2,0.0,190.0,0.0,323.0,348.0
64,R3,96.0,0.0,0.0,978.0,283.0
65,Supplier,0.0,0.0,0.0,0.0,0.0
65,W1,0.0,0.0,18.0,1414.0,340.0
65,W2,235.0,0.0,0.0,1331.0,283.0
65,R1,14.0,0.0,0.0,415.0,159.0
65,R2,4.0,0.0,0.0,330.0,147.0
65,R3,0.0,89.0,0.0,1261.0,185.0
66,Supplier,0.0,0.0,0.0,0.0,0.0
66,W1,375.0,0.0,306.0,1379.0,288.0
66,W2,235.0,0.0,185.0,1614.0,185.0
66,R1,0.0,110.0,0.0,415.0,283.0
66,R2,0.0,79.0,0.0,330.0,230.0
66,R3,110.0,0.0,0.0,857.0,390.0
67,Supplier,0.0,0.0,185.0,0.0,0.0
67,W1,92.0,0.0,230.0,1667.0,207.0
67,W2,198.0,0.0,0.0,1261.0,390.0
67,R1,189.0,0.0,0.0,283.0,116.0
67,R2,0.0,162.0,0.0,330.0,313.0
67,R3,148.0,0.0,0.0,985.0,224.0
68,Supplier,0.0,0.0,207.0,0.0,0.0
68,W1,211.0,0.0,116.0,1235.0,406.0
68,W2,198.0,0.0,224.0,1651.0,224.0
68,R1,52.0,0.0,0.0,283.0,253.0
68,R2,105.0,0.0,0.0,313.0,63.0
68,R3,288.0,0.0,0.0,673.0,396.0
69,Supplier,0.0,0.0,224.0,0.0,0.0
69,W1,249.0,0.0,63.0,1350.0,200.0
69,W2,206.0,0.0,0.0,1247.0,396.0
69,R1,180.0,0.0,0.0,253.0,155.0
69,R2,38.0,0.0,0.0,313.0,130.0
69,R3,347.0,0.0,0.0,786.0,224.0
70,Supplier,0.0,0.0,200.0,0.0,0.0
70,W1,565.0,0.0,285.0,1034.0,422.0
70,W2,468.0,0.0,224.0,1381.0,224.0
70,R1,0.0,39.0,0.0,253.0,374.0
70,R2,0.0,63.0,0.0,313.0,231.0
70,R3,44.0,0.0,0.0,786.0,527.0
71,Supplier,0.0,0.0,224.0,0.0,0.0
71,W1,531.0,0.0,231.0,1116.0,320.0
71,W2,253.0,0.0,0.0,1069.0,527.0
71,R1,0.0,0.0,0.0,374.0,214.0
71,R2,132.0,0.0,0.0,0.0,349.0
71,R3,101.0,0.0,0.0,923.0,333.0
72,Supplier,0.0,0.0,0.0,0.0,0.0
72,W1,470.0,0.0,214.0,1148.0,332.0
72,W2,203.0,0.0,0.0,1313.0,333.0
72,R1,0.0,127.0,0.0,374.0,341.0
72,R2,35.0,0.0,0.0,349.0,97.0
72,R3,0.0,145.0,0.0,1256.0,246.0
73,Supplier,0.0,0.0,0.0,0.0,0.0
73,W1,129.0,0.0,97.0,1480.0,224.0
73,W2,203.0,0.0,246.0,1646.0,246.0
73,R1,101.0,0.0,0.0,341.0,146.0
73,R2,0.0,56.0,0.0,349.0,188.0
73,R3,40.0,0.0,0.0,860.0,457.0
74,Supplier,0.0,0.0,470.0,0.0,0.0
74,W1,535.0,0.0,334.0,1074.0,461.0
74,W2,136.0,0.0,0.0,1256.0,457.0
74,R1,0.0,15.0,0.0,341.0,262.0
74,R2,0.0,128.0,0.0,349.0,260.0
74,R3,0.0,200.0,0.0,1317.0,240.0
75,Supplier,0.0,0.0,0.0,0.0,0.0
75,W1,13.0,0.0,0.0,1535.0,188.0
75,W2,136.0,0.0,240.0,1713.0,240.0
75,R1,181.0,0.0,0.0,262.0,145.0
75,R2,156.0,0.0,0.0,260.0,65.0
75,R3,125.0,0.0,0.0,790.0,442.0
76,Supplier,0.0,0.0,428.0,0.0,0.0
76,W1,435.0,0.0,210.0,1113.0,398.0
76,W2,90.0,0.0,0.0,1317.0,442.0
76,R1,20.0,0.0,0.0,262.0,306.0
76,R2,70.0,0.0,0.0,260.0,151.0
76,R3,218.0,0.0,0.0,899.0,240.0
77,Supplier,0.0,0.0,0.0,0.0,0.0
77,W1,449.0,0.0,151.0,1191.0,247.0
77,W2,90.0,0.0,240.0,1759.0,240.0
77,R1,71.0,0.0,0.0,306.0,211.0
77,R2,0.0,76.0,0.0,260.0,297.0
77,R3,0.0,71.0,0.0,899.0,529.0
78,Supplier,0.0,0.0,487.0,0.0,0.0
78,W1,484.0,0.0,211.0,859.0,604.0
78,W2,88.0,0.0,0.0,1232.0,529.0
78,R1,0.0,139.0,0.0,306.0,421.0
78,R2,60.0,0.0,0.0,297.0,124.0
78,R3,83.0,0.0,0.0,971.0,303.0
79,Supplier,0.0,0.0,0.0,0.0,0.0
79,W1,63.0,0.0,124.0,1463.0,334.0
79,W2,118.0,0.0,0.0,1428.0,303.0
79,R1,8.0,0.0,0.0,421.0,159.0
79,R2,0.0,22.0,0.0,297.0,206.0
79,R3,0.0,132.0,0.0,1274.0,215.0
80,Supplier,0.0,0.0,0.0,0.0,0.0
80,W1,524.0,0.0,365.0,1336.0,241.0
80,W2,118.0,0.0,215.0,1731.0,215.0
80,R1,0.0,121.0,0.0,421.0,288.0
80,R2,0.0,100.0,0.0,297.0,284.0
80,R3,87.0,0.0,0.0,832.0,438.0
81,Supplier,0.0,0.0,456.0,0.0,0.0
81,W1,236.0,0.0,284.0,1336.0,448.0
81,W2,137.0,0.0,0.0,1274.0,438.0
81,R1,162.0,0.0,0.0,288.0,138.0
81,R2,113.0,0.0,0.0,0.0,368.0
81,R3,0.0,155.0,0.0,1270.0,242.0
82,Supplier,0.0,0.0,0.0,0.0,0.0
82,W1,266.0,0.0,138.0,1386.0,222.0
82,W2,137.0,0.0,242.0,1712.0,242.0
82,R1,37.0,0.0,0.0,288.0,263.0
82,R2,43.0,0.0,0.0,368.0,70.0
82,R3,161.0,0.0,0.0,741.0,455.0
83,Supplier,0.0,0.0,464.0,0.0,0.0
83,W1,3.0,0.0,70.0,1386.0,417.0
83,W2,124.0,0.0,0.0,1270.0,455.0
83,R1,130.0,0.0,0.0,263.0,195.0
83,R2,0.0,39.0,0.0,368.0,152.0
83,R3,153.0,0.0,0.0,893.0,311.0
84,Supplier,0.0,0.0,0.0,0.0,0.0
84,W1,607.0,0.0,347.0,1199.0,277.0
84,W2,124.0,0.0,311.0,1725.0,311.0
84,R1,0.0,85.0,0.0,263.0,410.0
84,R2,0.0,160.0,0.0,368.0,273.0
84,R3,0.0,186.0,0.0,893.0,650.0
85,Supplier,0.0,0.0,0.0,0.0,0.0
85,W1,258.0,0.0,0.0,1142.0,336.0
85,W2,3.0,0.0,0.0,1507.0,339.0
85,R1,0.0,47.0,0.0,410.0,225.0
85,R2,95.0,0.0,0.0,273.0,113.0
85,R3,0.0,66.0,0.0,1105.0,318.0
86,Supplier,0.0,0.0,0.0,0.0,0.0
86,W1,258.0,0.0,338.0,1478.0,338.0
86,W2,0.0,0.0,12.0,1543.0,318.0
86,R1,0.0,172.0,0.0,410.0,350.0
86,R2,23.0,0.0,0.0,273.0,185.0
86,R3,0.0,283.0,0.0,1411.0,229.0
87,Supplier,0.0,0.0,0.0,0.0,0.0
87,W1,356.0,0.0,185.0,1368.0,197.0
87,W2,0.0,0.0,229.0,1861.0,217.0
87,R1,133.0,0.0,0.0,350.0,105.0
87,R2,0.0,44.0,0.0,273.0,252.0
87,R3,3.0,0.0,0.0,956.0,398.0
88,Supplier,0.0,0.0,414.0,0.0,0.0
88,W1,104.0,0.0,105.0,1368.0,369.0
88,W2,40.0,0.0,0.0,1423.0,386.0
88,R1,0.0,3.0,0.0,350.0,241.0
88,R2,155.0,0.0,0.0,252.0,74.0
88,R3,0.0,196.0,0.0,1354.0,199.0
89,Supplier,0.0,0.0,0.0,0.0,0.0
89,W1,521.0,0.0,315.0,1320.0,210.0
89,W2,40.0,0.0,199.0,1809.0,199.0
89,R1,236.0,0.0,0.0,0.0,352.0
89,R2,93.0,0.0,0.0,252.0,136.0
89,R3,261.0,0.0,0.0,704.0,392.0
