t,node_id,sku,on_hand,backlog_external,backlog_children,pipeline_in
0,Supplier,SKU_A,0.0,0.0,0.0,0.0
0,Supplier,SKU_B,0.0,0.0,0.0,0.0
0,W1,SKU_A,1736.0,0.0,0.0,0.0
0,W1,SKU_B,1736.0,0.0,0.0,0.0
0,W2,SKU_A,1849.0,0.0,0.0,0.0
0,W2,SKU_B,1849.0,0.0,0.0,0.0
0,R1,SKU_A,433.0,0.0,0.0,0.0
0,R1,SKU_B,433.0,0.0,0.0,0.0
0,R2,SKU_A,394.0,0.0,0.0,0.0
0,R2,SKU_B,394.0,0.0,0.0,0.0
0,R3,SKU_A,1083.0,0.0,0.0,0.0
0,R3,SKU_B,1083.0,0.0,0.0,0.0
1,Supplier,SKU_A,0.0,0.0,0.0,0.0
1,Supplier,SKU_B,0.0,0.0,0.0,0.0
1,W1,SKU_A,1494.0,0.0,0.0,0.0
1,W1,SKU_B,1494.0,0.0,0.0,0.0
1,W2,SKU_A,1575.0,0.0,0.0,0.0
1,W2,SKU_B,1575.0,0.0,0.0,0.0
1,R1,SKU_A,312.0,0.0,0.0,155.0
1,R1,SKU_B,312.0,0.0,0.0,155.0
1,R2,SKU_A,304.0,0.0,0.0,87.0
1,R2,SKU_B,304.0,0.0,0.0,87.0
1,R3,SKU_A,815.0,0.0,0.0,274.0
1,R3,SKU_B,815.0,0.0,0.0,274.0
2,Supplier,SKU_A,0.0,0.0,0.0,0.0
2,Supplier,SKU_B,0.0,0.0,0.0,0.0
2,W1,SKU_A,1304.0,0.0,21.0,242.0
2,W1,SKU_B,1304.0,0.0,21.0,242.0
2,W2,SKU_A,1307.0,0.0,0.0,274.0
2,W2,SKU_B,1307.0,0.0,0.0,274.0
2,R1,SKU_A,213.0,0.0,0.0,255.0
2,R1,SKU_B,213.0,0.0,0.0,255.0
2,R2,SKU_A,228.0,0.0,0.0,177.0
2,R2,SKU_B,228.0,0.0,0.0,177.0
2,R3,SKU_A,662.0,0.0,0.0,542.0
2,R3,SKU_B,662.0,0.0,0.0,542.0
3,Supplier,SKU_A,0.0,0.0,11.0,0.0
3,Supplier,SKU_B,0.0,0.0,11.0,0.0
3,W1,SKU_A,1128.0,0.0,20.0,442.0
3,W1,SKU_B,1128.0,0.0,20.0,442.0
3,W2,SKU_A,1154.0,0.0,0.0,542.0
3,W2,SKU_B,1154.0,0.0,0.0,542.0
3,R1,SKU_A,263.0,0.0,0.0,200.0
3,R1,SKU_B,263.0,0.0,0.0,200.0
3,R2,SKU_A,145.0,0.0,0.0,253.0
3,R2,SKU_B,145.0,0.0,0.0,253.0
3,R3,SKU_A,474.0,0.0,0.0,695.0
3,R3,SKU_B,474.0,0.0,0.0,695.0
4,Supplier,SKU_A,0.0,0.0,0.0,0.0
4,Supplier,SKU_B,0.0,0.0,0.0,0.0
4,W1,SKU_A,920.0,0.0,0.0,628.0
4,W1,SKU_B,920.0,0.0,0.0,628.0
4,W2,SKU_A,966.0,0.0,0.0,695.0
4,W2,SKU_B,966.0,0.0,0.0,695.0
4,R1,SKU_A,271.0,0.0,0.0,225.0
4,R1,SKU_B,271.0,0.0,0.0,225.0
4,R2,SKU_A,159.0,0.0,0.0,249.0
4,R2,SKU_B,159.0,0.0,0.0,249.0
4,R3,SKU_A,320.0,0.0,0.0,883.0
4,R3,SKU_B,320.0,0.0,0.0,883.0
5,Supplier,SKU_A,0.0,0.0,0.0,0.0
5,Supplier,SKU_B,0.0,0.0,0.0,0.0
5,W1,SKU_A,755.0,0.0,0.0,816.0
5,W1,SKU_B,755.0,0.0,0.0,816.0
5,W2,SKU_A,812.0,0.0,0.0,883.0
5,W2,SKU_B,812.0,0.0,0.0,883.0
5,R1,SKU_A,258.0,0.0,0.0,217.0
5,R1,SKU_B,258.0,0.0,0.0,217.0
5,R2,SKU_A,143.0,0.0,0.0,232.0
5,R2,SKU_B,143.0,0.0,0.0,232.0
5,R3,SKU_A,383.0,0.0,0.0,763.0
5,R3,SKU_B,383.0,0.0,0.0,763.0
6,Supplier,SKU_A,0.0,0.0,0.0,0.0
6,Supplier,SKU_B,0.0,0.0,0.0,0.0
6,W1,SKU_A,555.0,0.0,19.0,981.0
6,W1,SKU_B,555.0,0.0,19.0,981.0
6,W2,SKU_A,612.0,0.0,11.0,1037.0
6,W2,SKU_B,612.0,0.0,11.0,1037.0
6,R1,SKU_A,273.0,0.0,0.0,192.0
6,R1,SKU_B,273.0,0.0,0.0,192.0
6,R2,SKU_A,128.0,0.0,0.0,256.0
6,R2,SKU_B,128.0,0.0,0.0,256.0
6,R3,SKU_A,447.0,0.0,0.0,695.0
6,R3,SKU_B,447.0,0.0,0.0,695.0
7,Supplier,SKU_A,0.0,0.0,30.0,0.0
7,Supplier,SKU_B,0.0,0.0,30.0,0.0
7,W1,SKU_A,600.0,0.0,23.0,939.0
7,W1,SKU_B,600.0,0.0,23.0,939.0
7,W2,SKU_A,412.0,0.0,15.0,1237.0
7,W2,SKU_B,412.0,0.0,15.0,1237.0
7,R1,SKU_A,189.0,0.0,0.0,200.0
7,R1,SKU_B,189.0,0.0,0.0,200.0
7,R2,SKU_A,62.0,0.0,0.0,270.0
7,R2,SKU_B,62.0,0.0,0.0,270.0
7,R3,SKU_A,301.0,0.0,0.0,742.0
7,R3,SKU_B,301.0,0.0,0.0,742.0
8,Supplier,SKU_A,0.0,0.0,35.0,0.0
8,Supplier,SKU_B,0.0,0.0,35.0,0.0
8,W1,SKU_A,452.0,0.0,0.0,939.0
8,W1,SKU_B,452.0,0.0,0.0,939.0
8,W2,SKU_A,386.0,0.0,14.0,1163.0
8,W2,SKU_B,386.0,0.0,14.0,1163.0
8,R1,SKU_A,124.0,0.0,0.0,299.0
8,R1,SKU_B,124.0,0.0,0.0,299.0
8,R2,SKU_A,39.0,0.0,0.0,346.0
8,R2,SKU_B,39.0,0.0,0.0,346.0
8,R3,SKU_A,213.0,0.0,0.0,854.0
8,R3,SKU_B,213.0,0.0,0.0,854.0
9,Supplier,SKU_A,0.0,0.0,14.0,0.0
9,Supplier,SKU_B,0.0,0.0,14.0,0.0
9,W1,SKU_A,377.0,0.0,0.0,1098.0
9,W1,SKU_B,377.0,0.0,0.0,1098.0
9,W2,SKU_A,364.0,0.0,0.0,1195.0
9,W2,SKU_B,364.0,0.0,0.0,1195.0
9,R1,SKU_A,129.0,0.0,0.0,364.0
9,R1,SKU_B,129.0,0.0,0.0,364.0
9,R2,SKU_A,26.0,0.0,0.0,342.0
9,R2,SKU_B,26.0,0.0,0.0,342.0
9,R3,SKU_A,143.0,0.0,0.0,990.0
9,R3,SKU_B,143.0,0.0,0.0,990.0
10,Supplier,SKU_A,0.0,0.0,0.0,0.0
10,Supplier,SKU_B,0.0,0.0,0.0,0.0
10,W1,SKU_A,370.0,0.0,13.0,1171.0
10,W1,SKU_B,370.0,0.0,13.0,1171.0
10,W2,SKU_A,317.0,0.0,24.0,1332.0
10,W2,SKU_B,317.0,0.0,24.0,1332.0
10,R1,SKU_A,232.0,0.0,0.0,260.0
10,R1,SKU_B,232.0,0.0,0.0,260.0
10,R2,SKU_A,17.0,0.0,0.0,345.0
10,R2,SKU_B,17.0,0.0,0.0,345.0
10,R3,SKU_A,159.0,0.0,0.0,990.0
10,R3,SKU_B,159.0,0.0,0.0,990.0
11,Supplier,SKU_A,0.0,0.0,32.0,0.0
11,Supplier,SKU_B,0.0,0.0,32.0,0.0
11,W1,SKU_A,339.0,0.0,19.0,1206.0
11,W1,SKU_B,339.0,0.0,19.0,1206.0
11,W2,SKU_A,305.0,0.0,8.0,1344.0
11,W2,SKU_B,305.0,0.0,8.0,1344.0
11,R1,SKU_A,290.0,0.0,0.0,191.0
11,R1,SKU_B,290.0,0.0,0.0,191.0
11,R2,SKU_A,68.0,0.0,0.0,296.0
11,R2,SKU_B,68.0,0.0,0.0,296.0
11,R3,SKU_A,173.0,0.0,0.0,990.0
11,R3,SKU_B,173.0,0.0,0.0,990.0
12,Supplier,SKU_A,0.0,0.0,18.0,0.0
12,Supplier,SKU_B,0.0,0.0,18.0,0.0
12,W1,SKU_A,339.0,0.0,24.0,1206.0
12,W1,SKU_B,339.0,0.0,24.0,1206.0
12,W2,SKU_A,265.0,0.0,0.0,1390.0
12,W2,SKU_B,265.0,0.0,0.0,1390.0
12,R1,SKU_A,266.0,0.0,0.0,196.0
12,R1,SKU_B,266.0,0.0,0.0,196.0
12,R2,SKU_A,71.0,0.0,0.0,300.0
12,R2,SKU_B,71.0,0.0,0.0,300.0
12,R3,SKU_A,316.0,0.0,0.0,884.0
12,R3,SKU_B,316.0,0.0,0.0,884.0
13,Supplier,SKU_A,0.0,0.0,15.0,0.0
13,Supplier,SKU_B,0.0,0.0,15.0,0.0
13,W1,SKU_A,313.0,0.0,10.0,1206.0
13,W1,SKU_B,313.0,0.0,10.0,1206.0
13,W2,SKU_A,308.0,0.0,0.0,1384.0
13,W2,SKU_B,308.0,0.0,0.0,1384.0
13,R1,SKU_A,202.0,0.0,0.0,226.0
13,R1,SKU_B,202.0,0.0,0.0,226.0
13,R2,SKU_A,53.0,0.0,0.0,300.0
13,R2,SKU_B,53.0,0.0,0.0,300.0
13,R3,SKU_A,355.0,0.0,0.0,751.0
13,R3,SKU_B,355.0,0.0,0.0,751.0
14,Supplier,SKU_A,0.0,0.0,0.0,0.0
14,Supplier,SKU_B,0.0,0.0,0.0,0.0
14,W1,SKU_A,370.0,0.0,0.0,1088.0
14,W1,SKU_B,370.0,0.0,0.0,1088.0
14,W2,SKU_A,257.0,0.0,0.0,1341.0
14,W2,SKU_B,257.0,0.0,0.0,1341.0
14,R1,SKU_A,78.0,0.0,0.0,286.0
14,R1,SKU_B,78.0,0.0,0.0,286.0
14,R2,SKU_A,11.0,0.0,0.0,328.0
14,R2,SKU_B,11.0,0.0,0.0,328.0
14,R3,SKU_A,208.0,0.0,0.0,802.0
14,R3,SKU_B,208.0,0.0,0.0,802.0
15,Supplier,SKU_A,0.0,0.0,0.0,0.0
15,Supplier,SKU_B,0.0,0.0,0.0,0.0
15,W1,SKU_A,289.0,0.0,24.0,1105.0
15,W1,SKU_B,289.0,0.0,24.0,1105.0
15,W2,SKU_A,210.0,0.0,0.0,1292.0
15,W2,SKU_B,210.0,0.0,0.0,1292.0
15,R1,SKU_A,0.0,22.0,0.0,360.0
15,R1,SKU_B,0.0,22.0,0.0,360.0
15,R2,SKU_A,0.0,44.0,0.0,370.0
15,R2,SKU_B,0.0,44.0,0.0,370.0
15,R3,SKU_A,76.0,0.0,0.0,949.0
15,R3,SKU_B,76.0,0.0,0.0,949.0
16,Supplier,SKU_A,0.0,0.0,0.0,0.0
16,Supplier,SKU_B,0.0,0.0,0.0,0.0
16,W1,SKU_A,84.0,0.0,0.0,1271.0
16,W1,SKU_B,84.0,0.0,0.0,1271.0
16,W2,SKU_A,168.0,0.0,0.0,1349.0
16,W2,SKU_B,168.0,0.0,0.0,1349.0
16,R1,SKU_A,0.0,4.0,0.0,450.0
16,R1,SKU_B,0.0,4.0,0.0,450.0
16,R2,SKU_A,0.0,37.0,0.0,425.0
16,R2,SKU_B,0.0,37.0,0.0,425.0
16,R3,SKU_A,53.0,0.0,0.0,1087.0
16,R3,SKU_B,53.0,0.0,0.0,1087.0
17,Supplier,SKU_A,0.0,0.0,0.0,0.0
17,Supplier,SKU_B,0.0,0.0,0.0,0.0
17,W1,SKU_A,49.0,0.0,0.0,1452.0
17,W1,SKU_B,49.0,0.0,0.0,1452.0
17,W2,SKU_A,168.0,0.0,17.0,1481.0
17,W2,SKU_B,168.0,0.0,17.0,1481.0
17,R1,SKU_A,63.0,0.0,0.0,392.0
17,R1,SKU_B,63.0,0.0,0.0,392.0
17,R2,SKU_A,8.0,0.0,0.0,390.0
17,R2,SKU_B,8.0,0.0,0.0,390.0
17,R3,SKU_A,0.0,36.0,0.0,1130.0
17,R3,SKU_B,0.0,36.0,0.0,1130.0
18,Supplier,SKU_A,0.0,0.0,17.0,0.0
18,Supplier,SKU_B,0.0,0.0,17.0,0.0
18,W1,SKU_A,33.0,0.0,0.0,1487.0
18,W1,SKU_B,33.0,0.0,0.0,1487.0
18,W2,SKU_A,105.0,0.0,0.0,1481.0
18,W2,SKU_B,105.0,0.0,0.0,1481.0
18,R1,SKU_A,187.0,0.0,0.0,275.0
18,R1,SKU_B,187.0,0.0,0.0,275.0
18,R2,SKU_A,73.0,0.0,0.0,331.0
18,R2,SKU_B,73.0,0.0,0.0,331.0
18,R3,SKU_A,33.0,0.0,0.0,1142.0
18,R3,SKU_B,33.0,0.0,0.0,1142.0
19,Supplier,SKU_A,0.0,0.0,16.0,0.0
19,Supplier,SKU_B,0.0,0.0,16.0,0.0
19,W1,SKU_A,57.0,0.0,0.0,1460.0
19,W1,SKU_B,57.0,0.0,0.0,1460.0
19,W2,SKU_A,117.0,0.0,0.0,1550.0
19,W2,SKU_B,117.0,0.0,0.0,1550.0
19,R1,SKU_A,194.0,0.0,0.0,259.0
19,R1,SKU_B,194.0,0.0,0.0,259.0
19,R2,SKU_A,151.0,0.0,0.0,253.0
19,R2,SKU_B,151.0,0.0,0.0,253.0
19,R3,SKU_A,193.0,0.0,0.0,977.0
19,R3,SKU_B,193.0,0.0,0.0,977.0
20,Supplier,SKU_A,0.0,0.0,19.0,0.0
20,Supplier,SKU_B,0.0,0.0,19.0,0.0
20,W1,SKU_A,123.0,0.0,0.0,1382.0
20,W1,SKU_B,123.0,0.0,0.0,1382.0
20,W2,SKU_A,87.0,0.0,0.0,1575.0
20,W2,SKU_B,87.0,0.0,0.0,1575.0
20,R1,SKU_A,173.0,0.0,0.0,261.0
20,R1,SKU_B,173.0,0.0,0.0,261.0
20,R2,SKU_A,157.0,0.0,0.0,237.0
20,R2,SKU_B,157.0,0.0,0.0,237.0
20,R3,SKU_A,277.0,0.0,0.0,832.0
20,R3,SKU_B,277.0,0.0,0.0,832.0
21,Supplier,SKU_A,0.0,0.0,0.0,0.0
21,Supplier,SKU_B,0.0,0.0,0.0,0.0
21,W1,SKU_A,248.0,0.0,0.0,1247.0
21,W1,SKU_B,248.0,0.0,0.0,1247.0
21,W2,SKU_A,90.0,0.0,0.0,1511.0
21,W2,SKU_B,90.0,0.0,0.0,1511.0
21,R1,SKU_A,95.0,0.0,0.0,289.0
21,R1,SKU_B,95.0,0.0,0.0,289.0
21,R2,SKU_A,140.0,0.0,0.0,241.0
21,R2,SKU_B,140.0,0.0,0.0,241.0
21,R3,SKU_A,173.0,0.0,0.0,880.0
21,R3,SKU_B,173.0,0.0,0.0,880.0
22,Supplier,SKU_A,0.0,0.0,0.0,0.0
22,Supplier,SKU_B,0.0,0.0,0.0,0.0
22,W1,SKU_A,329.0,0.0,4.0,1107.0
22,W1,SKU_B,329.0,0.0,4.0,1107.0
22,W2,SKU_A,137.0,0.0,4.0,1412.0
22,W2,SKU_B,137.0,0.0,4.0,1412.0
22,R1,SKU_A,46.0,0.0,0.0,354.0
22,R1,SKU_B,46.0,0.0,0.0,354.0
22,R2,SKU_A,109.0,0.0,0.0,264.0
22,R2,SKU_B,109.0,0.0,0.0,264.0
22,R3,SKU_A,164.0,0.0,0.0,917.0
22,R3,SKU_B,164.0,0.0,0.0,917.0
23,Supplier,SKU_A,0.0,0.0,8.0,0.0
23,Supplier,SKU_B,0.0,0.0,8.0,0.0
23,W1,SKU_A,276.0,0.0,8.0,1172.0
23,W1,SKU_B,276.0,0.0,8.0,1172.0
23,W2,SKU_A,193.0,0.0,0.0,1380.0
23,W2,SKU_B,193.0,0.0,0.0,1380.0
23,R1,SKU_A,83.0,0.0,0.0,388.0
23,R1,SKU_B,83.0,0.0,0.0,388.0
23,R2,SKU_A,97.0,0.0,0.0,287.0
23,R2,SKU_B,97.0,0.0,0.0,287.0
23,R3,SKU_A,174.0,0.0,0.0,1011.0
23,R3,SKU_B,174.0,0.0,0.0,1011.0
24,Supplier,SKU_A,0.0,0.0,0.0,0.0
24,Supplier,SKU_B,0.0,0.0,0.0,0.0
24,W1,SKU_A,279.0,0.0,17.0,1268.0
24,W1,SKU_B,279.0,0.0,17.0,1268.0
24,W2,SKU_A,221.0,0.0,0.0,1456.0
24,W2,SKU_B,221.0,0.0,0.0,1456.0
24,R1,SKU_A,144.0,0.0,0.0,288.0
24,R1,SKU_B,144.0,0.0,0.0,288.0
24,R2,SKU_A,101.0,0.0,0.0,297.0
24,R2,SKU_B,101.0,0.0,0.0,297.0
24,R3,SKU_A,149.0,0.0,0.0,996.0
24,R3,SKU_B,149.0,0.0,0.0,996.0
25,Supplier,SKU_A,0.0,0.0,6.0,0.0
25,Supplier,SKU_B,0.0,0.0,6.0,0.0
25,W1,SKU_A,240.0,0.0,0.0,1268.0
25,W1,SKU_B,240.0,0.0,0.0,1268.0
25,W2,SKU_A,284.0,0.0,12.0,1365.0
25,W2,SKU_B,284.0,0.0,12.0,1365.0
25,R1,SKU_A,206.0,0.0,0.0,256.0
25,R1,SKU_B,206.0,0.0,0.0,256.0
25,R2,SKU_A,135.0,0.0,0.0,280.0
25,R2,SKU_B,135.0,0.0,0.0,280.0
25,R3,SKU_A,192.0,0.0,0.0,948.0
25,R3,SKU_B,192.0,0.0,0.0,948.0
26,Supplier,SKU_A,0.0,0.0,12.0,0.0
26,Supplier,SKU_B,0.0,0.0,12.0,0.0
26,W1,SKU_A,279.0,0.0,0.0,1265.0
26,W1,SKU_B,279.0,0.0,0.0,1265.0
26,W2,SKU_A,266.0,0.0,17.0,1383.0
26,W2,SKU_B,266.0,0.0,17.0,1383.0
26,R1,SKU_A,186.0,0.0,0.0,282.0
26,R1,SKU_B,186.0,0.0,0.0,282.0
26,R2,SKU_A,164.0,0.0,0.0,246.0
26,R2,SKU_B,164.0,0.0,0.0,246.0
26,R3,SKU_A,302.0,0.0,0.0,848.0
26,R3,SKU_B,302.0,0.0,0.0,848.0
27,Supplier,SKU_A,0.0,0.0,17.0,0.0
27,Supplier,SKU_B,0.0,0.0,17.0,0.0
27,W1,SKU_A,349.0,0.0,20.0,1216.0
27,W1,SKU_B,349.0,0.0,20.0,1216.0
27,W2,SKU_A,253.0,0.0,7.0,1396.0
27,W2,SKU_B,253.0,0.0,7.0,1396.0
27,R1,SKU_A,186.0,0.0,0.0,226.0
27,R1,SKU_B,186.0,0.0,0.0,226.0
27,R2,SKU_A,162.0,0.0,0.0,220.0
27,R2,SKU_B,162.0,0.0,0.0,220.0
27,R3,SKU_A,345.0,0.0,0.0,772.0
27,R3,SKU_B,345.0,0.0,0.0,772.0
28,Supplier,SKU_A,0.0,0.0,7.0,0.0
28,Supplier,SKU_B,0.0,0.0,7.0,0.0
28,W1,SKU_A,374.0,0.0,0.0,1107.0
28,W1,SKU_B,374.0,0.0,0.0,1107.0
28,W2,SKU_A,261.0,0.0,0.0,1348.0
28,W2,SKU_B,261.0,0.0,0.0,1348.0
28,R1,SKU_A,147.0,0.0,0.0,276.0
28,R1,SKU_B,147.0,0.0,0.0,276.0
28,R2,SKU_A,147.0,0.0,0.0,236.0
28,R2,SKU_B,147.0,0.0,0.0,236.0
28,R3,SKU_A,212.0,0.0,0.0,840.0
28,R3,SKU_B,212.0,0.0,0.0,840.0
29,Supplier,SKU_A,0.0,0.0,0.0,0.0
29,Supplier,SKU_B,0.0,0.0,0.0,0.0
29,W1,SKU_A,407.0,0.0,0.0,1066.0
29,W1,SKU_B,407.0,0.0,0.0,1066.0
29,W2,SKU_A,261.0,0.0,5.0,1288.0
29,W2,SKU_B,261.0,0.0,5.0,1288.0
29,R1,SKU_A,53.0,0.0,0.0,341.0
29,R1,SKU_B,53.0,0.0,0.0,341.0
29,R2,SKU_A,136.0,0.0,0.0,268.0
29,R2,SKU_B,136.0,0.0,0.0,268.0
29,R3,SKU_A,115.0,0.0,0.0,940.0
29,R3,SKU_B,115.0,0.0,0.0,940.0
30,Supplier,SKU_A,0.0,0.0,5.0,0.0
30,Supplier,SKU_B,0.0,0.0,5.0,0.0
30,W1,SKU_A,336.0,0.0,0.0,1129.0
30,W1,SKU_B,336.0,0.0,0.0,1129.0
30,W2,SKU_A,237.0,0.0,2.0,1312.0
30,W2,SKU_B,237.0,0.0,2.0,1312.0
30,R1,SKU_A,110.0,0.0,0.0,359.0
30,R1,SKU_B,110.0,0.0,0.0,359.0
30,R2,SKU_A,137.0,0.0,0.0,274.0
30,R2,SKU_B,137.0,0.0,0.0,274.0
30,R3,SKU_A,147.0,0.0,0.0,1040.0
30,R3,SKU_B,147.0,0.0,0.0,1040.0
31,Supplier,SKU_A,0.0,0.0,2.0,0.0
31,Supplier,SKU_B,0.0,0.0,2.0,0.0
31,W1,SKU_A,394.0,0.0,19.0,1172.0
31,W1,SKU_B,394.0,0.0,19.0,1172.0
31,W2,SKU_A,239.0,0.0,0.0,1440.0
31,W2,SKU_B,239.0,0.0,0.0,1440.0
31,R1,SKU_A,152.0,0.0,0.0,294.0
31,R1,SKU_B,152.0,0.0,0.0,294.0
31,R2,SKU_A,153.0,0.0,0.0,245.0
31,R2,SKU_B,153.0,0.0,0.0,245.0
31,R3,SKU_A,105.0,0.0,0.0,1010.0
31,R3,SKU_B,105.0,0.0,0.0,1010.0
32,Supplier,SKU_A,0.0,0.0,0.0,0.0
32,Supplier,SKU_B,0.0,0.0,0.0,0.0
32,W1,SKU_A,361.0,0.0,0.0,1169.0
32,W1,SKU_B,361.0,0.0,0.0,1169.0
32,W2,SKU_A,197.0,0.0,0.0,1410.0
32,W2,SKU_B,197.0,0.0,0.0,1410.0
32,R1,SKU_A,219.0,0.0,0.0,242.0
32,R1,SKU_B,219.0,0.0,0.0,242.0
32,R2,SKU_A,170.0,0.0,0.0,230.0
32,R2,SKU_B,170.0,0.0,0.0,230.0
32,R3,SKU_A,137.0,0.0,0.0,1012.0
32,R3,SKU_B,137.0,0.0,0.0,1012.0
33,Supplier,SKU_A,0.0,0.0,6.0,0.0
33,Supplier,SKU_B,0.0,0.0,6.0,0.0
33,W1,SKU_A,344.0,0.0,0.0,1178.0
33,W1,SKU_B,344.0,0.0,0.0,1178.0
33,W2,SKU_A,197.0,0.0,8.0,1452.0
33,W2,SKU_B,197.0,0.0,8.0,1452.0
33,R1,SKU_A,170.0,0.0,0.0,269.0
33,R1,SKU_B,170.0,0.0,0.0,269.0
33,R2,SKU_A,145.0,0.0,0.0,234.0
33,R2,SKU_B,145.0,0.0,0.0,234.0
33,R3,SKU_A,234.0,0.0,0.0,912.0
33,R3,SKU_B,234.0,0.0,0.0,912.0
34,Supplier,SKU_A,0.0,0.0,22.0,0.0
34,Supplier,SKU_B,0.0,0.0,22.0,0.0
34,W1,SKU_A,350.0,0.0,2.0,1123.0
34,W1,SKU_B,350.0,0.0,2.0,1123.0
34,W2,SKU_A,197.0,0.0,11.0,1452.0
34,W2,SKU_B,197.0,0.0,11.0,1452.0
34,R1,SKU_A,146.0,0.0,0.0,276.0
34,R1,SKU_B,146.0,0.0,0.0,276.0
34,R2,SKU_A,123.0,0.0,0.0,264.0
34,R2,SKU_B,123.0,0.0,0.0,264.0
34,R3,SKU_A,284.0,0.0,0.0,812.0
34,R3,SKU_B,284.0,0.0,0.0,812.0
35,Supplier,SKU_A,0.0,0.0,11.0,0.0
35,Supplier,SKU_B,0.0,0.0,11.0,0.0
35,W1,SKU_A,353.0,0.0,0.0,1125.0
35,W1,SKU_B,353.0,0.0,0.0,1125.0
35,W2,SKU_A,176.0,0.0,0.0,1412.0
35,W2,SKU_B,176.0,0.0,0.0,1412.0
35,R1,SKU_A,93.0,0.0,0.0,315.0
35,R1,SKU_B,93.0,0.0,0.0,315.0
35,R2,SKU_A,68.0,0.0,0.0,275.0
35,R2,SKU_B,68.0,0.0,0.0,275.0
35,R3,SKU_A,154.0,0.0,0.0,903.0
35,R3,SKU_B,154.0,0.0,0.0,903.0
36,Supplier,SKU_A,0.0,0.0,0.0,0.0
36,Supplier,SKU_B,0.0,0.0,0.0,0.0
36,W1,SKU_A,306.0,0.0,0.0,1112.0
36,W1,SKU_B,306.0,0.0,0.0,1112.0
36,W2,SKU_A,176.0,0.0,0.0,1373.0
36,W2,SKU_B,176.0,0.0,0.0,1373.0
36,R1,SKU_A,63.0,0.0,0.0,346.0
36,R1,SKU_B,63.0,0.0,0.0,346.0
36,R2,SKU_A,24.0,0.0,0.0,332.0
36,R2,SKU_B,24.0,0.0,0.0,332.0
36,R3,SKU_A,83.0,0.0,0.0,961.0
36,R3,SKU_B,83.0,0.0,0.0,961.0
37,Supplier,SKU_A,0.0,0.0,18.0,0.0
37,Supplier,SKU_B,0.0,0.0,18.0,0.0
37,W1,SKU_A,191.0,0.0,0.0,1223.0
37,W1,SKU_B,191.0,0.0,0.0,1223.0
37,W2,SKU_A,176.0,0.0,13.0,1373.0
37,W2,SKU_B,176.0,0.0,13.0,1373.0
37,R1,SKU_A,129.0,0.0,0.0,359.0
37,R1,SKU_B,129.0,0.0,0.0,359.0
37,R2,SKU_A,39.0,0.0,0.0,357.0
37,R2,SKU_B,39.0,0.0,0.0,357.0
37,R3,SKU_A,58.0,0.0,0.0,1061.0
37,R3,SKU_B,58.0,0.0,0.0,1061.0
38,Supplier,SKU_A,0.0,0.0,35.0,0.0
38,Supplier,SKU_B,0.0,0.0,35.0,0.0
38,W1,SKU_A,206.0,0.0,0.0,1323.0
38,W1,SKU_B,206.0,0.0,0.0,1323.0
38,W2,SKU_A,108.0,0.0,0.0,1503.0
38,W2,SKU_B,108.0,0.0,0.0,1503.0
38,R1,SKU_A,192.0,0.0,0.0,279.0
38,R1,SKU_B,192.0,0.0,0.0,279.0
38,R2,SKU_A,25.0,0.0,0.0,348.0
38,R2,SKU_B,25.0,0.0,0.0,348.0
38,R3,SKU_A,52.0,0.0,0.0,1099.0
38,R3,SKU_B,52.0,0.0,0.0,1099.0
39,Supplier,SKU_A,0.0,0.0,7.0,0.0
39,Supplier,SKU_B,0.0,0.0,7.0,0.0
39,W1,SKU_A,206.0,0.0,25.0,1323.0
39,W1,SKU_B,206.0,0.0,25.0,1323.0
39,W2,SKU_A,150.0,0.0,6.0,1499.0
39,W2,SKU_B,150.0,0.0,6.0,1499.0
39,R1,SKU_A,235.0,0.0,0.0,200.0
39,R1,SKU_B,235.0,0.0,0.0,200.0
39,R2,SKU_A,79.0,0.0,0.0,310.0
39,R2,SKU_B,79.0,0.0,0.0,310.0
39,R3,SKU_A,117.0,0.0,0.0,1038.0
39,R3,SKU_B,117.0,0.0,0.0,1038.0
40,Supplier,SKU_A,0.0,0.0,6.0,0.0
40,Supplier,SKU_B,0.0,0.0,6.0,0.0
40,W1,SKU_A,226.0,0.0,0.0,1290.0
40,W1,SKU_B,226.0,0.0,0.0,1290.0
40,W2,SKU_A,150.0,0.0,2.0,1499.0
40,W2,SKU_B,150.0,0.0,2.0,1499.0
40,R1,SKU_A,212.0,0.0,0.0,253.0
40,R1,SKU_B,212.0,0.0,0.0,253.0
40,R2,SKU_A,113.0,0.0,0.0,277.0
40,R2,SKU_B,113.0,0.0,0.0,277.0
40,R3,SKU_A,191.0,0.0,0.0,938.0
40,R3,SKU_B,191.0,0.0,0.0,938.0
41,Supplier,SKU_A,0.0,0.0,22.0,0.0
41,Supplier,SKU_B,0.0,0.0,22.0,0.0
41,W1,SKU_A,293.0,0.0,23.0,1232.0
41,W1,SKU_B,293.0,0.0,23.0,1232.0
41,W2,SKU_A,122.0,0.0,0.0,1499.0
41,W2,SKU_B,122.0,0.0,0.0,1499.0
41,R1,SKU_A,161.0,0.0,0.0,253.0
41,R1,SKU_B,161.0,0.0,0.0,253.0
41,R2,SKU_A,116.0,0.0,0.0,283.0
41,R2,SKU_B,116.0,0.0,0.0,283.0
41,R3,SKU_A,257.0,0.0,0.0,866.0
41,R3,SKU_B,257.0,0.0,0.0,866.0
42,Supplier,SKU_A,0.0,0.0,0.0,0.0
42,Supplier,SKU_B,0.0,0.0,0.0,0.0
42,W1,SKU_A,337.0,0.0,0.0,1166.0
42,W1,SKU_B,337.0,0.0,0.0,1166.0
42,W2,SKU_A,149.0,0.0,0.0,1466.0
42,W2,SKU_B,149.0,0.0,0.0,1466.0
42,R1,SKU_A,134.0,0.0,0.0,274.0
42,R1,SKU_B,134.0,0.0,0.0,274.0
42,R2,SKU_A,116.0,0.0,0.0,265.0
42,R2,SKU_B,116.0,0.0,0.0,265.0
42,R3,SKU_A,150.0,0.0,0.0,862.0
42,R3,SKU_B,150.0,0.0,0.0,862.0
43,Supplier,SKU_A,0.0,0.0,0.0,0.0
43,Supplier,SKU_B,0.0,0.0,0.0,0.0
43,W1,SKU_A,357.0,0.0,0.0,1099.0
43,W1,SKU_B,357.0,0.0,0.0,1099.0
43,W2,SKU_A,104.0,0.0,0.0,1400.0
43,W2,SKU_B,104.0,0.0,0.0,1400.0
43,R1,SKU_A,58.0,0.0,0.0,354.0
43,R1,SKU_B,58.0,0.0,0.0,354.0
43,R2,SKU_A,124.0,0.0,0.0,273.0
43,R2,SKU_B,124.0,0.0,0.0,273.0
43,R3,SKU_A,54.0,0.0,0.0,1007.0
43,R3,SKU_B,54.0,0.0,0.0,1007.0
44,Supplier,SKU_A,0.0,0.0,0.0,0.0
44,Supplier,SKU_B,0.0,0.0,0.0,0.0
44,W1,SKU_A,297.0,0.0,0.0,1179.0
44,W1,SKU_B,297.0,0.0,0.0,1179.0
44,W2,SKU_A,108.0,0.0,0.0,1445.0
44,W2,SKU_B,108.0,0.0,0.0,1445.0
44,R1,SKU_A,113.0,0.0,0.0,356.0
44,R1,SKU_B,113.0,0.0,0.0,356.0
44,R2,SKU_A,121.0,0.0,0.0,266.0
44,R2,SKU_B,121.0,0.0,0.0,266.0
44,R3,SKU_A,54.0,0.0,0.0,1103.0
44,R3,SKU_B,54.0,0.0,0.0,1103.0
45,Supplier,SKU_A,0.0,0.0,0.0,0.0
45,Supplier,SKU_B,0.0,0.0,0.0,0.0
45,W1,SKU_A,335.0,0.0,19.0,1207.0
45,W1,SKU_B,335.0,0.0,19.0,1207.0
45,W2,SKU_A,146.0,0.0,0.0,1503.0
45,W2,SKU_B,146.0,0.0,0.0,1503.0
45,R1,SKU_A,177.0,0.0,0.0,276.0
45,R1,SKU_B,177.0,0.0,0.0,276.0
45,R2,SKU_A,126.0,0.0,0.0,278.0
45,R2,SKU_B,126.0,0.0,0.0,278.0
45,R3,SKU_A,25.0,0.0,0.0,1075.0
45,R3,SKU_B,25.0,0.0,0.0,1075.0
46,Supplier,SKU_A,0.0,0.0,13.0,0.0
46,Supplier,SKU_B,0.0,0.0,13.0,0.0
46,W1,SKU_A,323.0,0.0,0.0,1207.0
46,W1,SKU_B,323.0,0.0,0.0,1207.0
46,W2,SKU_A,89.0,0.0,0.0,1503.0
46,W2,SKU_B,89.0,0.0,0.0,1503.0
46,R1,SKU_A,234.0,0.0,0.0,235.0
46,R1,SKU_B,234.0,0.0,0.0,235.0
46,R2,SKU_A,159.0,0.0,0.0,255.0
46,R2,SKU_B,159.0,0.0,0.0,255.0
46,R3,SKU_A,50.0,0.0,0.0,1098.0
46,R3,SKU_B,50.0,0.0,0.0,1098.0
47,Supplier,SKU_A,0.0,0.0,6.0,0.0
47,Supplier,SKU_B,0.0,0.0,6.0,0.0
47,W1,SKU_A,390.0,0.0,19.0,1173.0
47,W1,SKU_B,390.0,0.0,19.0,1173.0
47,W2,SKU_A,89.0,0.0,9.0,1560.0
47,W2,SKU_B,89.0,0.0,9.0,1560.0
47,R1,SKU_A,200.0,0.0,0.0,235.0
47,R1,SKU_B,200.0,0.0,0.0,235.0
47,R2,SKU_A,146.0,0.0,0.0,238.0
47,R2,SKU_B,146.0,0.0,0.0,238.0
47,R3,SKU_A,166.0,0.0,0.0,953.0
47,R3,SKU_B,166.0,0.0,0.0,953.0
48,Supplier,SKU_A,0.0,0.0,9.0,0.0
48,Supplier,SKU_B,0.0,0.0,9.0,0.0
48,W1,SKU_A,373.0,0.0,0.0,1132.0
48,W1,SKU_B,373.0,0.0,0.0,1132.0
48,W2,SKU_A,79.0,0.0,0.0,1532.0
48,W2,SKU_B,79.0,0.0,0.0,1532.0
48,R1,SKU_A,214.0,0.0,0.0,253.0
48,R1,SKU_B,214.0,0.0,0.0,253.0
48,R2,SKU_A,156.0,0.0,0.0,241.0
48,R2,SKU_B,156.0,0.0,0.0,241.0
48,R3,SKU_A,234.0,0.0,0.0,895.0
48,R3,SKU_B,234.0,0.0,0.0,895.0
49,Supplier,SKU_A,0.0,0.0,0.0,0.0
49,Supplier,SKU_B,0.0,0.0,0.0,0.0
49,W1,SKU_A,469.0,0.0,21.0,1083.0
49,W1,SKU_B,469.0,0.0,21.0,1083.0
49,W2,SKU_A,85.0,0.0,0.0,1536.0
49,W2,SKU_B,85.0,0.0,0.0,1536.0
49,R1,SKU_A,148.0,0.0,0.0,253.0
49,R1,SKU_B,148.0,0.0,0.0,253.0
49,R2,SKU_A,152.0,0.0,0.0,248.0
49,R2,SKU_B,152.0,0.0,0.0,248.0
49,R3,SKU_A,141.0,0.0,0.0,923.0
49,R3,SKU_B,141.0,0.0,0.0,923.0
50,Supplier,SKU_A,0.0,0.0,5.0,0.0
50,Supplier,SKU_B,0.0,0.0,5.0,0.0
50,W1,SKU_A,461.0,0.0,0.0,1023.0
50,W1,SKU_B,461.0,0.0,0.0,1023.0
50,W2,SKU_A,137.0,0.0,0.0,1419.0
50,W2,SKU_B,137.0,0.0,0.0,1419.0
50,R1,SKU_A,103.0,0.0,0.0,287.0
50,R1,SKU_B,103.0,0.0,0.0,287.0
50,R2,SKU_A,121.0,0.0,0.0,262.0
50,R2,SKU_B,121.0,0.0,0.0,262.0
50,R3,SKU_A,54.0,0.0,0.0,959.0
50,R3,SKU_B,54.0,0.0,0.0,959.0
51,Supplier,SKU_A,0.0,0.0,0.0,0.0
51,Supplier,SKU_B,0.0,0.0,0.0,0.0
51,W1,SKU_A,365.0,0.0,0.0,1075.0
51,W1,SKU_B,365.0,0.0,0.0,1075.0
51,W2,SKU_A,89.0,0.0,0.0,1416.0
51,W2,SKU_B,89.0,0.0,0.0,1416.0
51,R1,SKU_A,61.0,0.0,0.0,385.0
51,R1,SKU_B,61.0,0.0,0.0,385.0
51,R2,SKU_A,149.0,0.0,0.0,263.0
51,R2,SKU_B,149.0,0.0,0.0,263.0
51,R3,SKU_A,47.0,0.0,0.0,1103.0
51,R3,SKU_B,47.0,0.0,0.0,1103.0
52,Supplier,SKU_A,0.0,0.0,0.0,0.0
52,Supplier,SKU_B,0.0,0.0,0.0,0.0
52,W1,SKU_A,354.0,0.0,0.0,1171.0
52,W1,SKU_B,354.0,0.0,0.0,1171.0
52,W2,SKU_A,89.0,0.0,7.0,1560.0
52,W2,SKU_B,89.0,0.0,7.0,1560.0
52,R1,SKU_A,134.0,0.0,0.0,340.0
52,R1,SKU_B,134.0,0.0,0.0,340.0
52,R2,SKU_A,156.0,0.0,0.0,248.0
52,R2,SKU_B,156.0,0.0,0.0,248.0
52,R3,SKU_A,71.0,0.0,0.0,1065.0
52,R3,SKU_B,71.0,0.0,0.0,1065.0
53,Supplier,SKU_A,0.0,0.0,18.0,0.0
53,Supplier,SKU_B,0.0,0.0,18.0,0.0
53,W1,SKU_A,369.0,0.0,14.0,1179.0
53,W1,SKU_B,369.0,0.0,14.0,1179.0
53,W2,SKU_A,146.0,0.0,21.0,1503.0
53,W2,SKU_B,146.0,0.0,21.0,1503.0
53,R1,SKU_A,222.0,0.0,0.0,242.0
53,R1,SKU_B,222.0,0.0,0.0,242.0
53,R2,SKU_A,177.0,0.0,0.0,244.0
53,R2,SKU_B,177.0,0.0,0.0,244.0
53,R3,SKU_A,75.0,0.0,0.0,1037.0
53,R3,SKU_B,75.0,0.0,0.0,1037.0
54,Supplier,SKU_A,0.0,0.0,23.0,0.0
54,Supplier,SKU_B,0.0,0.0,23.0,0.0
54,W1,SKU_A,440.0,0.0,24.0,1148.0
54,W1,SKU_B,440.0,0.0,24.0,1148.0
54,W2,SKU_A,101.0,0.0,0.0,1503.0
54,W2,SKU_B,101.0,0.0,0.0,1503.0
54,R1,SKU_A,252.0,0.0,0.0,200.0
54,R1,SKU_B,252.0,0.0,0.0,200.0
54,R2,SKU_A,210.0,0.0,0.0,206.0
54,R2,SKU_B,210.0,0.0,0.0,206.0
54,R3,SKU_A,160.0,0.0,0.0,989.0
54,R3,SKU_B,160.0,0.0,0.0,989.0
55,Supplier,SKU_A,0.0,0.0,0.0,0.0
55,Supplier,SKU_B,0.0,0.0,0.0,0.0
55,W1,SKU_A,439.0,0.0,0.0,1120.0
55,W1,SKU_B,439.0,0.0,0.0,1120.0
55,W2,SKU_A,139.0,0.0,8.0,1510.0
55,W2,SKU_B,139.0,0.0,8.0,1510.0
55,R1,SKU_A,217.0,0.0,0.0,236.0
55,R1,SKU_B,217.0,0.0,0.0,236.0
55,R2,SKU_A,214.0,0.0,0.0,202.0
55,R2,SKU_B,214.0,0.0,0.0,202.0
55,R3,SKU_A,283.0,0.0,0.0,845.0
55,R3,SKU_B,283.0,0.0,0.0,845.0
56,Supplier,SKU_A,0.0,0.0,8.0,0.0
56,Supplier,SKU_B,0.0,0.0,8.0,0.0
56,W1,SKU_A,491.0,0.0,0.0,1045.0
56,W1,SKU_B,491.0,0.0,0.0,1045.0
56,W2,SKU_A,138.0,0.0,0.0,1482.0
56,W2,SKU_B,138.0,0.0,0.0,1482.0
56,R1,SKU_A,132.0,0.0,0.0,271.0
56,R1,SKU_B,132.0,0.0,0.0,271.0
56,R2,SKU_A,201.0,0.0,0.0,190.0
56,R2,SKU_B,201.0,0.0,0.0,190.0
56,R3,SKU_A,215.0,0.0,0.0,874.0
56,R3,SKU_B,215.0,0.0,0.0,874.0
57,Supplier,SKU_A,0.0,0.0,0.0,0.0
57,Supplier,SKU_B,0.0,0.0,0.0,0.0
57,W1,SKU_A,512.0,0.0,0.0,949.0
57,W1,SKU_B,512.0,0.0,0.0,949.0
57,W2,SKU_A,163.0,0.0,0.0,1418.0
57,W2,SKU_B,163.0,0.0,0.0,1418.0
57,R1,SKU_A,73.0,0.0,0.0,320.0
57,R1,SKU_B,73.0,0.0,0.0,320.0
57,R2,SKU_A,178.0,0.0,0.0,220.0
57,R2,SKU_B,178.0,0.0,0.0,220.0
57,R3,SKU_A,144.0,0.0,0.0,942.0
57,R3,SKU_B,144.0,0.0,0.0,942.0
58,Supplier,SKU_A,0.0,0.0,0.0,0.0
58,Supplier,SKU_B,0.0,0.0,0.0,0.0
58,W1,SKU_A,434.0,0.0,0.0,1024.0
58,W1,SKU_B,434.0,0.0,0.0,1024.0
58,W2,SKU_A,236.0,0.0,0.0,1342.0
58,W2,SKU_B,236.0,0.0,0.0,1342.0
58,R1,SKU_A,104.0,0.0,0.0,380.0
58,R1,SKU_B,104.0,0.0,0.0,380.0
58,R2,SKU_A,159.0,0.0,0.0,238.0
58,R2,SKU_B,159.0,0.0,0.0,238.0
58,R3,SKU_A,206.0,0.0,0.0,968.0
58,R3,SKU_B,206.0,0.0,0.0,968.0
59,Supplier,SKU_A,0.0,0.0,0.0,0.0
59,Supplier,SKU_B,0.0,0.0,0.0,0.0
59,W1,SKU_A,450.0,0.0,4.0,1102.0
59,W1,SKU_B,450.0,0.0,4.0,1102.0
59,W2,SKU_A,253.0,0.0,0.0,1413.0
59,W2,SKU_B,253.0,0.0,0.0,1413.0
59,R1,SKU_A,171.0,0.0,0.0,295.0
59,R1,SKU_B,171.0,0.0,0.0,295.0
59,R2,SKU_A,155.0,0.0,0.0,257.0
59,R2,SKU_B,155.0,0.0,0.0,257.0
59,R3,SKU_A,236.0,0.0,0.0,951.0
59,R3,SKU_B,236.0,0.0,0.0,951.0
60,Supplier,SKU_A,0.0,0.0,0.0,0.0
60,Supplier,SKU_B,0.0,0.0,0.0,0.0
60,W1,SKU_A,453.0,0.0,22.0,1118.0
60,W1,SKU_B,453.0,0.0,22.0,1118.0
60,W2,SKU_A,283.0,0.0,0.0,1396.0
60,W2,SKU_B,283.0,0.0,0.0,1396.0
60,R1,SKU_A,262.0,0.0,0.0,200.0
60,R1,SKU_B,262.0,0.0,0.0,200.0
60,R2,SKU_A,157.0,0.0,0.0,236.0
60,R2,SKU_B,157.0,0.0,0.0,236.0
60,R3,SKU_A,290.0,0.0,0.0,892.0
60,R3,SKU_B,290.0,0.0,0.0,892.0
61,Supplier,SKU_A,0.0,0.0,0.0,0.0
61,Supplier,SKU_B,0.0,0.0,0.0,0.0
61,W1,SKU_A,416.0,0.0,0.0,1128.0
61,W1,SKU_B,416.0,0.0,0.0,1128.0
61,W2,SKU_A,353.0,0.0,0.0,1321.0
61,W2,SKU_B,353.0,0.0,0.0,1321.0
61,R1,SKU_A,204.0,0.0,0.0,226.0
61,R1,SKU_B,204.0,0.0,0.0,226.0
61,R2,SKU_A,158.0,0.0,0.0,241.0
61,R2,SKU_B,158.0,0.0,0.0,241.0
61,R3,SKU_A,329.0,0.0,0.0,799.0
61,R3,SKU_B,329.0,0.0,0.0,799.0
62,Supplier,SKU_A,0.0,0.0,0.0,0.0
62,Supplier,SKU_B,0.0,0.0,0.0,0.0
62,W1,SKU_A,376.0,0.0,0.0,1120.0
62,W1,SKU_B,376.0,0.0,0.0,1120.0
62,W2,SKU_A,324.0,0.0,0.0,1296.0
62,W2,SKU_B,324.0,0.0,0.0,1296.0
62,R1,SKU_A,120.0,0.0,0.0,284.0
62,R1,SKU_B,120.0,0.0,0.0,284.0
62,R2,SKU_A,135.0,0.0,0.0,239.0
62,R2,SKU_B,135.0,0.0,0.0,239.0
62,R3,SKU_A,338.0,0.0,0.0,757.0
62,R3,SKU_B,338.0,0.0,0.0,757.0
63,Supplier,SKU_A,0.0,0.0,0.0,0.0
63,Supplier,SKU_B,0.0,0.0,0.0,0.0
63,W1,SKU_A,367.0,0.0,7.0,1085.0
63,W1,SKU_B,367.0,0.0,7.0,1085.0
63,W2,SKU_A,291.0,0.0,0.0,1296.0
63,W2,SKU_B,291.0,0.0,0.0,1296.0
63,R1,SKU_A,51.0,0.0,0.0,342.0
63,R1,SKU_B,51.0,0.0,0.0,342.0
63,R2,SKU_A,83.0,0.0,0.0,270.0
63,R2,SKU_B,83.0,0.0,0.0,270.0
63,R3,SKU_A,209.0,0.0,0.0,836.0
63,R3,SKU_B,209.0,0.0,0.0,836.0
64,Supplier,SKU_A,0.0,0.0,0.0,0.0
64,Supplier,SKU_B,0.0,0.0,0.0,0.0
64,W1,SKU_A,322.0,0.0,0.0,1098.0
64,W1,SKU_B,322.0,0.0,0.0,1098.0
64,W2,SKU_A,259.0,0.0,12.0,1290.0
64,W2,SKU_B,259.0,0.0,12.0,1290.0
64,R1,SKU_A,0.0,11.0,0.0,379.0
64,R1,SKU_B,0.0,11.0,0.0,379.0
64,R2,SKU_A,51.0,0.0,0.0,310.0
64,R2,SKU_B,51.0,0.0,0.0,310.0
64,R3,SKU_A,96.0,0.0,0.0,966.0
64,R3,SKU_B,96.0,0.0,0.0,966.0
65,Supplier,SKU_A,0.0,0.0,28.0,0.0
65,Supplier,SKU_B,0.0,0.0,28.0,0.0
65,W1,SKU_A,210.0,0.0,40.0,1210.0
65,W1,SKU_B,210.0,0.0,40.0,1210.0
65,W2,SKU_A,235.0,0.0,0.0,1319.0
65,W2,SKU_B,235.0,0.0,0.0,1319.0
65,R1,SKU_A,14.0,0.0,0.0,395.0
65,R1,SKU_B,14.0,0.0,0.0,395.0
65,R2,SKU_A,4.0,0.0,0.0,328.0
65,R2,SKU_B,4.0,0.0,0.0,328.0
65,R3,SKU_A,86.0,0.0,0.0,1086.0
65,R3,SKU_B,86.0,0.0,0.0,1086.0
66,Supplier,SKU_A,0.0,0.0,0.0,0.0
66,Supplier,SKU_B,0.0,0.0,0.0,0.0
66,W1,SKU_A,69.0,0.0,0.0,1379.0
66,W1,SKU_B,69.0,0.0,0.0,1379.0
66,W2,SKU_A,233.0,0.0,0.0,1431.0
66,W2,SKU_B,233.0,0.0,0.0,1431.0
66,R1,SKU_A,85.0,0.0,0.0,379.0
66,R1,SKU_B,85.0,0.0,0.0,379.0
66,R2,SKU_A,21.0,0.0,0.0,377.0
66,R2,SKU_B,21.0,0.0,0.0,377.0
66,R3,SKU_A,110.0,0.0,0.0,1042.0
66,R3,SKU_B,110.0,0.0,0.0,1042.0
67,Supplier,SKU_A,0.0,0.0,0.0,0.0
67,Supplier,SKU_B,0.0,0.0,0.0,0.0
67,W1,SKU_A,78.0,0.0,24.0,1475.0
67,W1,SKU_B,78.0,0.0,24.0,1475.0
67,W2,SKU_A,203.0,0.0,5.0,1446.0
67,W2,SKU_B,203.0,0.0,5.0,1446.0
67,R1,SKU_A,169.0,0.0,0.0,279.0
67,R1,SKU_B,169.0,0.0,0.0,279.0
67,R2,SKU_A,66.0,0.0,0.0,332.0
67,R2,SKU_B,66.0,0.0,0.0,332.0
67,R3,SKU_A,148.0,0.0,0.0,980.0
67,R3,SKU_B,148.0,0.0,0.0,980.0
68,Supplier,SKU_A,0.0,0.0,12.0,0.0
68,Supplier,SKU_B,0.0,0.0,12.0,0.0
68,W1,SKU_A,95.0,0.0,0.0,1435.0
68,W1,SKU_B,95.0,0.0,0.0,1435.0
68,W2,SKU_A,149.0,0.0,0.0,1471.0
68,W2,SKU_B,149.0,0.0,0.0,1471.0
68,R1,SKU_A,211.0,0.0,0.0,240.0
68,R1,SKU_B,211.0,0.0,0.0,240.0
68,R2,SKU_A,103.0,0.0,0.0,315.0
68,R2,SKU_B,103.0,0.0,0.0,315.0
68,R3,SKU_A,276.0,0.0,0.0,909.0
68,R3,SKU_B,276.0,0.0,0.0,909.0
69,Supplier,SKU_A,0.0,0.0,6.0,0.0
69,Supplier,SKU_B,0.0,0.0,6.0,0.0
69,W1,SKU_A,186.0,0.0,0.0,1344.0
69,W1,SKU_B,186.0,0.0,0.0,1344.0
69,W2,SKU_A,206.0,0.0,0.0,1471.0
69,W2,SKU_B,206.0,0.0,0.0,1471.0
69,R1,SKU_A,156.0,0.0,0.0,277.0
69,R1,SKU_B,156.0,0.0,0.0,277.0
69,R2,SKU_A,185.0,0.0,0.0,229.0
69,R2,SKU_B,185.0,0.0,0.0,229.0
69,R3,SKU_A,347.0,0.0,0.0,786.0
69,R3,SKU_B,347.0,0.0,0.0,786.0
70,Supplier,SKU_A,0.0,0.0,6.0,0.0
70,Supplier,SKU_B,0.0,0.0,6.0,0.0
70,W1,SKU_A,264.0,0.0,0.0,1244.0
70,W1,SKU_B,264.0,0.0,0.0,1244.0
70,W2,SKU_A,268.0,0.0,24.0,1381.0
70,W2,SKU_B,268.0,0.0,24.0,1381.0
70,R1,SKU_A,77.0,0.0,0.0,292.0
70,R1,SKU_B,77.0,0.0,0.0,292.0
70,R2,SKU_A,167.0,0.0,0.0,213.0
70,R2,SKU_B,167.0,0.0,0.0,213.0
70,R3,SKU_A,229.0,0.0,0.0,801.0
70,R3,SKU_B,229.0,0.0,0.0,801.0
71,Supplier,SKU_A,0.0,0.0,24.0,0.0
71,Supplier,SKU_B,0.0,0.0,24.0,0.0
71,W1,SKU_A,320.0,0.0,20.0,1116.0
71,W1,SKU_B,320.0,0.0,20.0,1116.0
71,W2,SKU_A,241.0,0.0,0.0,1281.0
71,W2,SKU_B,241.0,0.0,0.0,1281.0
71,R1,SKU_A,0.0,0.0,0.0,355.0
71,R1,SKU_B,0.0,0.0,0.0,355.0
71,R2,SKU_A,132.0,0.0,0.0,230.0
71,R2,SKU_B,132.0,0.0,0.0,230.0
71,R3,SKU_A,96.0,0.0,0.0,928.0
71,R3,SKU_B,96.0,0.0,0.0,928.0
72,Supplier,SKU_A,0.0,0.0,20.0,0.0
72,Supplier,SKU_B,0.0,0.0,20.0,0.0
72,W1,SKU_A,275.0,0.0,19.0,1128.0
72,W1,SKU_B,275.0,0.0,19.0,1128.0
72,W2,SKU_A,203.0,0.0,0.0,1313.0
72,W2,SKU_B,203.0,0.0,0.0,1313.0
72,R1,SKU_A,28.0,0.0,0.0,433.0
72,R1,SKU_B,28.0,0.0,0.0,433.0
72,R2,SKU_A,98.0,0.0,0.0,267.0
72,R2,SKU_B,98.0,0.0,0.0,267.0
72,R3,SKU_A,79.0,0.0,0.0,1032.0
72,R3,SKU_B,79.0,0.0,0.0,1032.0
73,Supplier,SKU_A,0.0,0.0,0.0,0.0
73,Supplier,SKU_B,0.0,0.0,0.0,0.0
73,W1,SKU_A,248.0,0.0,16.0,1280.0
73,W1,SKU_B,248.0,0.0,16.0,1280.0
73,W2,SKU_A,142.0,0.0,0.0,1461.0
73,W2,SKU_B,142.0,0.0,0.0,1461.0
73,R1,SKU_A,82.0,0.0,0.0,360.0
73,R1,SKU_B,82.0,0.0,0.0,360.0
73,R2,SKU_A,74.0,0.0,0.0,300.0
73,R2,SKU_B,74.0,0.0,0.0,300.0
73,R3,SKU_A,40.0,0.0,0.0,1106.0
73,R3,SKU_B,40.0,0.0,0.0,1106.0
74,Supplier,SKU_A,0.0,0.0,24.0,0.0
74,Supplier,SKU_B,0.0,0.0,24.0,0.0
74,W1,SKU_A,202.0,0.0,7.0,1280.0
74,W1,SKU_B,202.0,0.0,7.0,1280.0
74,W2,SKU_A,142.0,0.0,11.0,1507.0
74,W2,SKU_B,142.0,0.0,11.0,1507.0
74,R1,SKU_A,199.0,0.0,0.0,273.0
74,R1,SKU_B,199.0,0.0,0.0,273.0
74,R2,SKU_A,102.0,0.0,0.0,300.0
74,R2,SKU_B,102.0,0.0,0.0,300.0
74,R3,SKU_A,0.0,0.0,0.0,1106.0
74,R3,SKU_B,0.0,0.0,0.0,1106.0
75,Supplier,SKU_A,0.0,0.0,11.0,0.0
75,Supplier,SKU_B,0.0,0.0,11.0,0.0
75,W1,SKU_A,223.0,0.0,16.0,1341.0
75,W1,SKU_B,223.0,0.0,16.0,1341.0
75,W2,SKU_A,120.0,0.0,0.0,1478.0
75,W2,SKU_B,120.0,0.0,0.0,1478.0
75,R1,SKU_A,181.0,0.0,0.0,246.0
75,R1,SKU_B,181.0,0.0,0.0,246.0
75,R2,SKU_A,137.0,0.0,0.0,279.0
75,R2,SKU_B,137.0,0.0,0.0,279.0
75,R3,SKU_A,125.0,0.0,0.0,1030.0
75,R3,SKU_B,125.0,0.0,0.0,1030.0
76,Supplier,SKU_A,0.0,0.0,0.0,0.0
76,Supplier,SKU_B,0.0,0.0,0.0,0.0
76,W1,SKU_A,225.0,0.0,0.0,1301.0
76,W1,SKU_B,225.0,0.0,0.0,1301.0
76,W2,SKU_A,92.0,0.0,2.0,1557.0
76,W2,SKU_B,92.0,0.0,2.0,1557.0
76,R1,SKU_A,166.0,0.0,0.0,261.0
76,R1,SKU_B,166.0,0.0,0.0,261.0
76,R2,SKU_A,151.0,0.0,0.0,244.0
76,R2,SKU_B,151.0,0.0,0.0,244.0
76,R3,SKU_A,218.0,0.0,0.0,897.0
76,R3,SKU_B,218.0,0.0,0.0,897.0
77,Supplier,SKU_A,0.0,0.0,12.0,0.0
77,Supplier,SKU_B,0.0,0.0,12.0,0.0
77,W1,SKU_A,278.0,0.0,0.0,1201.0
77,W1,SKU_B,278.0,0.0,0.0,1201.0
77,W2,SKU_A,50.0,0.0,0.0,1557.0
77,W2,SKU_B,50.0,0.0,0.0,1557.0
77,R1,SKU_A,55.0,0.0,0.0,322.0
77,R1,SKU_B,55.0,0.0,0.0,322.0
77,R2,SKU_A,105.0,0.0,0.0,230.0
77,R2,SKU_B,105.0,0.0,0.0,230.0
77,R3,SKU_A,175.0,0.0,0.0,893.0
77,R3,SKU_B,175.0,0.0,0.0,893.0
78,Supplier,SKU_A,0.0,0.0,0.0,0.0
78,Supplier,SKU_B,0.0,0.0,0.0,0.0
78,W1,SKU_A,284.0,0.0,11.0,1106.0
78,W1,SKU_B,284.0,0.0,11.0,1106.0
78,W2,SKU_A,88.0,0.0,0.0,1472.0
78,W2,SKU_B,88.0,0.0,0.0,1472.0
78,R1,SKU_A,6.0,0.0,0.0,361.0
78,R1,SKU_B,6.0,0.0,0.0,361.0
78,R2,SKU_A,60.0,0.0,0.0,297.0
78,R2,SKU_B,60.0,0.0,0.0,297.0
78,R3,SKU_A,72.0,0.0,0.0,982.0
78,R3,SKU_B,72.0,0.0,0.0,982.0
79,Supplier,SKU_A,0.0,0.0,0.0,0.0
79,Supplier,SKU_B,0.0,0.0,0.0,0.0
79,W1,SKU_A,184.0,0.0,45.0,1263.0
79,W1,SKU_B,184.0,0.0,45.0,1263.0
79,W2,SKU_A,121.0,0.0,3.0,1428.0
79,W2,SKU_B,121.0,0.0,3.0,1428.0
79,R1,SKU_A,8.0,0.0,0.0,400.0
79,R1,SKU_B,8.0,0.0,0.0,400.0
79,R2,SKU_A,43.0,0.0,0.0,332.0
79,R2,SKU_B,43.0,0.0,0.0,332.0
79,R3,SKU_A,108.0,0.0,0.0,1031.0
79,R3,SKU_B,108.0,0.0,0.0,1031.0
80,Supplier,SKU_A,0.0,0.0,3.0,0.0
80,Supplier,SKU_B,0.0,0.0,3.0,0.0
80,W1,SKU_A,165.0,0.0,6.0,1336.0
80,W1,SKU_B,165.0,0.0,6.0,1336.0
80,W2,SKU_A,167.0,0.0,18.0,1482.0
80,W2,SKU_B,167.0,0.0,18.0,1482.0
80,R1,SKU_A,79.0,0.0,0.0,380.0
80,R1,SKU_B,79.0,0.0,0.0,380.0
80,R2,SKU_A,51.0,0.0,0.0,346.0
80,R2,SKU_B,51.0,0.0,0.0,346.0
80,R3,SKU_A,85.0,0.0,0.0,1031.0
80,R3,SKU_B,85.0,0.0,0.0,1031.0
81,Supplier,SKU_A,0.0,0.0,18.0,0.0
81,Supplier,SKU_B,0.0,0.0,18.0,0.0
81,W1,SKU_A,140.0,0.0,0.0,1389.0
81,W1,SKU_B,140.0,0.0,0.0,1389.0
81,W2,SKU_A,126.0,0.0,0.0,1482.0
81,W2,SKU_B,126.0,0.0,0.0,1482.0
81,R1,SKU_A,141.0,0.0,0.0,309.0
81,R1,SKU_B,141.0,0.0,0.0,309.0
81,R2,SKU_A,113.0,0.0,0.0,284.0
81,R2,SKU_B,113.0,0.0,0.0,284.0
81,R3,SKU_A,85.0,0.0,0.0,1030.0
81,R3,SKU_B,85.0,0.0,0.0,1030.0
82,Supplier,SKU_A,0.0,0.0,7.0,0.0
82,Supplier,SKU_B,0.0,0.0,7.0,0.0
82,W1,SKU_A,118.0,0.0,0.0,1389.0
82,W1,SKU_B,118.0,0.0,0.0,1389.0
82,W2,SKU_A,135.0,0.0,0.0,1472.0
82,W2,SKU_B,135.0,0.0,0.0,1472.0
82,R1,SKU_A,196.0,0.0,0.0,267.0
82,R1,SKU_B,196.0,0.0,0.0,267.0
82,R2,SKU_A,143.0,0.0,0.0,268.0
82,R2,SKU_B,143.0,0.0,0.0,268.0
82,R3,SKU_A,161.0,0.0,0.0,983.0
82,R3,SKU_B,161.0,0.0,0.0,983.0
83,Supplier,SKU_A,0.0,0.0,0.0,0.0
83,Supplier,SKU_B,0.0,0.0,0.0,0.0
83,W1,SKU_A,180.0,0.0,0.0,1361.0
83,W1,SKU_B,180.0,0.0,0.0,1361.0
83,W2,SKU_A,135.0,0.0,13.0,1514.0
83,W2,SKU_B,135.0,0.0,13.0,1514.0
83,R1,SKU_A,130.0,0.0,0.0,263.0
83,R1,SKU_B,130.0,0.0,0.0,263.0
83,R2,SKU_A,161.0,0.0,0.0,238.0
83,R2,SKU_B,161.0,0.0,0.0,238.0
83,R3,SKU_A,150.0,0.0,0.0,883.0
83,R3,SKU_B,150.0,0.0,0.0,883.0
84,Supplier,SKU_A,0.0,0.0,13.0,0.0
84,Supplier,SKU_B,0.0,0.0,13.0,0.0
84,W1,SKU_A,260.0,0.0,0.0,1199.0
84,W1,SKU_B,260.0,0.0,0.0,1199.0
84,W2,SKU_A,77.0,0.0,24.0,1472.0
84,W2,SKU_B,77.0,0.0,24.0,1472.0
84,R1,SKU_A,53.0,0.0,0.0,320.0
84,R1,SKU_B,53.0,0.0,0.0,320.0
84,R2,SKU_A,124.0,0.0,0.0,236.0
84,R2,SKU_B,124.0,0.0,0.0,236.0
84,R3,SKU_A,11.0,0.0,0.0,983.0
84,R3,SKU_B,11.0,0.0,0.0,983.0
85,Supplier,SKU_A,0.0,0.0,24.0,0.0
85,Supplier,SKU_B,0.0,0.0,24.0,0.0
85,W1,SKU_A,294.0,0.0,36.0,1142.0
85,W1,SKU_B,294.0,0.0,36.0,1142.0
85,W2,SKU_A,3.0,0.0,0.0,1483.0
85,W2,SKU_B,3.0,0.0,0.0,1483.0
85,R1,SKU_A,0.0,47.0,0.0,395.0
85,R1,SKU_B,0.0,47.0,0.0,395.0
85,R2,SKU_A,95.0,0.0,0.0,252.0
85,R2,SKU_B,95.0,0.0,0.0,252.0
85,R3,SKU_A,0.0,66.0,0.0,1105.0
85,R3,SKU_B,0.0,66.0,0.0,1105.0
86,Supplier,SKU_A,0.0,0.0,0.0,0.0
86,Supplier,SKU_B,0.0,0.0,0.0,0.0
86,W1,SKU_A,161.0,0.0,0.0,1237.0
86,W1,SKU_B,161.0,0.0,0.0,1237.0
86,W2,SKU_A,3.0,0.0,18.0,1546.0
86,W2,SKU_B,3.0,0.0,18.0,1546.0
86,R1,SKU_A,23.0,0.0,0.0,440.0
86,R1,SKU_B,23.0,0.0,0.0,440.0
86,R2,SKU_A,93.0,0.0,0.0,316.0
86,R2,SKU_B,93.0,0.0,0.0,316.0
86,R3,SKU_A,0.0,41.0,0.0,1163.0
86,R3,SKU_B,0.0,41.0,0.0,1163.0
87,Supplier,SKU_A,0.0,0.0,18.0,0.0
87,Supplier,SKU_B,0.0,0.0,18.0,0.0
87,W1,SKU_A,164.0,0.0,0.0,1375.0
87,W1,SKU_B,164.0,0.0,0.0,1375.0
87,W2,SKU_A,3.0,0.0,35.0,1646.0
87,W2,SKU_B,3.0,0.0,35.0,1646.0
87,R1,SKU_A,118.0,0.0,0.0,365.0
87,R1,SKU_B,118.0,0.0,0.0,365.0
87,R2,SKU_A,108.0,0.0,0.0,306.0
87,R2,SKU_B,108.0,0.0,0.0,306.0
87,R3,SKU_A,0.0,10.0,0.0,1163.0
87,R3,SKU_B,0.0,10.0,0.0,1163.0
88,Supplier,SKU_A,0.0,0.0,0.0,0.0
88,Supplier,SKU_B,0.0,0.0,0.0,0.0
88,W1,SKU_A,226.0,0.0,5.0,1343.0
88,W1,SKU_B,226.0,0.0,5.0,1343.0
88,W2,SKU_A,44.0,0.0,4.0,1640.0
88,W2,SKU_B,44.0,0.0,4.0,1640.0
88,R1,SKU_A,222.0,0.0,0.0,225.0
88,R1,SKU_B,222.0,0.0,0.0,225.0
88,R2,SKU_A,134.0,0.0,0.0,273.0
88,R2,SKU_B,134.0,0.0,0.0,273.0
88,R3,SKU_A,91.0,0.0,0.0,1063.0
88,R3,SKU_B,91.0,0.0,0.0,1063.0
89,Supplier,SKU_A,0.0,0.0,0.0,0.0
89,Supplier,SKU_B,0.0,0.0,0.0,0.0
89,W1,SKU_A,206.0,0.0,0.0,1320.0
89,W1,SKU_B,206.0,0.0,0.0,1320.0
89,W2,SKU_A,86.0,0.0,3.0,1567.0
89,W2,SKU_B,86.0,0.0,3.0,1567.0
89,R1,SKU_A,236.0,0.0,0.0,241.0
89,R1,SKU_B,236.0,0.0,0.0,241.0
89,R2,SKU_A,206.0,0.0,0.0,213.0
89,R2,SKU_B,206.0,0.0,0.0,213.0
89,R3,SKU_A,261.0,0.0,0.0,900.0
89,R3,SKU_B,261.0,0.0,0.0,900.0
