t,node_id,sku,on_hand,backlog_external,backlog_children,pipeline_in,orders_to_parent,received,phase,demand,fulfilled_external,holding_cost,backlog_cost,ordering_cost,transport_cost,total_cost
0,Supplier,SKU_A,0.0,0.0,0.0,0.0,0.0,0.0,EOD,0,0.0,0.0,0.0,0.0,0.0,0.0
0,Supplier,SKU_B,0.0,0.0,0.0,0.0,0.0,0.0,EOD,0,0.0,0.0,0.0,0.0,0.0,0.0
0,W1,SKU_A,1736.0,0.0,0.0,0.0,0.0,0.0,EOD,0,0.0,34.72,0.0,0.0,0.0,34.72
0,W1,SKU_B,1736.0,0.0,0.0,0.0,0.0,0.0,EOD,0,0.0,34.72,0.0,0.0,0.0,34.72
0,W2,SKU_A,1849.0,0.0,0.0,0.0,0.0,0.0,EOD,0,0.0,36.980000000000004,0.0,0.0,0.0,36.980000000000004
0,W2,SKU_B,1849.0,0.0,0.0,0.0,0.0,0.0,EOD,0,0.0,36.980000000000004,0.0,0.0,0.0,36.980000000000004
0,R1,SKU_A,433.0,0.0,0.0,0.0,155.0,0.0,EOD,155,155.0,12.99,0.0,0.0,0.0,12.99
0,R1,SKU_B,433.0,0.0,0.0,0.0,155.0,0.0,EOD,155,155.0,12.99,0.0,0.0,0.0,12.99
0,R2,SKU_A,394.0,0.0,0.0,0.0,87.0,0.0,EOD,87,87.0,11.82,0.0,0.0,0.0,11.82
0,R2,SKU_B,394.0,0.0,0.0,0.0,87.0,0.0,EOD,87,87.0,11.82,0.0,0.0,0.0,11.82
0,R3,SKU_A,1083.0,0.0,0.0,0.0,274.0,0.0,EOD,274,274.0,32.49,0.0,0.0,0.0,32.49
0,R3,SKU_B,1083.0,0.0,0.0,0.0,274.0,0.0,EOD,274,274.0,32.49,0.0,0.0,0.0,32.49
1,Supplier,SKU_A,0.0,0.0,0.0,0.0,0.0,0.0,EOD,0,0.0,0.0,0.0,0.0,0.0,0.0
1,Supplier,SKU_B,0.0,0.0,0.0,0.0,0.0,0.0,EOD,0,0.0,0.0,0.0,0.0,0.0,0.0
1,W1,SKU_A,1494.0,0.0,0.0,0.0,242.0,0.0,EOD,0,0.0,29.88,0.0,17.42,0.0,47.3
1,W1,SKU_B,1494.0,0.0,0.0,0.0,242.0,0.0,EOD,0,0.0,29.88,0.0,17.42,0.0,47.3
1,W2,SKU_A,1575.0,0.0,0.0,0.0,274.0,0.0,EOD,0,0.0,31.5,0.0,17.740000000000002,0.0,49.24
1,W2,SKU_B,1575.0,0.0,0.0,0.0,274.0,0.0,EOD,0,0.0,31.5,0.0,17.740000000000002,0.0,49.24
1,R1,SKU_A,312.0,0.0,0.0,155.0,121.0,0.0,EOD,121,121.0,9.36,0.0,0.0,0.0,9.36
1,R1,SKU_B,312.0,0.0,0.0,155.0,121.0,0.0,EOD,121,121.0,9.36,0.0,0.0,0.0,9.36
1,R2,SKU_A,304.0,0.0,0.0,87.0,90.0,0.0,EOD,90,90.0,9.12,0.0,0.0,0.0,9.12
1,R2,SKU_B,304.0,0.0,0.0,87.0,90.0,0.0,EOD,90,90.0,9.12,0.0,0.0,0.0,9.12
1,R3,SKU_A,815.0,0.0,0.0,274.0,268.0,0.0,EOD,268,268.0,24.45,0.0,0.0,0.0,24.45
1,R3,SKU_B,815.0,0.0,0.0,274.0,268.0,0.0,EOD,268,268.0,24.45,0.0,0.0,0.0,24.45
2,Supplier,SKU_A,0.0,0.0,0.0,0.0,0.0,0.0,EOD,0,0.0,0.0,0.0,0.0,0.0,0.0
2,Supplier,SKU_B,0.0,0.0,0.0,0.0,0.0,0.0,EOD,0,0.0,0.0,0.0,0.0,0.0,0.0
2,W1,SKU_A,1304.0,0.0,21.0,242.0,211.0,0.0,EOD,0,0.0,26.080000000000002,0.0,17.11,0.0,43.19
2,W1,SKU_B,1304.0,0.0,21.0,242.0,211.0,0.0,EOD,0,0.0,26.080000000000002,0.0,17.11,0.0,43.19
2,W2,SKU_A,1307.0,0.0,0.0,274.0,268.0,0.0,EOD,0,0.0,26.14,0.0,17.68,0.0,43.82
2,W2,SKU_B,1307.0,0.0,0.0,274.0,268.0,0.0,EOD,0,0.0,26.14,0.0,17.68,0.0,43.82
2,R1,SKU_A,213.0,0.0,0.0,255.0,99.0,0.0,EOD,99,99.0,6.39,0.0,0.0,0.0,6.39
2,R1,SKU_B,213.0,0.0,0.0,255.0,99.0,0.0,EOD,99,99.0,6.39,0.0,0.0,0.0,6.39
2,R2,SKU_A,228.0,0.0,0.0,177.0,76.0,0.0,EOD,76,76.0,6.84,0.0,0.0,0.0,6.84
2,R2,SKU_B,228.0,0.0,0.0,177.0,76.0,0.0,EOD,76,76.0,6.84,0.0,0.0,0.0,6.84
2,R3,SKU_A,662.0,0.0,0.0,542.0,153.0,0.0,EOD,153,153.0,19.86,0.0,0.0,0.0,19.86
2,R3,SKU_B,662.0,0.0,0.0,542.0,153.0,0.0,EOD,153,153.0,19.86,0.0,0.0,0.0,19.86
3,Supplier,SKU_A,0.0,0.0,11.0,0.0,0.0,0.0,EOD,0,0.0,0.0,0.0,0.0,0.0,0.0
3,Supplier,SKU_B,0.0,0.0,11.0,0.0,0.0,0.0,EOD,0,0.0,0.0,0.0,0.0,0.0,0.0
3,W1,SKU_A,1128.0,0.0,20.0,442.0,175.0,0.0,EOD,0,0.0,22.56,0.0,16.75,0.0,39.31
3,W1,SKU_B,1128.0,0.0,20.0,442.0,175.0,0.0,EOD,0,0.0,22.56,0.0,16.75,0.0,39.31
3,W2,SKU_A,1154.0,0.0,0.0,542.0,153.0,0.0,EOD,0,0.0,23.080000000000002,0.0,16.53,0.0,39.61
3,W2,SKU_B,1154.0,0.0,0.0,542.0,153.0,0.0,EOD,0,0.0,23.080000000000002,0.0,16.53,0.0,39.61
3,R1,SKU_A,263.0,0.0,0.0,200.0,105.0,155.0,EOD,105,105.0,7.89,0.0,0.0,0.0,7.89
3,R1,SKU_B,263.0,0.0,0.0,200.0,105.0,155.0,EOD,105,105.0,7.89,0.0,0.0,0.0,7.89
3,R2,SKU_A,145.0,0.0,0.0,253.0,83.0,0.0,EOD,83,83.0,4.35,0.0,0.0,0.0,4.35
3,R2,SKU_B,145.0,0.0,0.0,253.0,83.0,0.0,EOD,83,83.0,4.35,0.0,0.0,0.0,4.35
3,R3,SKU_A,474.0,0.0,0.0,695.0,188.0,0.0,EOD,188,188.0,14.219999999999999,0.0,0.0,0.0,14.219999999999999
3,R3,SKU_B,474.0,0.0,0.0,695.0,188.0,0.0,EOD,188,188.0,14.219999999999999,0.0,0.0,0.0,14.219999999999999
4,Supplier,SKU_A,0.0,0.0,0.0,0.0,0.0,0.0,EOD,0,0.0,0.0,0.0,0.0,0.0,0.0
4,Supplier,SKU_B,0.0,0.0,0.0,0.0,0.0,0.0,EOD,0,0.0,0.0,0.0,0.0,0.0,0.0
4,W1,SKU_A,920.0,0.0,0.0,628.0,188.0,0.0,EOD,0,0.0,18.400000000000002,0.0,16.88,0.0,35.28
4,W1,SKU_B,920.0,0.0,0.0,628.0,188.0,0.0,EOD,0,0.0,18.400000000000002,0.0,16.88,0.0,35.28
4,W2,SKU_A,966.0,0.0,0.0,695.0,188.0,0.0,EOD,0,0.0,19.32,0.0,16.88,0.0,36.2
4,W2,SKU_B,966.0,0.0,0.0,695.0,188.0,0.0,EOD,0,0.0,19.32,0.0,16.88,0.0,36.2
4,R1,SKU_A,271.0,0.0,0.0,225.0,92.0,100.0,EOD,92,92.0,8.129999999999999,0.0,0.0,0.0,8.129999999999999
4,R1,SKU_B,271.0,0.0,0.0,225.0,92.0,100.0,EOD,92,92.0,8.129999999999999,0.0,0.0,0.0,8.129999999999999
4,R2,SKU_A,159.0,0.0,0.0,249.0,73.0,87.0,EOD,73,73.0,4.77,0.0,0.0,0.0,4.77
4,R2,SKU_B,159.0,0.0,0.0,249.0,73.0,87.0,EOD,73,73.0,4.77,0.0,0.0,0.0,4.77
4,R3,SKU_A,320.0,0.0,0.0,883.0,154.0,0.0,EOD,154,154.0,9.6,0.0,0.0,0.0,9.6
4,R3,SKU_B,320.0,0.0,0.0,883.0,154.0,0.0,EOD,154,154.0,9.6,0.0,0.0,0.0,9.6
5,Supplier,SKU_A,0.0,0.0,0.0,0.0,0.0,0.0,EOD,0,0.0,0.0,0.0,0.0,0.0,0.0
5,Supplier,SKU_B,0.0,0.0,0.0,0.0,0.0,0.0,EOD,0,0.0,0.0,0.0,0.0,0.0,0.0
5,W1,SKU_A,755.0,0.0,0.0,816.0,165.0,0.0,EOD,0,0.0,15.1,0.0,16.65,0.0,31.75
5,W1,SKU_B,755.0,0.0,0.0,816.0,165.0,0.0,EOD,0,0.0,15.1,0.0,16.65,0.0,31.75
5,W2,SKU_A,812.0,0.0,0.0,883.0,154.0,0.0,EOD,0,0.0,16.240000000000002,0.0,16.54,0.0,32.78
5,W2,SKU_B,812.0,0.0,0.0,883.0,154.0,0.0,EOD,0,0.0,16.240000000000002,0.0,16.54,0.0,32.78
5,R1,SKU_A,258.0,0.0,0.0,217.0,113.0,100.0,EOD,113,113.0,7.739999999999999,0.0,0.0,0.0,7.739999999999999
5,R1,SKU_B,258.0,0.0,0.0,217.0,113.0,100.0,EOD,113,113.0,7.739999999999999,0.0,0.0,0.0,7.739999999999999
5,R2,SKU_A,143.0,0.0,0.0,232.0,106.0,90.0,EOD,106,106.0,4.29,0.0,0.0,0.0,4.29
5,R2,SKU_B,143.0,0.0,0.0,232.0,106.0,90.0,EOD,106,106.0,4.29,0.0,0.0,0.0,4.29
5,R3,SKU_A,383.0,0.0,0.0,763.0,211.0,274.0,EOD,211,211.0,11.49,0.0,0.0,0.0,11.49
5,R3,SKU_B,383.0,0.0,0.0,763.0,211.0,274.0,EOD,211,211.0,11.49,0.0,0.0,0.0,11.49
6,Supplier,SKU_A,0.0,0.0,0.0,0.0,0.0,0.0,EOD,0,0.0,0.0,0.0,0.0,0.0,0.0
6,Supplier,SKU_B,0.0,0.0,0.0,0.0,0.0,0.0,EOD,0,0.0,0.0,0.0,0.0,0.0,0.0
6,W1,SKU_A,555.0,0.0,19.0,981.0,219.0,0.0,EOD,0,0.0,11.1,0.0,17.19,0.0,28.29
6,W1,SKU_B,555.0,0.0,19.0,981.0,219.0,0.0,EOD,0,0.0,11.1,0.0,17.19,0.0,28.29
6,W2,SKU_A,612.0,0.0,11.0,1037.0,211.0,0.0,EOD,0,0.0,12.24,0.0,17.11,0.0,29.35
6,W2,SKU_B,612.0,0.0,11.0,1037.0,211.0,0.0,EOD,0,0.0,12.24,0.0,17.11,0.0,29.35
6,R1,SKU_A,273.0,0.0,0.0,192.0,110.0,125.0,EOD,110,110.0,8.19,0.0,0.0,0.0,8.19
6,R1,SKU_B,273.0,0.0,0.0,192.0,110.0,125.0,EOD,110,110.0,8.19,0.0,0.0,0.0,8.19
6,R2,SKU_A,128.0,0.0,0.0,256.0,91.0,76.0,EOD,91,91.0,3.84,0.0,0.0,0.0,3.84
6,R2,SKU_B,128.0,0.0,0.0,256.0,91.0,76.0,EOD,91,91.0,3.84,0.0,0.0,0.0,3.84
6,R3,SKU_A,447.0,0.0,0.0,695.0,204.0,268.0,EOD,204,204.0,13.41,0.0,0.0,0.0,13.41
6,R3,SKU_B,447.0,0.0,0.0,695.0,204.0,268.0,EOD,204,204.0,13.41,0.0,0.0,0.0,13.41
7,Supplier,SKU_A,0.0,0.0,30.0,0.0,0.0,0.0,EOD,0,0.0,0.0,0.0,0.0,0.0,0.0
7,Supplier,SKU_B,0.0,0.0,30.0,0.0,0.0,0.0,EOD,0,0.0,0.0,0.0,0.0,0.0,0.0
7,W1,SKU_A,600.0,0.0,23.0,939.0,201.0,242.0,EOD,0,0.0,12.0,0.0,17.01,0.0,29.01
7,W1,SKU_B,600.0,0.0,23.0,939.0,201.0,242.0,EOD,0,0.0,12.0,0.0,17.01,0.0,29.01
7,W2,SKU_A,412.0,0.0,15.0,1237.0,204.0,0.0,EOD,0,0.0,8.24,0.0,17.04,0.0,25.28
7,W2,SKU_B,412.0,0.0,15.0,1237.0,204.0,0.0,EOD,0,0.0,8.24,0.0,17.04,0.0,25.28
7,R1,SKU_A,189.0,0.0,0.0,200.0,176.0,92.0,EOD,176,176.0,5.67,0.0,0.0,0.0,5.67
7,R1,SKU_B,189.0,0.0,0.0,200.0,176.0,92.0,EOD,176,176.0,5.67,0.0,0.0,0.0,5.67
7,R2,SKU_A,62.0,0.0,0.0,270.0,149.0,83.0,EOD,149,149.0,1.8599999999999999,0.0,0.0,0.0,1.8599999999999999
7,R2,SKU_B,62.0,0.0,0.0,270.0,149.0,83.0,EOD,149,149.0,1.8599999999999999,0.0,0.0,0.0,1.8599999999999999
7,R3,SKU_A,301.0,0.0,0.0,742.0,299.0,153.0,EOD,299,299.0,9.03,0.0,0.0,0.0,9.03
7,R3,SKU_B,301.0,0.0,0.0,742.0,299.0,153.0,EOD,299,299.0,9.03,0.0,0.0,0.0,9.03
8,Supplier,SKU_A,0.0,0.0,35.0,0.0,0.0,0.0,EOD,0,0.0,0.0,0.0,0.0,0.0,0.0
8,Supplier,SKU_B,0.0,0.0,35.0,0.0,0.0,0.0,EOD,0,0.0,0.0,0.0,0.0,0.0,0.0
8,W1,SKU_A,452.0,0.0,0.0,939.0,325.0,200.0,EOD,0,0.0,9.040000000000001,0.0,18.25,0.0,27.29
8,W1,SKU_B,452.0,0.0,0.0,939.0,325.0,200.0,EOD,0,0.0,9.040000000000001,0.0,18.25,0.0,27.29
8,W2,SKU_A,386.0,0.0,14.0,1163.0,299.0,274.0,EOD,0,0.0,7.72,0.0,17.990000000000002,0.0,25.71
8,W2,SKU_B,386.0,0.0,14.0,1163.0,299.0,274.0,EOD,0,0.0,7.72,0.0,17.990000000000002,0.0,25.71
8,R1,SKU_A,124.0,0.0,0.0,299.0,165.0,100.0,EOD,165,165.0,3.7199999999999998,0.0,0.0,0.0,3.7199999999999998
8,R1,SKU_B,124.0,0.0,0.0,299.0,165.0,100.0,EOD,165,165.0,3.7199999999999998,0.0,0.0,0.0,3.7199999999999998
8,R2,SKU_A,39.0,0.0,0.0,346.0,96.0,73.0,EOD,96,96.0,1.17,0.0,0.0,0.0,1.17
8,R2,SKU_B,39.0,0.0,0.0,346.0,96.0,73.0,EOD,96,96.0,1.17,0.0,0.0,0.0,1.17
8,R3,SKU_A,213.0,0.0,0.0,854.0,276.0,188.0,EOD,276,276.0,6.39,0.0,0.0,0.0,6.39
8,R3,SKU_B,213.0,0.0,0.0,854.0,276.0,188.0,EOD,276,276.0,6.39,0.0,0.0,0.0,6.39
9,Supplier,SKU_A,0.0,0.0,14.0,0.0,0.0,0.0,EOD,0,0.0,0.0,0.0,0.0,0.0,0.0
9,Supplier,SKU_B,0.0,0.0,14.0,0.0,0.0,0.0,EOD,0,0.0,0.0,0.0,0.0,0.0,0.0
9,W1,SKU_A,377.0,0.0,0.0,1098.0,261.0,186.0,EOD,0,0.0,7.54,0.0,17.61,0.0,25.15
9,W1,SKU_B,377.0,0.0,0.0,1098.0,261.0,186.0,EOD,0,0.0,7.54,0.0,17.61,0.0,25.15
9,W2,SKU_A,364.0,0.0,0.0,1195.0,276.0,268.0,EOD,0,0.0,7.28,0.0,17.76,0.0,25.040000000000003
9,W2,SKU_B,364.0,0.0,0.0,1195.0,276.0,268.0,EOD,0,0.0,7.28,0.0,17.76,0.0,25.040000000000003
9,R1,SKU_A,129.0,0.0,0.0,364.0,95.0,100.0,EOD,95,95.0,3.8699999999999997,0.0,0.0,0.0,3.8699999999999997
9,R1,SKU_B,129.0,0.0,0.0,364.0,95.0,100.0,EOD,95,95.0,3.8699999999999997,0.0,0.0,0.0,3.8699999999999997
9,R2,SKU_A,26.0,0.0,0.0,342.0,113.0,100.0,EOD,113,113.0,0.78,0.0,0.0,0.0,0.78
9,R2,SKU_B,26.0,0.0,0.0,342.0,113.0,100.0,EOD,113,113.0,0.78,0.0,0.0,0.0,0.78
9,R3,SKU_A,143.0,0.0,0.0,990.0,224.0,154.0,EOD,224,224.0,4.29,0.0,0.0,0.0,4.29
9,R3,SKU_B,143.0,0.0,0.0,990.0,224.0,154.0,EOD,224,224.0,4.29,0.0,0.0,0.0,4.29
10,Supplier,SKU_A,0.0,0.0,0.0,0.0,0.0,0.0,EOD,0,0.0,0.0,0.0,0.0,0.0,0.0
10,Supplier,SKU_B,0.0,0.0,0.0,0.0,0.0,0.0,EOD,0,0.0,0.0,0.0,0.0,0.0,0.0
10,W1,SKU_A,370.0,0.0,13.0,1171.0,208.0,188.0,EOD,0,0.0,7.4,0.0,17.08,0.0,24.479999999999997
10,W1,SKU_B,370.0,0.0,13.0,1171.0,208.0,188.0,EOD,0,0.0,7.4,0.0,17.08,0.0,24.479999999999997
10,W2,SKU_A,317.0,0.0,24.0,1332.0,224.0,153.0,EOD,0,0.0,6.34,0.0,17.240000000000002,0.0,23.580000000000002
10,W2,SKU_B,317.0,0.0,24.0,1332.0,224.0,153.0,EOD,0,0.0,6.34,0.0,17.240000000000002,0.0,23.580000000000002
10,R1,SKU_A,232.0,0.0,0.0,260.0,96.0,199.0,EOD,96,96.0,6.96,0.0,0.0,0.0,6.96
10,R1,SKU_B,232.0,0.0,0.0,260.0,96.0,199.0,EOD,96,96.0,6.96,0.0,0.0,0.0,6.96
10,R2,SKU_A,17.0,0.0,0.0,345.0,106.0,97.0,EOD,106,106.0,0.51,0.0,0.0,0.0,0.51
10,R2,SKU_B,17.0,0.0,0.0,345.0,106.0,97.0,EOD,106,106.0,0.51,0.0,0.0,0.0,0.51
10,R3,SKU_A,159.0,0.0,0.0,990.0,184.0,200.0,EOD,184,184.0,4.77,0.0,0.0,0.0,4.77
10,R3,SKU_B,159.0,0.0,0.0,990.0,184.0,200.0,EOD,184,184.0,4.77,0.0,0.0,0.0,4.77
11,Supplier,SKU_A,0.0,0.0,32.0,0.0,0.0,0.0,EOD,0,0.0,0.0,0.0,0.0,0.0,0.0
11,Supplier,SKU_B,0.0,0.0,32.0,0.0,0.0,0.0,EOD,0,0.0,0.0,0.0,0.0,0.0,0.0
11,W1,SKU_A,339.0,0.0,19.0,1206.0,202.0,165.0,EOD,0,0.0,6.78,0.0,17.02,0.0,23.8
11,W1,SKU_B,339.0,0.0,19.0,1206.0,202.0,165.0,EOD,0,0.0,6.78,0.0,17.02,0.0,23.8
11,W2,SKU_A,305.0,0.0,8.0,1344.0,184.0,188.0,EOD,0,0.0,6.1000000000000005,0.0,16.84,0.0,22.94
11,W2,SKU_B,305.0,0.0,8.0,1344.0,184.0,188.0,EOD,0,0.0,6.1000000000000005,0.0,16.84,0.0,22.94
11,R1,SKU_A,290.0,0.0,0.0,191.0,107.0,165.0,EOD,107,107.0,8.7,0.0,0.0,0.0,8.7
11,R1,SKU_B,290.0,0.0,0.0,191.0,107.0,165.0,EOD,107,107.0,8.7,0.0,0.0,0.0,8.7
11,R2,SKU_A,68.0,0.0,0.0,296.0,98.0,149.0,EOD,98,98.0,2.04,0.0,0.0,0.0,2.04
11,R2,SKU_B,68.0,0.0,0.0,296.0,98.0,149.0,EOD,98,98.0,2.04,0.0,0.0,0.0,2.04
11,R3,SKU_A,173.0,0.0,0.0,990.0,186.0,200.0,EOD,186,186.0,5.1899999999999995,0.0,0.0,0.0,5.1899999999999995
11,R3,SKU_B,173.0,0.0,0.0,990.0,186.0,200.0,EOD,186,186.0,5.1899999999999995,0.0,0.0,0.0,5.1899999999999995
12,Supplier,SKU_A,0.0,0.0,18.0,0.0,0.0,0.0,EOD,0,0.0,0.0,0.0,0.0,0.0,0.0
12,Supplier,SKU_B,0.0,0.0,18.0,0.0,0.0,0.0,EOD,0,0.0,0.0,0.0,0.0,0.0,0.0
12,W1,SKU_A,339.0,0.0,24.0,1206.0,205.0,200.0,EOD,0,0.0,6.78,0.0,17.05,0.0,23.830000000000002
12,W1,SKU_B,339.0,0.0,24.0,1206.0,205.0,200.0,EOD,0,0.0,6.78,0.0,17.05,0.0,23.830000000000002
12,W2,SKU_A,265.0,0.0,0.0,1390.0,186.0,154.0,EOD,0,0.0,5.3,0.0,16.86,0.0,22.16
12,W2,SKU_B,265.0,0.0,0.0,1390.0,186.0,154.0,EOD,0,0.0,5.3,0.0,16.86,0.0,22.16
12,R1,SKU_A,266.0,0.0,0.0,196.0,119.0,95.0,EOD,119,119.0,7.9799999999999995,0.0,0.0,0.0,7.9799999999999995
12,R1,SKU_B,266.0,0.0,0.0,196.0,119.0,95.0,EOD,119,119.0,7.9799999999999995,0.0,0.0,0.0,7.9799999999999995
12,R2,SKU_A,71.0,0.0,0.0,300.0,93.0,96.0,EOD,93,93.0,2.13,0.0,0.0,0.0,2.13
12,R2,SKU_B,71.0,0.0,0.0,300.0,93.0,96.0,EOD,93,93.0,2.13,0.0,0.0,0.0,2.13
12,R3,SKU_A,316.0,0.0,0.0,884.0,157.0,300.0,EOD,157,157.0,9.48,0.0,0.0,0.0,9.48
12,R3,SKU_B,316.0,0.0,0.0,884.0,157.0,300.0,EOD,157,157.0,9.48,0.0,0.0,0.0,9.48
13,Supplier,SKU_A,0.0,0.0,15.0,0.0,0.0,0.0,EOD,0,0.0,0.0,0.0,0.0,0.0,0.0
13,Supplier,SKU_B,0.0,0.0,15.0,0.0,0.0,0.0,EOD,0,0.0,0.0,0.0,0.0,0.0,0.0
13,W1,SKU_A,313.0,0.0,10.0,1206.0,212.0,200.0,EOD,0,0.0,6.26,0.0,17.12,0.0,23.380000000000003
13,W1,SKU_B,313.0,0.0,10.0,1206.0,212.0,200.0,EOD,0,0.0,6.26,0.0,17.12,0.0,23.380000000000003
13,W2,SKU_A,308.0,0.0,0.0,1384.0,157.0,200.0,EOD,0,0.0,6.16,0.0,16.57,0.0,22.73
13,W2,SKU_B,308.0,0.0,0.0,1384.0,157.0,200.0,EOD,0,0.0,6.16,0.0,16.57,0.0,22.73
13,R1,SKU_A,202.0,0.0,0.0,226.0,160.0,96.0,EOD,160,160.0,6.06,0.0,0.0,0.0,6.06
13,R1,SKU_B,202.0,0.0,0.0,226.0,160.0,96.0,EOD,160,160.0,6.06,0.0,0.0,0.0,6.06
13,R2,SKU_A,53.0,0.0,0.0,300.0,118.0,100.0,EOD,118,118.0,1.5899999999999999,0.0,0.0,0.0,1.5899999999999999
13,R2,SKU_B,53.0,0.0,0.0,300.0,118.0,100.0,EOD,118,118.0,1.5899999999999999,0.0,0.0,0.0,1.5899999999999999
13,R3,SKU_A,355.0,0.0,0.0,751.0,251.0,290.0,EOD,251,251.0,10.65,0.0,0.0,0.0,10.65
13,R3,SKU_B,355.0,0.0,0.0,751.0,251.0,290.0,EOD,251,251.0,10.65,0.0,0.0,0.0,10.65
14,Supplier,SKU_A,0.0,0.0,0.0,0.0,0.0,0.0,EOD,0,0.0,0.0,0.0,0.0,0.0,0.0
14,Supplier,SKU_B,0.0,0.0,0.0,0.0,0.0,0.0,EOD,0,0.0,0.0,0.0,0.0,0.0,0.0
14,W1,SKU_A,370.0,0.0,0.0,1088.0,278.0,345.0,EOD,0,0.0,7.4,0.0,17.78,0.0,25.18
14,W1,SKU_B,370.0,0.0,0.0,1088.0,278.0,345.0,EOD,0,0.0,7.4,0.0,17.78,0.0,25.18
14,W2,SKU_A,257.0,0.0,0.0,1341.0,251.0,200.0,EOD,0,0.0,5.14,0.0,17.51,0.0,22.650000000000002
14,W2,SKU_B,257.0,0.0,0.0,1341.0,251.0,200.0,EOD,0,0.0,5.14,0.0,17.51,0.0,22.650000000000002
14,R1,SKU_A,78.0,0.0,0.0,286.0,224.0,100.0,EOD,224,224.0,2.34,0.0,0.0,0.0,2.34
14,R1,SKU_B,78.0,0.0,0.0,286.0,224.0,100.0,EOD,224,224.0,2.34,0.0,0.0,0.0,2.34
14,R2,SKU_A,11.0,0.0,0.0,328.0,142.0,100.0,EOD,142,142.0,0.32999999999999996,0.0,0.0,0.0,0.32999999999999996
14,R2,SKU_B,11.0,0.0,0.0,328.0,142.0,100.0,EOD,142,142.0,0.32999999999999996,0.0,0.0,0.0,0.32999999999999996
14,R3,SKU_A,208.0,0.0,0.0,802.0,347.0,200.0,EOD,347,347.0,6.24,0.0,0.0,0.0,6.24
14,R3,SKU_B,208.0,0.0,0.0,802.0,347.0,200.0,EOD,347,347.0,6.24,0.0,0.0,0.0,6.24
15,Supplier,SKU_A,0.0,0.0,0.0,0.0,0.0,0.0,EOD,0,0.0,0.0,0.0,0.0,0.0,0.0
15,Supplier,SKU_B,0.0,0.0,0.0,0.0,0.0,0.0,EOD,0,0.0,0.0,0.0,0.0,0.0,0.0
15,W1,SKU_A,289.0,0.0,24.0,1105.0,366.0,261.0,EOD,0,0.0,5.78,0.0,18.66,0.0,24.44
15,W1,SKU_B,289.0,0.0,24.0,1105.0,366.0,261.0,EOD,0,0.0,5.78,0.0,18.66,0.0,24.44
15,W2,SKU_A,210.0,0.0,0.0,1292.0,347.0,300.0,EOD,0,0.0,4.2,0.0,18.47,0.0,22.669999999999998
15,W2,SKU_B,210.0,0.0,0.0,1292.0,347.0,300.0,EOD,0,0.0,4.2,0.0,18.47,0.0,22.669999999999998
15,R1,SKU_A,0.0,22.0,0.0,360.0,226.0,126.0,EOD,226,204.0,0.0,11.0,0.0,0.0,11.0
15,R1,SKU_B,0.0,22.0,0.0,360.0,226.0,126.0,EOD,226,204.0,0.0,11.0,0.0,0.0,11.0
15,R2,SKU_A,0.0,44.0,0.0,370.0,155.0,100.0,EOD,155,111.0,0.0,22.0,0.0,0.0,22.0
15,R2,SKU_B,0.0,44.0,0.0,370.0,155.0,100.0,EOD,155,111.0,0.0,22.0,0.0,0.0,22.0
15,R3,SKU_A,76.0,0.0,0.0,949.0,332.0,200.0,EOD,332,332.0,2.28,0.0,0.0,0.0,2.28
15,R3,SKU_B,76.0,0.0,0.0,949.0,332.0,200.0,EOD,332,332.0,2.28,0.0,0.0,0.0,2.28
16,Supplier,SKU_A,0.0,0.0,0.0,0.0,0.0,0.0,EOD,0,0.0,0.0,0.0,0.0,0.0,0.0
16,Supplier,SKU_B,0.0,0.0,0.0,0.0,0.0,0.0,EOD,0,0.0,0.0,0.0,0.0,0.0,0.0
16,W1,SKU_A,84.0,0.0,0.0,1271.0,381.0,200.0,EOD,0,0.0,1.68,0.0,18.81,0.0,20.49
16,W1,SKU_B,84.0,0.0,0.0,1271.0,381.0,200.0,EOD,0,0.0,1.68,0.0,18.81,0.0,20.49
16,W2,SKU_A,168.0,0.0,0.0,1349.0,332.0,290.0,EOD,0,0.0,3.36,0.0,18.32,0.0,21.68
16,W2,SKU_B,168.0,0.0,0.0,1349.0,332.0,290.0,EOD,0,0.0,3.36,0.0,18.32,0.0,21.68
16,R1,SKU_A,0.0,4.0,0.0,450.0,142.0,160.0,EOD,142,138.0,0.0,2.0,0.0,0.0,2.0
16,R1,SKU_B,0.0,4.0,0.0,450.0,142.0,160.0,EOD,142,138.0,0.0,2.0,0.0,0.0,2.0
16,R2,SKU_A,0.0,37.0,0.0,425.0,93.0,100.0,EOD,93,56.0,0.0,18.5,0.0,0.0,18.5
16,R2,SKU_B,0.0,37.0,0.0,425.0,93.0,100.0,EOD,93,56.0,0.0,18.5,0.0,0.0,18.5
16,R3,SKU_A,53.0,0.0,0.0,1087.0,217.0,194.0,EOD,217,217.0,1.5899999999999999,0.0,0.0,0.0,1.5899999999999999
16,R3,SKU_B,53.0,0.0,0.0,1087.0,217.0,194.0,EOD,217,217.0,1.5899999999999999,0.0,0.0,0.0,1.5899999999999999
17,Supplier,SKU_A,0.0,0.0,0.0,0.0,0.0,0.0,EOD,0,0.0,0.0,0.0,0.0,0.0,0.0
17,Supplier,SKU_B,0.0,0.0,0.0,0.0,0.0,0.0,EOD,0,0.0,0.0,0.0,0.0,0.0,0.0
17,W1,SKU_A,49.0,0.0,0.0,1452.0,235.0,200.0,EOD,0,0.0,0.98,0.0,17.35,0.0,18.330000000000002
17,W1,SKU_B,49.0,0.0,0.0,1452.0,235.0,200.0,EOD,0,0.0,0.98,0.0,17.35,0.0,18.330000000000002
17,W2,SKU_A,168.0,0.0,17.0,1481.0,217.0,200.0,EOD,0,0.0,3.36,0.0,17.17,0.0,20.53
17,W2,SKU_B,168.0,0.0,17.0,1481.0,217.0,200.0,EOD,0,0.0,3.36,0.0,17.17,0.0,20.53
17,R1,SKU_A,63.0,0.0,0.0,392.0,133.0,200.0,EOD,133,133.0,1.89,0.0,0.0,0.0,1.89
17,R1,SKU_B,63.0,0.0,0.0,392.0,133.0,200.0,EOD,133,133.0,1.89,0.0,0.0,0.0,1.89
17,R2,SKU_A,8.0,0.0,0.0,390.0,83.0,128.0,EOD,83,83.0,0.24,0.0,0.0,0.0,0.24
17,R2,SKU_B,8.0,0.0,0.0,390.0,83.0,128.0,EOD,83,83.0,0.24,0.0,0.0,0.0,0.24
17,R3,SKU_A,0.0,36.0,0.0,1130.0,246.0,157.0,EOD,246,210.0,0.0,18.0,0.0,0.0,18.0
17,R3,SKU_B,0.0,36.0,0.0,1130.0,246.0,157.0,EOD,246,210.0,0.0,18.0,0.0,0.0,18.0
18,Supplier,SKU_A,0.0,0.0,17.0,0.0,0.0,0.0,EOD,0,0.0,0.0,0.0,0.0,0.0,0.0
18,Supplier,SKU_B,0.0,0.0,17.0,0.0,0.0,0.0,EOD,0,0.0,0.0,0.0,0.0,0.0,0.0
18,W1,SKU_A,33.0,0.0,0.0,1487.0,216.0,200.0,EOD,0,0.0,0.66,0.0,17.16,0.0,17.82
18,W1,SKU_B,33.0,0.0,0.0,1487.0,216.0,200.0,EOD,0,0.0,0.66,0.0,17.16,0.0,17.82
18,W2,SKU_A,105.0,0.0,0.0,1481.0,246.0,200.0,EOD,0,0.0,2.1,0.0,17.46,0.0,19.560000000000002
18,W2,SKU_B,105.0,0.0,0.0,1481.0,246.0,200.0,EOD,0,0.0,2.1,0.0,17.46,0.0,19.560000000000002
18,R1,SKU_A,187.0,0.0,0.0,275.0,126.0,250.0,EOD,126,126.0,5.609999999999999,0.0,0.0,0.0,5.609999999999999
18,R1,SKU_B,187.0,0.0,0.0,275.0,126.0,250.0,EOD,126,126.0,5.609999999999999,0.0,0.0,0.0,5.609999999999999
18,R2,SKU_A,73.0,0.0,0.0,331.0,77.0,142.0,EOD,77,77.0,2.19,0.0,0.0,0.0,2.19
18,R2,SKU_B,73.0,0.0,0.0,331.0,77.0,142.0,EOD,77,77.0,2.19,0.0,0.0,0.0,2.19
18,R3,SKU_A,33.0,0.0,0.0,1142.0,182.0,251.0,EOD,182,182.0,0.99,0.0,0.0,0.0,0.99
18,R3,SKU_B,33.0,0.0,0.0,1142.0,182.0,251.0,EOD,182,182.0,0.99,0.0,0.0,0.0,0.99
19,Supplier,SKU_A,0.0,0.0,16.0,0.0,0.0,0.0,EOD,0,0.0,0.0,0.0,0.0,0.0,0.0
19,Supplier,SKU_B,0.0,0.0,16.0,0.0,0.0,0.0,EOD,0,0.0,0.0,0.0,0.0,0.0,0.0
19,W1,SKU_A,57.0,0.0,0.0,1460.0,203.0,227.0,EOD,0,0.0,1.1400000000000001,0.0,17.03,0.0,18.17
19,W1,SKU_B,57.0,0.0,0.0,1460.0,203.0,227.0,EOD,0,0.0,1.1400000000000001,0.0,17.03,0.0,18.17
19,W2,SKU_A,117.0,0.0,0.0,1550.0,182.0,194.0,EOD,0,0.0,2.34,0.0,16.82,0.0,19.16
19,W2,SKU_B,117.0,0.0,0.0,1550.0,182.0,194.0,EOD,0,0.0,2.34,0.0,16.82,0.0,19.16
19,R1,SKU_A,194.0,0.0,0.0,259.0,135.0,142.0,EOD,135,135.0,5.819999999999999,0.0,0.0,0.0,5.819999999999999
19,R1,SKU_B,194.0,0.0,0.0,259.0,135.0,142.0,EOD,135,135.0,5.819999999999999,0.0,0.0,0.0,5.819999999999999
19,R2,SKU_A,151.0,0.0,0.0,253.0,77.0,155.0,EOD,77,77.0,4.53,0.0,0.0,0.0,4.53
19,R2,SKU_B,151.0,0.0,0.0,253.0,77.0,155.0,EOD,77,77.0,4.53,0.0,0.0,0.0,4.53
19,R3,SKU_A,193.0,0.0,0.0,977.0,187.0,347.0,EOD,187,187.0,5.79,0.0,0.0,0.0,5.79
19,R3,SKU_B,193.0,0.0,0.0,977.0,187.0,347.0,EOD,187,187.0,5.79,0.0,0.0,0.0,5.79
20,Supplier,SKU_A,0.0,0.0,19.0,0.0,0.0,0.0,EOD,0,0.0,0.0,0.0,0.0,0.0,0.0
20,Supplier,SKU_B,0.0,0.0,19.0,0.0,0.0,0.0,EOD,0,0.0,0.0,0.0,0.0,0.0,0.0
20,W1,SKU_A,123.0,0.0,0.0,1382.0,212.0,278.0,EOD,0,0.0,2.46,0.0,17.12,0.0,19.580000000000002
20,W1,SKU_B,123.0,0.0,0.0,1382.0,212.0,278.0,EOD,0,0.0,2.46,0.0,17.12,0.0,19.580000000000002
20,W2,SKU_A,87.0,0.0,0.0,1575.0,187.0,157.0,EOD,0,0.0,1.74,0.0,16.87,0.0,18.61
20,W2,SKU_B,87.0,0.0,0.0,1575.0,187.0,157.0,EOD,0,0.0,1.74,0.0,16.87,0.0,18.61
20,R1,SKU_A,173.0,0.0,0.0,261.0,154.0,133.0,EOD,154,154.0,5.1899999999999995,0.0,0.0,0.0,5.1899999999999995
20,R1,SKU_B,173.0,0.0,0.0,261.0,154.0,133.0,EOD,154,154.0,5.1899999999999995,0.0,0.0,0.0,5.1899999999999995
20,R2,SKU_A,157.0,0.0,0.0,237.0,87.0,93.0,EOD,87,87.0,4.71,0.0,0.0,0.0,4.71
20,R2,SKU_B,157.0,0.0,0.0,237.0,87.0,93.0,EOD,87,87.0,4.71,0.0,0.0,0.0,4.71
20,R3,SKU_A,277.0,0.0,0.0,832.0,248.0,332.0,EOD,248,248.0,8.31,0.0,0.0,0.0,8.31
20,R3,SKU_B,277.0,0.0,0.0,832.0,248.0,332.0,EOD,248,248.0,8.31,0.0,0.0,0.0,8.31
21,Supplier,SKU_A,0.0,0.0,0.0,0.0,0.0,0.0,EOD,0,0.0,0.0,0.0,0.0,0.0,0.0
21,Supplier,SKU_B,0.0,0.0,0.0,0.0,0.0,0.0,EOD,0,0.0,0.0,0.0,0.0,0.0,0.0
21,W1,SKU_A,248.0,0.0,0.0,1247.0,241.0,366.0,EOD,0,0.0,4.96,0.0,17.41,0.0,22.37
21,W1,SKU_B,248.0,0.0,0.0,1247.0,241.0,366.0,EOD,0,0.0,4.96,0.0,17.41,0.0,22.37
21,W2,SKU_A,90.0,0.0,0.0,1511.0,248.0,251.0,EOD,0,0.0,1.8,0.0,17.48,0.0,19.28
21,W2,SKU_B,90.0,0.0,0.0,1511.0,248.0,251.0,EOD,0,0.0,1.8,0.0,17.48,0.0,19.28
21,R1,SKU_A,95.0,0.0,0.0,289.0,204.0,126.0,EOD,204,204.0,2.85,0.0,0.0,0.0,2.85
21,R1,SKU_B,95.0,0.0,0.0,289.0,204.0,126.0,EOD,204,204.0,2.85,0.0,0.0,0.0,2.85
21,R2,SKU_A,140.0,0.0,0.0,241.0,100.0,83.0,EOD,100,100.0,4.2,0.0,0.0,0.0,4.2
21,R2,SKU_B,140.0,0.0,0.0,241.0,100.0,83.0,EOD,100,100.0,4.2,0.0,0.0,0.0,4.2
21,R3,SKU_A,173.0,0.0,0.0,880.0,304.0,200.0,EOD,304,304.0,5.1899999999999995,0.0,0.0,0.0,5.1899999999999995
21,R3,SKU_B,173.0,0.0,0.0,880.0,304.0,200.0,EOD,304,304.0,5.1899999999999995,0.0,0.0,0.0,5.1899999999999995
22,Supplier,SKU_A,0.0,0.0,0.0,0.0,0.0,0.0,EOD,0,0.0,0.0,0.0,0.0,0.0,0.0
22,Supplier,SKU_B,0.0,0.0,0.0,0.0,0.0,0.0,EOD,0,0.0,0.0,0.0,0.0,0.0,0.0
22,W1,SKU_A,329.0,0.0,4.0,1107.0,304.0,381.0,EOD,0,0.0,6.58,0.0,18.04,0.0,24.619999999999997
22,W1,SKU_B,329.0,0.0,4.0,1107.0,304.0,381.0,EOD,0,0.0,6.58,0.0,18.04,0.0,24.619999999999997
22,W2,SKU_A,137.0,0.0,4.0,1412.0,304.0,347.0,EOD,0,0.0,2.74,0.0,18.04,0.0,20.78
22,W2,SKU_B,137.0,0.0,4.0,1412.0,304.0,347.0,EOD,0,0.0,2.74,0.0,18.04,0.0,20.78
22,R1,SKU_A,46.0,0.0,0.0,354.0,184.0,135.0,EOD,184,184.0,1.38,0.0,0.0,0.0,1.38
22,R1,SKU_B,46.0,0.0,0.0,354.0,184.0,135.0,EOD,184,184.0,1.38,0.0,0.0,0.0,1.38
22,R2,SKU_A,109.0,0.0,0.0,264.0,108.0,77.0,EOD,108,108.0,3.27,0.0,0.0,0.0,3.27
22,R2,SKU_B,109.0,0.0,0.0,264.0,108.0,77.0,EOD,108,108.0,3.27,0.0,0.0,0.0,3.27
22,R3,SKU_A,164.0,0.0,0.0,917.0,272.0,263.0,EOD,272,272.0,4.92,0.0,0.0,0.0,4.92
22,R3,SKU_B,164.0,0.0,0.0,917.0,272.0,263.0,EOD,272,272.0,4.92,0.0,0.0,0.0,4.92
23,Supplier,SKU_A,0.0,0.0,8.0,0.0,0.0,0.0,EOD,0,0.0,0.0,0.0,0.0,0.0,0.0
23,Supplier,SKU_B,0.0,0.0,8.0,0.0,0.0,0.0,EOD,0,0.0,0.0,0.0,0.0,0.0,0.0
23,W1,SKU_A,276.0,0.0,8.0,1172.0,292.0,235.0,EOD,0,0.0,5.5200000000000005,0.0,17.92,0.0,23.44
23,W1,SKU_B,276.0,0.0,8.0,1172.0,292.0,235.0,EOD,0,0.0,5.5200000000000005,0.0,17.92,0.0,23.44
23,W2,SKU_A,193.0,0.0,0.0,1380.0,272.0,332.0,EOD,0,0.0,3.86,0.0,17.72,0.0,21.58
23,W2,SKU_B,193.0,0.0,0.0,1380.0,272.0,332.0,EOD,0,0.0,3.86,0.0,17.72,0.0,21.58
23,R1,SKU_A,83.0,0.0,0.0,388.0,117.0,154.0,EOD,117,117.0,2.4899999999999998,0.0,0.0,0.0,2.4899999999999998
23,R1,SKU_B,83.0,0.0,0.0,388.0,117.0,154.0,EOD,117,117.0,2.4899999999999998,0.0,0.0,0.0,2.4899999999999998
23,R2,SKU_A,97.0,0.0,0.0,287.0,89.0,77.0,EOD,89,89.0,2.9099999999999997,0.0,0.0,0.0,2.9099999999999997
23,R2,SKU_B,97.0,0.0,0.0,287.0,89.0,77.0,EOD,89,89.0,2.9099999999999997,0.0,0.0,0.0,2.9099999999999997
23,R3,SKU_A,174.0,0.0,0.0,1011.0,172.0,182.0,EOD,172,172.0,5.22,0.0,0.0,0.0,5.22
23,R3,SKU_B,174.0,0.0,0.0,1011.0,172.0,182.0,EOD,172,172.0,5.22,0.0,0.0,0.0,5.22
24,Supplier,SKU_A,0.0,0.0,0.0,0.0,0.0,0.0,EOD,0,0.0,0.0,0.0,0.0,0.0,0.0
24,Supplier,SKU_B,0.0,0.0,0.0,0.0,0.0,0.0,EOD,0,0.0,0.0,0.0,0.0,0.0,0.0
24,W1,SKU_A,279.0,0.0,17.0,1268.0,206.0,200.0,EOD,0,0.0,5.58,0.0,17.06,0.0,22.64
24,W1,SKU_B,279.0,0.0,17.0,1268.0,206.0,200.0,EOD,0,0.0,5.58,0.0,17.06,0.0,22.64
24,W2,SKU_A,221.0,0.0,0.0,1456.0,172.0,200.0,EOD,0,0.0,4.42,0.0,16.72,0.0,21.14
24,W2,SKU_B,221.0,0.0,0.0,1456.0,172.0,200.0,EOD,0,0.0,4.42,0.0,16.72,0.0,21.14
24,R1,SKU_A,144.0,0.0,0.0,288.0,139.0,200.0,EOD,139,139.0,4.32,0.0,0.0,0.0,4.32
24,R1,SKU_B,144.0,0.0,0.0,288.0,139.0,200.0,EOD,139,139.0,4.32,0.0,0.0,0.0,4.32
24,R2,SKU_A,101.0,0.0,0.0,297.0,83.0,87.0,EOD,83,83.0,3.03,0.0,0.0,0.0,3.03
24,R2,SKU_B,101.0,0.0,0.0,297.0,83.0,87.0,EOD,83,83.0,3.03,0.0,0.0,0.0,3.03
24,R3,SKU_A,149.0,0.0,0.0,996.0,212.0,187.0,EOD,212,212.0,4.47,0.0,0.0,0.0,4.47
24,R3,SKU_B,149.0,0.0,0.0,996.0,212.0,187.0,EOD,212,212.0,4.47,0.0,0.0,0.0,4.47
25,Supplier,SKU_A,0.0,0.0,6.0,0.0,0.0,0.0,EOD,0,0.0,0.0,0.0,0.0,0.0,0.0
25,Supplier,SKU_B,0.0,0.0,6.0,0.0,0.0,0.0,EOD,0,0.0,0.0,0.0,0.0,0.0,0.0
25,W1,SKU_A,240.0,0.0,0.0,1268.0,222.0,200.0,EOD,0,0.0,4.8,0.0,17.22,0.0,22.02
25,W1,SKU_B,240.0,0.0,0.0,1268.0,222.0,200.0,EOD,0,0.0,4.8,0.0,17.22,0.0,22.02
25,W2,SKU_A,284.0,0.0,12.0,1365.0,212.0,263.0,EOD,0,0.0,5.68,0.0,17.12,0.0,22.8
25,W2,SKU_B,284.0,0.0,12.0,1365.0,212.0,263.0,EOD,0,0.0,5.68,0.0,17.12,0.0,22.8
25,R1,SKU_A,206.0,0.0,0.0,256.0,126.0,188.0,EOD,126,126.0,6.18,0.0,0.0,0.0,6.18
25,R1,SKU_B,206.0,0.0,0.0,256.0,126.0,188.0,EOD,126,126.0,6.18,0.0,0.0,0.0,6.18
25,R2,SKU_A,135.0,0.0,0.0,280.0,66.0,100.0,EOD,66,66.0,4.05,0.0,0.0,0.0,4.05
25,R2,SKU_B,135.0,0.0,0.0,280.0,66.0,100.0,EOD,66,66.0,4.05,0.0,0.0,0.0,4.05
25,R3,SKU_A,192.0,0.0,0.0,948.0,205.0,248.0,EOD,205,205.0,5.76,0.0,0.0,0.0,5.76
25,R3,SKU_B,192.0,0.0,0.0,948.0,205.0,248.0,EOD,205,205.0,5.76,0.0,0.0,0.0,5.76
26,Supplier,SKU_A,0.0,0.0,12.0,0.0,0.0,0.0,EOD,0,0.0,0.0,0.0,0.0,0.0,0.0
26,Supplier,SKU_B,0.0,0.0,12.0,0.0,0.0,0.0,EOD,0,0.0,0.0,0.0,0.0,0.0,0.0
26,W1,SKU_A,279.0,0.0,0.0,1265.0,192.0,231.0,EOD,0,0.0,5.58,0.0,16.92,0.0,22.5
26,W1,SKU_B,279.0,0.0,0.0,1265.0,192.0,231.0,EOD,0,0.0,5.58,0.0,16.92,0.0,22.5
26,W2,SKU_A,266.0,0.0,17.0,1383.0,205.0,182.0,EOD,0,0.0,5.32,0.0,17.05,0.0,22.37
26,W2,SKU_B,266.0,0.0,17.0,1383.0,205.0,182.0,EOD,0,0.0,5.32,0.0,17.05,0.0,22.37
26,R1,SKU_A,186.0,0.0,0.0,282.0,120.0,100.0,EOD,120,120.0,5.58,0.0,0.0,0.0,5.58
26,R1,SKU_B,186.0,0.0,0.0,282.0,120.0,100.0,EOD,120,120.0,5.58,0.0,0.0,0.0,5.58
26,R2,SKU_A,164.0,0.0,0.0,246.0,71.0,100.0,EOD,71,71.0,4.92,0.0,0.0,0.0,4.92
26,R2,SKU_B,164.0,0.0,0.0,246.0,71.0,100.0,EOD,71,71.0,4.92,0.0,0.0,0.0,4.92
26,R3,SKU_A,302.0,0.0,0.0,848.0,190.0,300.0,EOD,190,190.0,9.06,0.0,0.0,0.0,9.06
26,R3,SKU_B,302.0,0.0,0.0,848.0,190.0,300.0,EOD,190,190.0,9.06,0.0,0.0,0.0,9.06
27,Supplier,SKU_A,0.0,0.0,17.0,0.0,0.0,0.0,EOD,0,0.0,0.0,0.0,0.0,0.0,0.0
27,Supplier,SKU_B,0.0,0.0,17.0,0.0,0.0,0.0,EOD,0,0.0,0.0,0.0,0.0,0.0,0.0
27,W1,SKU_A,349.0,0.0,20.0,1216.0,191.0,241.0,EOD,0,0.0,6.98,0.0,16.91,0.0,23.89
27,W1,SKU_B,349.0,0.0,20.0,1216.0,191.0,241.0,EOD,0,0.0,6.98,0.0,16.91,0.0,23.89
27,W2,SKU_A,253.0,0.0,7.0,1396.0,190.0,187.0,EOD,0,0.0,5.0600000000000005,0.0,16.9,0.0,21.96
27,W2,SKU_B,253.0,0.0,7.0,1396.0,190.0,187.0,EOD,0,0.0,5.0600000000000005,0.0,16.9,0.0,21.96
27,R1,SKU_A,186.0,0.0,0.0,226.0,156.0,156.0,EOD,156,156.0,5.58,0.0,0.0,0.0,5.58
27,R1,SKU_B,186.0,0.0,0.0,226.0,156.0,156.0,EOD,156,156.0,5.58,0.0,0.0,0.0,5.58
27,R2,SKU_A,162.0,0.0,0.0,220.0,99.0,97.0,EOD,99,99.0,4.859999999999999,0.0,0.0,0.0,4.859999999999999
27,R2,SKU_B,162.0,0.0,0.0,220.0,99.0,97.0,EOD,99,99.0,4.859999999999999,0.0,0.0,0.0,4.859999999999999
27,R3,SKU_A,345.0,0.0,0.0,772.0,233.0,276.0,EOD,233,233.0,10.35,0.0,0.0,0.0,10.35
27,R3,SKU_B,345.0,0.0,0.0,772.0,233.0,276.0,EOD,233,233.0,10.35,0.0,0.0,0.0,10.35
28,Supplier,SKU_A,0.0,0.0,7.0,0.0,0.0,0.0,EOD,0,0.0,0.0,0.0,0.0,0.0,0.0
28,Supplier,SKU_B,0.0,0.0,7.0,0.0,0.0,0.0,EOD,0,0.0,0.0,0.0,0.0,0.0,0.0
28,W1,SKU_A,374.0,0.0,0.0,1107.0,255.0,300.0,EOD,0,0.0,7.48,0.0,17.55,0.0,25.03
28,W1,SKU_B,374.0,0.0,0.0,1107.0,255.0,300.0,EOD,0,0.0,7.48,0.0,17.55,0.0,25.03
28,W2,SKU_A,261.0,0.0,0.0,1348.0,233.0,248.0,EOD,0,0.0,5.22,0.0,17.33,0.0,22.549999999999997
28,W2,SKU_B,261.0,0.0,0.0,1348.0,233.0,248.0,EOD,0,0.0,5.22,0.0,17.33,0.0,22.549999999999997
28,R1,SKU_A,147.0,0.0,0.0,276.0,165.0,126.0,EOD,165,165.0,4.41,0.0,0.0,0.0,4.41
28,R1,SKU_B,147.0,0.0,0.0,276.0,165.0,126.0,EOD,165,165.0,4.41,0.0,0.0,0.0,4.41
28,R2,SKU_A,147.0,0.0,0.0,236.0,98.0,83.0,EOD,98,98.0,4.41,0.0,0.0,0.0,4.41
28,R2,SKU_B,147.0,0.0,0.0,236.0,98.0,83.0,EOD,98,98.0,4.41,0.0,0.0,0.0,4.41
28,R3,SKU_A,212.0,0.0,0.0,840.0,305.0,172.0,EOD,305,305.0,6.359999999999999,0.0,0.0,0.0,6.359999999999999
28,R3,SKU_B,212.0,0.0,0.0,840.0,305.0,172.0,EOD,305,305.0,6.359999999999999,0.0,0.0,0.0,6.359999999999999
29,Supplier,SKU_A,0.0,0.0,0.0,0.0,0.0,0.0,EOD,0,0.0,0.0,0.0,0.0,0.0,0.0
29,Supplier,SKU_B,0.0,0.0,0.0,0.0,0.0,0.0,EOD,0,0.0,0.0,0.0,0.0,0.0,0.0
29,W1,SKU_A,407.0,0.0,0.0,1066.0,263.0,296.0,EOD,0,0.0,8.14,0.0,17.63,0.0,25.77
29,W1,SKU_B,407.0,0.0,0.0,1066.0,263.0,296.0,EOD,0,0.0,8.14,0.0,17.63,0.0,25.77
29,W2,SKU_A,261.0,0.0,5.0,1288.0,305.0,300.0,EOD,0,0.0,5.22,0.0,18.05,0.0,23.27
29,W2,SKU_B,261.0,0.0,5.0,1288.0,305.0,300.0,EOD,0,0.0,5.22,0.0,18.05,0.0,23.27
29,R1,SKU_A,53.0,0.0,0.0,341.0,194.0,100.0,EOD,194,194.0,1.5899999999999999,0.0,0.0,0.0,1.5899999999999999
29,R1,SKU_B,53.0,0.0,0.0,341.0,194.0,100.0,EOD,194,194.0,1.5899999999999999,0.0,0.0,0.0,1.5899999999999999
29,R2,SKU_A,136.0,0.0,0.0,268.0,77.0,66.0,EOD,77,77.0,4.08,0.0,0.0,0.0,4.08
29,R2,SKU_B,136.0,0.0,0.0,268.0,77.0,66.0,EOD,77,77.0,4.08,0.0,0.0,0.0,4.08
29,R3,SKU_A,115.0,0.0,0.0,940.0,297.0,200.0,EOD,297,297.0,3.4499999999999997,0.0,0.0,0.0,3.4499999999999997
29,R3,SKU_B,115.0,0.0,0.0,940.0,297.0,200.0,EOD,297,297.0,3.4499999999999997,0.0,0.0,0.0,3.4499999999999997
30,Supplier,SKU_A,0.0,0.0,5.0,0.0,0.0,0.0,EOD,0,0.0,0.0,0.0,0.0,0.0,0.0
30,Supplier,SKU_B,0.0,0.0,5.0,0.0,0.0,0.0,EOD,0,0.0,0.0,0.0,0.0,0.0,0.0
30,W1,SKU_A,336.0,0.0,0.0,1129.0,271.0,200.0,EOD,0,0.0,6.72,0.0,17.71,0.0,24.43
30,W1,SKU_B,336.0,0.0,0.0,1129.0,271.0,200.0,EOD,0,0.0,6.72,0.0,17.71,0.0,24.43
30,W2,SKU_A,237.0,0.0,2.0,1312.0,297.0,276.0,EOD,0,0.0,4.74,0.0,17.97,0.0,22.71
30,W2,SKU_B,237.0,0.0,2.0,1312.0,297.0,276.0,EOD,0,0.0,4.74,0.0,17.97,0.0,22.71
30,R1,SKU_A,110.0,0.0,0.0,359.0,119.0,176.0,EOD,119,119.0,3.3,0.0,0.0,0.0,3.3
30,R1,SKU_B,110.0,0.0,0.0,359.0,119.0,176.0,EOD,119,119.0,3.3,0.0,0.0,0.0,3.3
30,R2,SKU_A,137.0,0.0,0.0,274.0,70.0,71.0,EOD,70,70.0,4.109999999999999,0.0,0.0,0.0,4.109999999999999
30,R2,SKU_B,137.0,0.0,0.0,274.0,70.0,71.0,EOD,70,70.0,4.109999999999999,0.0,0.0,0.0,4.109999999999999
30,R3,SKU_A,147.0,0.0,0.0,1040.0,168.0,200.0,EOD,168,168.0,4.41,0.0,0.0,0.0,4.41
30,R3,SKU_B,147.0,0.0,0.0,1040.0,168.0,200.0,EOD,168,168.0,4.41,0.0,0.0,0.0,4.41
31,Supplier,SKU_A,0.0,0.0,2.0,0.0,0.0,0.0,EOD,0,0.0,0.0,0.0,0.0,0.0,0.0
31,Supplier,SKU_B,0.0,0.0,2.0,0.0,0.0,0.0,EOD,0,0.0,0.0,0.0,0.0,0.0,0.0
31,W1,SKU_A,394.0,0.0,19.0,1172.0,189.0,228.0,EOD,0,0.0,7.88,0.0,16.89,0.0,24.77
31,W1,SKU_B,394.0,0.0,19.0,1172.0,189.0,228.0,EOD,0,0.0,7.88,0.0,16.89,0.0,24.77
31,W2,SKU_A,239.0,0.0,0.0,1440.0,168.0,172.0,EOD,0,0.0,4.78,0.0,16.68,0.0,21.46
31,W2,SKU_B,239.0,0.0,0.0,1440.0,168.0,172.0,EOD,0,0.0,4.78,0.0,16.68,0.0,21.46
31,R1,SKU_A,152.0,0.0,0.0,294.0,123.0,165.0,EOD,123,123.0,4.56,0.0,0.0,0.0,4.56
31,R1,SKU_B,152.0,0.0,0.0,294.0,123.0,165.0,EOD,123,123.0,4.56,0.0,0.0,0.0,4.56
31,R2,SKU_A,153.0,0.0,0.0,245.0,83.0,99.0,EOD,83,83.0,4.59,0.0,0.0,0.0,4.59
31,R2,SKU_B,153.0,0.0,0.0,245.0,83.0,99.0,EOD,83,83.0,4.59,0.0,0.0,0.0,4.59
31,R3,SKU_A,105.0,0.0,0.0,1010.0,242.0,200.0,EOD,242,242.0,3.15,0.0,0.0,0.0,3.15
31,R3,SKU_B,105.0,0.0,0.0,1010.0,242.0,200.0,EOD,242,242.0,3.15,0.0,0.0,0.0,3.15
32,Supplier,SKU_A,0.0,0.0,0.0,0.0,0.0,0.0,EOD,0,0.0,0.0,0.0,0.0,0.0,0.0
32,Supplier,SKU_B,0.0,0.0,0.0,0.0,0.0,0.0,EOD,0,0.0,0.0,0.0,0.0,0.0,0.0
32,W1,SKU_A,361.0,0.0,0.0,1169.0,206.0,192.0,EOD,0,0.0,7.22,0.0,17.06,0.0,24.279999999999998
32,W1,SKU_B,361.0,0.0,0.0,1169.0,206.0,192.0,EOD,0,0.0,7.22,0.0,17.06,0.0,24.279999999999998
32,W2,SKU_A,197.0,0.0,0.0,1410.0,242.0,200.0,EOD,0,0.0,3.94,0.0,17.42,0.0,21.360000000000003
32,W2,SKU_B,197.0,0.0,0.0,1410.0,242.0,200.0,EOD,0,0.0,3.94,0.0,17.42,0.0,21.360000000000003
32,R1,SKU_A,219.0,0.0,0.0,242.0,127.0,194.0,EOD,127,127.0,6.569999999999999,0.0,0.0,0.0,6.569999999999999
32,R1,SKU_B,219.0,0.0,0.0,242.0,127.0,194.0,EOD,127,127.0,6.569999999999999,0.0,0.0,0.0,6.569999999999999
32,R2,SKU_A,170.0,0.0,0.0,230.0,81.0,98.0,EOD,81,81.0,5.1,0.0,0.0,0.0,5.1
32,R2,SKU_B,170.0,0.0,0.0,230.0,81.0,98.0,EOD,81,81.0,5.1,0.0,0.0,0.0,5.1
32,R3,SKU_A,137.0,0.0,0.0,1012.0,208.0,240.0,EOD,208,208.0,4.109999999999999,0.0,0.0,0.0,4.109999999999999
32,R3,SKU_B,137.0,0.0,0.0,1012.0,208.0,240.0,EOD,208,208.0,4.109999999999999,0.0,0.0,0.0,4.109999999999999
33,Supplier,SKU_A,0.0,0.0,6.0,0.0,0.0,0.0,EOD,0,0.0,0.0,0.0,0.0,0.0,0.0
33,Supplier,SKU_B,0.0,0.0,6.0,0.0,0.0,0.0,EOD,0,0.0,0.0,0.0,0.0,0.0,0.0
33,W1,SKU_A,344.0,0.0,0.0,1178.0,208.0,191.0,EOD,0,0.0,6.88,0.0,17.08,0.0,23.959999999999997
33,W1,SKU_B,344.0,0.0,0.0,1178.0,208.0,191.0,EOD,0,0.0,6.88,0.0,17.08,0.0,23.959999999999997
33,W2,SKU_A,197.0,0.0,8.0,1452.0,208.0,200.0,EOD,0,0.0,3.94,0.0,17.08,0.0,21.02
33,W2,SKU_B,197.0,0.0,8.0,1452.0,208.0,200.0,EOD,0,0.0,3.94,0.0,17.08,0.0,21.02
33,R1,SKU_A,170.0,0.0,0.0,269.0,149.0,100.0,EOD,149,149.0,5.1,0.0,0.0,0.0,5.1
33,R1,SKU_B,170.0,0.0,0.0,269.0,149.0,100.0,EOD,149,149.0,5.1,0.0,0.0,0.0,5.1
33,R2,SKU_A,145.0,0.0,0.0,234.0,102.0,77.0,EOD,102,102.0,4.35,0.0,0.0,0.0,4.35
33,R2,SKU_B,145.0,0.0,0.0,234.0,102.0,77.0,EOD,102,102.0,4.35,0.0,0.0,0.0,4.35
33,R3,SKU_A,234.0,0.0,0.0,912.0,203.0,300.0,EOD,203,203.0,7.02,0.0,0.0,0.0,7.02
33,R3,SKU_B,234.0,0.0,0.0,912.0,203.0,300.0,EOD,203,203.0,7.02,0.0,0.0,0.0,7.02
34,Supplier,SKU_A,0.0,0.0,22.0,0.0,0.0,0.0,EOD,0,0.0,0.0,0.0,0.0,0.0,0.0
34,Supplier,SKU_B,0.0,0.0,22.0,0.0,0.0,0.0,EOD,0,0.0,0.0,0.0,0.0,0.0,0.0
34,W1,SKU_A,350.0,0.0,2.0,1123.0,251.0,255.0,EOD,0,0.0,7.0,0.0,17.51,0.0,24.51
34,W1,SKU_B,350.0,0.0,2.0,1123.0,251.0,255.0,EOD,0,0.0,7.0,0.0,17.51,0.0,24.51
34,W2,SKU_A,197.0,0.0,11.0,1452.0,203.0,200.0,EOD,0,0.0,3.94,0.0,17.03,0.0,20.970000000000002
34,W2,SKU_B,197.0,0.0,11.0,1452.0,203.0,200.0,EOD,0,0.0,3.94,0.0,17.03,0.0,20.970000000000002
34,R1,SKU_A,146.0,0.0,0.0,276.0,166.0,142.0,EOD,166,166.0,4.38,0.0,0.0,0.0,4.38
34,R1,SKU_B,146.0,0.0,0.0,276.0,166.0,142.0,EOD,166,166.0,4.38,0.0,0.0,0.0,4.38
34,R2,SKU_A,123.0,0.0,0.0,264.0,92.0,70.0,EOD,92,92.0,3.69,0.0,0.0,0.0,3.69
34,R2,SKU_B,123.0,0.0,0.0,264.0,92.0,70.0,EOD,92,92.0,3.69,0.0,0.0,0.0,3.69
34,R3,SKU_A,284.0,0.0,0.0,812.0,250.0,300.0,EOD,250,250.0,8.52,0.0,0.0,0.0,8.52
34,R3,SKU_B,284.0,0.0,0.0,812.0,250.0,300.0,EOD,250,250.0,8.52,0.0,0.0,0.0,8.52
35,Supplier,SKU_A,0.0,0.0,11.0,0.0,0.0,0.0,EOD,0,0.0,0.0,0.0,0.0,0.0,0.0
35,Supplier,SKU_B,0.0,0.0,11.0,0.0,0.0,0.0,EOD,0,0.0,0.0,0.0,0.0,0.0,0.0
35,W1,SKU_A,353.0,0.0,0.0,1125.0,258.0,263.0,EOD,0,0.0,7.0600000000000005,0.0,17.58,0.0,24.64
35,W1,SKU_B,353.0,0.0,0.0,1125.0,258.0,263.0,EOD,0,0.0,7.0600000000000005,0.0,17.58,0.0,24.64
35,W2,SKU_A,176.0,0.0,0.0,1412.0,250.0,240.0,EOD,0,0.0,3.52,0.0,17.5,0.0,21.02
35,W2,SKU_B,176.0,0.0,0.0,1412.0,250.0,240.0,EOD,0,0.0,3.52,0.0,17.5,0.0,21.02
35,R1,SKU_A,93.0,0.0,0.0,315.0,180.0,127.0,EOD,180,180.0,2.79,0.0,0.0,0.0,2.79
35,R1,SKU_B,93.0,0.0,0.0,315.0,180.0,127.0,EOD,180,180.0,2.79,0.0,0.0,0.0,2.79
35,R2,SKU_A,68.0,0.0,0.0,275.0,138.0,83.0,EOD,138,138.0,2.04,0.0,0.0,0.0,2.04
35,R2,SKU_B,68.0,0.0,0.0,275.0,138.0,83.0,EOD,138,138.0,2.04,0.0,0.0,0.0,2.04
35,R3,SKU_A,154.0,0.0,0.0,903.0,300.0,170.0,EOD,300,300.0,4.62,0.0,0.0,0.0,4.62
35,R3,SKU_B,154.0,0.0,0.0,903.0,300.0,170.0,EOD,300,300.0,4.62,0.0,0.0,0.0,4.62
36,Supplier,SKU_A,0.0,0.0,0.0,0.0,0.0,0.0,EOD,0,0.0,0.0,0.0,0.0,0.0,0.0
36,Supplier,SKU_B,0.0,0.0,0.0,0.0,0.0,0.0,EOD,0,0.0,0.0,0.0,0.0,0.0,0.0
36,W1,SKU_A,306.0,0.0,0.0,1112.0,318.0,271.0,EOD,0,0.0,6.12,0.0,18.18,0.0,24.3
36,W1,SKU_B,306.0,0.0,0.0,1112.0,318.0,271.0,EOD,0,0.0,6.12,0.0,18.18,0.0,24.3
36,W2,SKU_A,176.0,0.0,0.0,1373.0,300.0,300.0,EOD,0,0.0,3.52,0.0,18.0,0.0,21.52
36,W2,SKU_B,176.0,0.0,0.0,1373.0,300.0,300.0,EOD,0,0.0,3.52,0.0,18.0,0.0,21.52
36,R1,SKU_A,63.0,0.0,0.0,346.0,179.0,149.0,EOD,179,179.0,1.89,0.0,0.0,0.0,1.89
36,R1,SKU_B,63.0,0.0,0.0,346.0,179.0,149.0,EOD,179,179.0,1.89,0.0,0.0,0.0,1.89
36,R2,SKU_A,24.0,0.0,0.0,332.0,125.0,81.0,EOD,125,125.0,0.72,0.0,0.0,0.0,0.72
36,R2,SKU_B,24.0,0.0,0.0,332.0,125.0,81.0,EOD,125,125.0,0.72,0.0,0.0,0.0,0.72
36,R3,SKU_A,83.0,0.0,0.0,961.0,313.0,242.0,EOD,313,313.0,2.4899999999999998,0.0,0.0,0.0,2.4899999999999998
36,R3,SKU_B,83.0,0.0,0.0,961.0,313.0,242.0,EOD,313,313.0,2.4899999999999998,0.0,0.0,0.0,2.4899999999999998
37,Supplier,SKU_A,0.0,0.0,18.0,0.0,0.0,0.0,EOD,0,0.0,0.0,0.0,0.0,0.0,0.0
37,Supplier,SKU_B,0.0,0.0,18.0,0.0,0.0,0.0,EOD,0,0.0,0.0,0.0,0.0,0.0,0.0
37,W1,SKU_A,191.0,0.0,0.0,1223.0,304.0,189.0,EOD,0,0.0,3.8200000000000003,0.0,18.04,0.0,21.86
37,W1,SKU_B,191.0,0.0,0.0,1223.0,304.0,189.0,EOD,0,0.0,3.8200000000000003,0.0,18.04,0.0,21.86
37,W2,SKU_A,176.0,0.0,13.0,1373.0,313.0,300.0,EOD,0,0.0,3.52,0.0,18.13,0.0,21.65
37,W2,SKU_B,176.0,0.0,13.0,1373.0,313.0,300.0,EOD,0,0.0,3.52,0.0,18.13,0.0,21.65
37,R1,SKU_A,129.0,0.0,0.0,359.0,100.0,166.0,EOD,100,100.0,3.8699999999999997,0.0,0.0,0.0,3.8699999999999997
37,R1,SKU_B,129.0,0.0,0.0,359.0,100.0,166.0,EOD,100,100.0,3.8699999999999997,0.0,0.0,0.0,3.8699999999999997
37,R2,SKU_A,39.0,0.0,0.0,357.0,85.0,100.0,EOD,85,85.0,1.17,0.0,0.0,0.0,1.17
37,R2,SKU_B,39.0,0.0,0.0,357.0,85.0,100.0,EOD,85,85.0,1.17,0.0,0.0,0.0,1.17
37,R3,SKU_A,58.0,0.0,0.0,1061.0,225.0,200.0,EOD,225,225.0,1.74,0.0,0.0,0.0,1.74
37,R3,SKU_B,58.0,0.0,0.0,1061.0,225.0,200.0,EOD,225,225.0,1.74,0.0,0.0,0.0,1.74
38,Supplier,SKU_A,0.0,0.0,35.0,0.0,0.0,0.0,EOD,0,0.0,0.0,0.0,0.0,0.0,0.0
38,Supplier,SKU_B,0.0,0.0,35.0,0.0,0.0,0.0,EOD,0,0.0,0.0,0.0,0.0,0.0,0.0
38,W1,SKU_A,206.0,0.0,0.0,1323.0,185.0,200.0,EOD,0,0.0,4.12,0.0,16.85,0.0,20.970000000000002
38,W1,SKU_B,206.0,0.0,0.0,1323.0,185.0,200.0,EOD,0,0.0,4.12,0.0,16.85,0.0,20.970000000000002
38,W2,SKU_A,108.0,0.0,0.0,1503.0,225.0,170.0,EOD,0,0.0,2.16,0.0,17.25,0.0,19.41
38,W2,SKU_B,108.0,0.0,0.0,1503.0,225.0,170.0,EOD,0,0.0,2.16,0.0,17.25,0.0,19.41
38,R1,SKU_A,192.0,0.0,0.0,279.0,117.0,180.0,EOD,117,117.0,5.76,0.0,0.0,0.0,5.76
38,R1,SKU_B,192.0,0.0,0.0,279.0,117.0,180.0,EOD,117,117.0,5.76,0.0,0.0,0.0,5.76
38,R2,SKU_A,25.0,0.0,0.0,348.0,108.0,94.0,EOD,108,108.0,0.75,0.0,0.0,0.0,0.75
38,R2,SKU_B,25.0,0.0,0.0,348.0,108.0,94.0,EOD,108,108.0,0.75,0.0,0.0,0.0,0.75
38,R3,SKU_A,52.0,0.0,0.0,1099.0,206.0,200.0,EOD,206,206.0,1.56,0.0,0.0,0.0,1.56
38,R3,SKU_B,52.0,0.0,0.0,1099.0,206.0,200.0,EOD,206,206.0,1.56,0.0,0.0,0.0,1.56
39,Supplier,SKU_A,0.0,0.0,7.0,0.0,0.0,0.0,EOD,0,0.0,0.0,0.0,0.0,0.0,0.0
39,Supplier,SKU_B,0.0,0.0,7.0,0.0,0.0,0.0,EOD,0,0.0,0.0,0.0,0.0,0.0,0.0
39,W1,SKU_A,206.0,0.0,25.0,1323.0,225.0,200.0,EOD,0,0.0,4.12,0.0,17.25,0.0,21.37
39,W1,SKU_B,206.0,0.0,25.0,1323.0,225.0,200.0,EOD,0,0.0,4.12,0.0,17.25,0.0,21.37
39,W2,SKU_A,150.0,0.0,6.0,1499.0,206.0,242.0,EOD,0,0.0,3.0,0.0,17.06,0.0,20.06
39,W2,SKU_B,150.0,0.0,6.0,1499.0,206.0,242.0,EOD,0,0.0,3.0,0.0,17.06,0.0,20.06
39,R1,SKU_A,235.0,0.0,0.0,200.0,136.0,179.0,EOD,136,136.0,7.05,0.0,0.0,0.0,7.05
39,R1,SKU_B,235.0,0.0,0.0,200.0,136.0,179.0,EOD,136,136.0,7.05,0.0,0.0,0.0,7.05
39,R2,SKU_A,79.0,0.0,0.0,310.0,84.0,138.0,EOD,84,84.0,2.37,0.0,0.0,0.0,2.37
39,R2,SKU_B,79.0,0.0,0.0,310.0,84.0,138.0,EOD,84,84.0,2.37,0.0,0.0,0.0,2.37
39,R3,SKU_A,117.0,0.0,0.0,1038.0,196.0,261.0,EOD,196,196.0,3.51,0.0,0.0,0.0,3.51
39,R3,SKU_B,117.0,0.0,0.0,1038.0,196.0,261.0,EOD,196,196.0,3.51,0.0,0.0,0.0,3.51
40,Supplier,SKU_A,0.0,0.0,6.0,0.0,0.0,0.0,EOD,0,0.0,0.0,0.0,0.0,0.0,0.0
40,Supplier,SKU_B,0.0,0.0,6.0,0.0,0.0,0.0,EOD,0,0.0,0.0,0.0,0.0,0.0,0.0
40,W1,SKU_A,226.0,0.0,0.0,1290.0,220.0,265.0,EOD,0,0.0,4.5200000000000005,0.0,17.2,0.0,21.72
40,W1,SKU_B,226.0,0.0,0.0,1290.0,220.0,265.0,EOD,0,0.0,4.5200000000000005,0.0,17.2,0.0,21.72
40,W2,SKU_A,150.0,0.0,2.0,1499.0,196.0,200.0,EOD,0,0.0,3.0,0.0,16.96,0.0,19.96
40,W2,SKU_B,150.0,0.0,2.0,1499.0,196.0,200.0,EOD,0,0.0,3.0,0.0,16.96,0.0,19.96
40,R1,SKU_A,212.0,0.0,0.0,253.0,123.0,100.0,EOD,123,123.0,6.359999999999999,0.0,0.0,0.0,6.359999999999999
40,R1,SKU_B,212.0,0.0,0.0,253.0,123.0,100.0,EOD,123,123.0,6.359999999999999,0.0,0.0,0.0,6.359999999999999
40,R2,SKU_A,113.0,0.0,0.0,277.0,91.0,125.0,EOD,91,91.0,3.3899999999999997,0.0,0.0,0.0,3.3899999999999997
40,R2,SKU_B,113.0,0.0,0.0,277.0,91.0,125.0,EOD,91,91.0,3.3899999999999997,0.0,0.0,0.0,3.3899999999999997
40,R3,SKU_A,191.0,0.0,0.0,938.0,226.0,300.0,EOD,226,226.0,5.7299999999999995,0.0,0.0,0.0,5.7299999999999995
40,R3,SKU_B,191.0,0.0,0.0,938.0,226.0,300.0,EOD,226,226.0,5.7299999999999995,0.0,0.0,0.0,5.7299999999999995
41,Supplier,SKU_A,0.0,0.0,22.0,0.0,0.0,0.0,EOD,0,0.0,0.0,0.0,0.0,0.0,0.0
41,Supplier,SKU_B,0.0,0.0,22.0,0.0,0.0,0.0,EOD,0,0.0,0.0,0.0,0.0,0.0,0.0
41,W1,SKU_A,293.0,0.0,23.0,1232.0,214.0,258.0,EOD,0,0.0,5.86,0.0,17.14,0.0,23.0
41,W1,SKU_B,293.0,0.0,23.0,1232.0,214.0,258.0,EOD,0,0.0,5.86,0.0,17.14,0.0,23.0
41,W2,SKU_A,122.0,0.0,0.0,1499.0,226.0,200.0,EOD,0,0.0,2.44,0.0,17.26,0.0,19.700000000000003
41,W2,SKU_B,122.0,0.0,0.0,1499.0,226.0,200.0,EOD,0,0.0,2.44,0.0,17.26,0.0,19.700000000000003
41,R1,SKU_A,161.0,0.0,0.0,253.0,151.0,100.0,EOD,151,151.0,4.83,0.0,0.0,0.0,4.83
41,R1,SKU_B,161.0,0.0,0.0,253.0,151.0,100.0,EOD,151,151.0,4.83,0.0,0.0,0.0,4.83
41,R2,SKU_A,116.0,0.0,0.0,283.0,82.0,85.0,EOD,82,82.0,3.48,0.0,0.0,0.0,3.48
41,R2,SKU_B,116.0,0.0,0.0,283.0,82.0,85.0,EOD,82,82.0,3.48,0.0,0.0,0.0,3.48
41,R3,SKU_A,257.0,0.0,0.0,866.0,234.0,300.0,EOD,234,234.0,7.71,0.0,0.0,0.0,7.71
41,R3,SKU_B,257.0,0.0,0.0,866.0,234.0,300.0,EOD,234,234.0,7.71,0.0,0.0,0.0,7.71
42,Supplier,SKU_A,0.0,0.0,0.0,0.0,0.0,0.0,EOD,0,0.0,0.0,0.0,0.0,0.0,0.0
42,Supplier,SKU_B,0.0,0.0,0.0,0.0,0.0,0.0,EOD,0,0.0,0.0,0.0,0.0,0.0,0.0
42,W1,SKU_A,337.0,0.0,0.0,1166.0,233.0,300.0,EOD,0,0.0,6.74,0.0,17.33,0.0,24.07
42,W1,SKU_B,337.0,0.0,0.0,1166.0,233.0,300.0,EOD,0,0.0,6.74,0.0,17.33,0.0,24.07
42,W2,SKU_A,149.0,0.0,0.0,1466.0,234.0,261.0,EOD,0,0.0,2.98,0.0,17.34,0.0,20.32
42,W2,SKU_B,149.0,0.0,0.0,1466.0,234.0,261.0,EOD,0,0.0,2.98,0.0,17.34,0.0,20.32
42,R1,SKU_A,134.0,0.0,0.0,274.0,180.0,153.0,EOD,180,180.0,4.02,0.0,0.0,0.0,4.02
42,R1,SKU_B,134.0,0.0,0.0,274.0,180.0,153.0,EOD,180,180.0,4.02,0.0,0.0,0.0,4.02
42,R2,SKU_A,116.0,0.0,0.0,265.0,100.0,100.0,EOD,100,100.0,3.48,0.0,0.0,0.0,3.48
42,R2,SKU_B,116.0,0.0,0.0,265.0,100.0,100.0,EOD,100,100.0,3.48,0.0,0.0,0.0,3.48
42,R3,SKU_A,150.0,0.0,0.0,862.0,345.0,238.0,EOD,345,345.0,4.5,0.0,0.0,0.0,4.5
42,R3,SKU_B,150.0,0.0,0.0,862.0,345.0,238.0,EOD,345,345.0,4.5,0.0,0.0,0.0,4.5
43,Supplier,SKU_A,0.0,0.0,0.0,0.0,0.0,0.0,EOD,0,0.0,0.0,0.0,0.0,0.0,0.0
43,Supplier,SKU_B,0.0,0.0,0.0,0.0,0.0,0.0,EOD,0,0.0,0.0,0.0,0.0,0.0,0.0
43,W1,SKU_A,357.0,0.0,0.0,1099.0,280.0,300.0,EOD,0,0.0,7.140000000000001,0.0,17.8,0.0,24.94
43,W1,SKU_B,357.0,0.0,0.0,1099.0,280.0,300.0,EOD,0,0.0,7.140000000000001,0.0,17.8,0.0,24.94
43,W2,SKU_A,104.0,0.0,0.0,1400.0,345.0,300.0,EOD,0,0.0,2.08,0.0,18.45,0.0,20.53
43,W2,SKU_B,104.0,0.0,0.0,1400.0,345.0,300.0,EOD,0,0.0,2.08,0.0,18.45,0.0,20.53
43,R1,SKU_A,58.0,0.0,0.0,354.0,176.0,100.0,EOD,176,176.0,1.74,0.0,0.0,0.0,1.74
43,R1,SKU_B,58.0,0.0,0.0,354.0,176.0,100.0,EOD,176,176.0,1.74,0.0,0.0,0.0,1.74
43,R2,SKU_A,124.0,0.0,0.0,273.0,84.0,92.0,EOD,84,84.0,3.7199999999999998,0.0,0.0,0.0,3.7199999999999998
43,R2,SKU_B,124.0,0.0,0.0,273.0,84.0,92.0,EOD,84,84.0,3.7199999999999998,0.0,0.0,0.0,3.7199999999999998
43,R3,SKU_A,54.0,0.0,0.0,1007.0,296.0,200.0,EOD,296,296.0,1.6199999999999999,0.0,0.0,0.0,1.6199999999999999
43,R3,SKU_B,54.0,0.0,0.0,1007.0,296.0,200.0,EOD,296,296.0,1.6199999999999999,0.0,0.0,0.0,1.6199999999999999
44,Supplier,SKU_A,0.0,0.0,0.0,0.0,0.0,0.0,EOD,0,0.0,0.0,0.0,0.0,0.0,0.0
44,Supplier,SKU_B,0.0,0.0,0.0,0.0,0.0,0.0,EOD,0,0.0,0.0,0.0,0.0,0.0,0.0
44,W1,SKU_A,297.0,0.0,0.0,1179.0,260.0,200.0,EOD,0,0.0,5.94,0.0,17.6,0.0,23.540000000000003
44,W1,SKU_B,297.0,0.0,0.0,1179.0,260.0,200.0,EOD,0,0.0,5.94,0.0,17.6,0.0,23.540000000000003
44,W2,SKU_A,108.0,0.0,0.0,1445.0,296.0,300.0,EOD,0,0.0,2.16,0.0,17.96,0.0,20.12
44,W2,SKU_B,108.0,0.0,0.0,1445.0,296.0,300.0,EOD,0,0.0,2.16,0.0,17.96,0.0,20.12
44,R1,SKU_A,113.0,0.0,0.0,356.0,119.0,174.0,EOD,119,119.0,3.3899999999999997,0.0,0.0,0.0,3.3899999999999997
44,R1,SKU_B,113.0,0.0,0.0,356.0,119.0,174.0,EOD,119,119.0,3.3899999999999997,0.0,0.0,0.0,3.3899999999999997
44,R2,SKU_A,121.0,0.0,0.0,266.0,94.0,91.0,EOD,94,94.0,3.63,0.0,0.0,0.0,3.63
44,R2,SKU_B,121.0,0.0,0.0,266.0,94.0,91.0,EOD,94,94.0,3.63,0.0,0.0,0.0,3.63
44,R3,SKU_A,54.0,0.0,0.0,1103.0,200.0,200.0,EOD,200,200.0,1.6199999999999999,0.0,0.0,0.0,1.6199999999999999
44,R3,SKU_B,54.0,0.0,0.0,1103.0,200.0,200.0,EOD,200,200.0,1.6199999999999999,0.0,0.0,0.0,1.6199999999999999
45,Supplier,SKU_A,0.0,0.0,0.0,0.0,0.0,0.0,EOD,0,0.0,0.0,0.0,0.0,0.0,0.0
45,Supplier,SKU_B,0.0,0.0,0.0,0.0,0.0,0.0,EOD,0,0.0,0.0,0.0,0.0,0.0,0.0
45,W1,SKU_A,335.0,0.0,19.0,1207.0,213.0,232.0,EOD,0,0.0,6.7,0.0,17.13,0.0,23.83
45,W1,SKU_B,335.0,0.0,19.0,1207.0,213.0,232.0,EOD,0,0.0,6.7,0.0,17.13,0.0,23.83
45,W2,SKU_A,146.0,0.0,0.0,1503.0,200.0,238.0,EOD,0,0.0,2.92,0.0,17.0,0.0,19.92
45,W2,SKU_B,146.0,0.0,0.0,1503.0,200.0,238.0,EOD,0,0.0,2.92,0.0,17.0,0.0,19.92
45,R1,SKU_A,177.0,0.0,0.0,276.0,116.0,180.0,EOD,116,116.0,5.31,0.0,0.0,0.0,5.31
45,R1,SKU_B,177.0,0.0,0.0,276.0,116.0,180.0,EOD,116,116.0,5.31,0.0,0.0,0.0,5.31
45,R2,SKU_A,126.0,0.0,0.0,278.0,77.0,82.0,EOD,77,77.0,3.78,0.0,0.0,0.0,3.78
45,R2,SKU_B,126.0,0.0,0.0,278.0,77.0,82.0,EOD,77,77.0,3.78,0.0,0.0,0.0,3.78
45,R3,SKU_A,25.0,0.0,0.0,1075.0,257.0,228.0,EOD,257,257.0,0.75,0.0,0.0,0.0,0.75
45,R3,SKU_B,25.0,0.0,0.0,1075.0,257.0,228.0,EOD,257,257.0,0.75,0.0,0.0,0.0,0.75
46,Supplier,SKU_A,0.0,0.0,13.0,0.0,0.0,0.0,EOD,0,0.0,0.0,0.0,0.0,0.0,0.0
46,Supplier,SKU_B,0.0,0.0,13.0,0.0,0.0,0.0,EOD,0,0.0,0.0,0.0,0.0,0.0,0.0
46,W1,SKU_A,323.0,0.0,0.0,1207.0,193.0,200.0,EOD,0,0.0,6.46,0.0,16.93,0.0,23.39
46,W1,SKU_B,323.0,0.0,0.0,1207.0,193.0,200.0,EOD,0,0.0,6.46,0.0,16.93,0.0,23.39
46,W2,SKU_A,89.0,0.0,0.0,1503.0,257.0,200.0,EOD,0,0.0,1.78,0.0,17.57,0.0,19.35
46,W2,SKU_B,89.0,0.0,0.0,1503.0,257.0,200.0,EOD,0,0.0,1.78,0.0,17.57,0.0,19.35
46,R1,SKU_A,234.0,0.0,0.0,235.0,119.0,176.0,EOD,119,119.0,7.02,0.0,0.0,0.0,7.02
46,R1,SKU_B,234.0,0.0,0.0,235.0,119.0,176.0,EOD,119,119.0,7.02,0.0,0.0,0.0,7.02
46,R2,SKU_A,159.0,0.0,0.0,255.0,67.0,100.0,EOD,67,67.0,4.77,0.0,0.0,0.0,4.77
46,R2,SKU_B,159.0,0.0,0.0,255.0,67.0,100.0,EOD,67,67.0,4.77,0.0,0.0,0.0,4.77
46,R3,SKU_A,50.0,0.0,0.0,1098.0,209.0,234.0,EOD,209,209.0,1.5,0.0,0.0,0.0,1.5
46,R3,SKU_B,50.0,0.0,0.0,1098.0,209.0,234.0,EOD,209,209.0,1.5,0.0,0.0,0.0,1.5
47,Supplier,SKU_A,0.0,0.0,6.0,0.0,0.0,0.0,EOD,0,0.0,0.0,0.0,0.0,0.0,0.0
47,Supplier,SKU_B,0.0,0.0,6.0,0.0,0.0,0.0,EOD,0,0.0,0.0,0.0,0.0,0.0,0.0
47,W1,SKU_A,390.0,0.0,19.0,1173.0,186.0,234.0,EOD,0,0.0,7.8,0.0,16.86,0.0,24.66
47,W1,SKU_B,390.0,0.0,19.0,1173.0,186.0,234.0,EOD,0,0.0,7.8,0.0,16.86,0.0,24.66
47,W2,SKU_A,89.0,0.0,9.0,1560.0,209.0,200.0,EOD,0,0.0,1.78,0.0,17.09,0.0,18.87
47,W2,SKU_B,89.0,0.0,9.0,1560.0,209.0,200.0,EOD,0,0.0,1.78,0.0,17.09,0.0,18.87
47,R1,SKU_A,200.0,0.0,0.0,235.0,134.0,100.0,EOD,134,134.0,6.0,0.0,0.0,0.0,6.0
47,R1,SKU_B,200.0,0.0,0.0,235.0,134.0,100.0,EOD,134,134.0,6.0,0.0,0.0,0.0,6.0
47,R2,SKU_A,146.0,0.0,0.0,238.0,97.0,84.0,EOD,97,97.0,4.38,0.0,0.0,0.0,4.38
47,R2,SKU_B,146.0,0.0,0.0,238.0,97.0,84.0,EOD,97,97.0,4.38,0.0,0.0,0.0,4.38
47,R3,SKU_A,166.0,0.0,0.0,953.0,229.0,345.0,EOD,229,229.0,4.9799999999999995,0.0,0.0,0.0,4.9799999999999995
47,R3,SKU_B,166.0,0.0,0.0,953.0,229.0,345.0,EOD,229,229.0,4.9799999999999995,0.0,0.0,0.0,4.9799999999999995
48,Supplier,SKU_A,0.0,0.0,9.0,0.0,0.0,0.0,EOD,0,0.0,0.0,0.0,0.0,0.0,0.0
48,Supplier,SKU_B,0.0,0.0,9.0,0.0,0.0,0.0,EOD,0,0.0,0.0,0.0,0.0,0.0,0.0
48,W1,SKU_A,373.0,0.0,0.0,1132.0,231.0,233.0,EOD,0,0.0,7.46,0.0,17.31,0.0,24.77
48,W1,SKU_B,373.0,0.0,0.0,1132.0,231.0,233.0,EOD,0,0.0,7.46,0.0,17.31,0.0,24.77
48,W2,SKU_A,79.0,0.0,0.0,1532.0,229.0,228.0,EOD,0,0.0,1.58,0.0,17.29,0.0,18.869999999999997
48,W2,SKU_B,79.0,0.0,0.0,1532.0,229.0,228.0,EOD,0,0.0,1.58,0.0,17.29,0.0,18.869999999999997
48,R1,SKU_A,214.0,0.0,0.0,253.0,121.0,135.0,EOD,121,121.0,6.42,0.0,0.0,0.0,6.42
48,R1,SKU_B,214.0,0.0,0.0,253.0,121.0,135.0,EOD,121,121.0,6.42,0.0,0.0,0.0,6.42
48,R2,SKU_A,156.0,0.0,0.0,241.0,84.0,94.0,EOD,84,84.0,4.68,0.0,0.0,0.0,4.68
48,R2,SKU_B,156.0,0.0,0.0,241.0,84.0,94.0,EOD,84,84.0,4.68,0.0,0.0,0.0,4.68
48,R3,SKU_A,234.0,0.0,0.0,895.0,228.0,296.0,EOD,228,228.0,7.02,0.0,0.0,0.0,7.02
48,R3,SKU_B,234.0,0.0,0.0,895.0,228.0,296.0,EOD,228,228.0,7.02,0.0,0.0,0.0,7.02
49,Supplier,SKU_A,0.0,0.0,0.0,0.0,0.0,0.0,EOD,0,0.0,0.0,0.0,0.0,0.0,0.0
49,Supplier,SKU_B,0.0,0.0,0.0,0.0,0.0,0.0,EOD,0,0.0,0.0,0.0,0.0,0.0,0.0
49,W1,SKU_A,469.0,0.0,21.0,1083.0,205.0,280.0,EOD,0,0.0,9.38,0.0,17.05,0.0,26.43
49,W1,SKU_B,469.0,0.0,21.0,1083.0,205.0,280.0,EOD,0,0.0,9.38,0.0,17.05,0.0,26.43
49,W2,SKU_A,85.0,0.0,0.0,1536.0,228.0,234.0,EOD,0,0.0,1.7,0.0,17.28,0.0,18.98
49,W2,SKU_B,85.0,0.0,0.0,1536.0,228.0,234.0,EOD,0,0.0,1.7,0.0,17.28,0.0,18.98
49,R1,SKU_A,148.0,0.0,0.0,253.0,166.0,100.0,EOD,166,166.0,4.4399999999999995,0.0,0.0,0.0,4.4399999999999995
49,R1,SKU_B,148.0,0.0,0.0,253.0,166.0,100.0,EOD,166,166.0,4.4399999999999995,0.0,0.0,0.0,4.4399999999999995
49,R2,SKU_A,152.0,0.0,0.0,248.0,81.0,77.0,EOD,81,81.0,4.56,0.0,0.0,0.0,4.56
49,R2,SKU_B,152.0,0.0,0.0,248.0,81.0,77.0,EOD,81,81.0,4.56,0.0,0.0,0.0,4.56
49,R3,SKU_A,141.0,0.0,0.0,923.0,293.0,200.0,EOD,293,293.0,4.2299999999999995,0.0,0.0,0.0,4.2299999999999995
49,R3,SKU_B,141.0,0.0,0.0,923.0,293.0,200.0,EOD,293,293.0,4.2299999999999995,0.0,0.0,0.0,4.2299999999999995
50,Supplier,SKU_A,0.0,0.0,5.0,0.0,0.0,0.0,EOD,0,0.0,0.0,0.0,0.0,0.0,0.0
50,Supplier,SKU_B,0.0,0.0,5.0,0.0,0.0,0.0,EOD,0,0.0,0.0,0.0,0.0,0.0,0.0
50,W1,SKU_A,461.0,0.0,0.0,1023.0,247.0,260.0,EOD,0,0.0,9.22,0.0,17.47,0.0,26.689999999999998
50,W1,SKU_B,461.0,0.0,0.0,1023.0,247.0,260.0,EOD,0,0.0,9.22,0.0,17.47,0.0,26.689999999999998
50,W2,SKU_A,137.0,0.0,0.0,1419.0,293.0,345.0,EOD,0,0.0,2.74,0.0,17.93,0.0,20.67
50,W2,SKU_B,137.0,0.0,0.0,1419.0,293.0,345.0,EOD,0,0.0,2.74,0.0,17.93,0.0,20.67
50,R1,SKU_A,103.0,0.0,0.0,287.0,198.0,153.0,EOD,198,198.0,3.09,0.0,0.0,0.0,3.09
50,R1,SKU_B,103.0,0.0,0.0,287.0,198.0,153.0,EOD,198,198.0,3.09,0.0,0.0,0.0,3.09
50,R2,SKU_A,121.0,0.0,0.0,262.0,98.0,67.0,EOD,98,98.0,3.63,0.0,0.0,0.0,3.63
50,R2,SKU_B,121.0,0.0,0.0,262.0,98.0,67.0,EOD,98,98.0,3.63,0.0,0.0,0.0,3.63
50,R3,SKU_A,54.0,0.0,0.0,959.0,344.0,257.0,EOD,344,344.0,1.6199999999999999,0.0,0.0,0.0,1.6199999999999999
50,R3,SKU_B,54.0,0.0,0.0,959.0,344.0,257.0,EOD,344,344.0,1.6199999999999999,0.0,0.0,0.0,1.6199999999999999
51,Supplier,SKU_A,0.0,0.0,0.0,0.0,0.0,0.0,EOD,0,0.0,0.0,0.0,0.0,0.0,0.0
51,Supplier,SKU_B,0.0,0.0,0.0,0.0,0.0,0.0,EOD,0,0.0,0.0,0.0,0.0,0.0,0.0
51,W1,SKU_A,365.0,0.0,0.0,1075.0,296.0,200.0,EOD,0,0.0,7.3,0.0,17.96,0.0,25.26
51,W1,SKU_B,365.0,0.0,0.0,1075.0,296.0,200.0,EOD,0,0.0,7.3,0.0,17.96,0.0,25.26
51,W2,SKU_A,89.0,0.0,0.0,1416.0,344.0,296.0,EOD,0,0.0,1.78,0.0,18.44,0.0,20.220000000000002
51,W2,SKU_B,89.0,0.0,0.0,1416.0,344.0,296.0,EOD,0,0.0,1.78,0.0,18.44,0.0,20.220000000000002
51,R1,SKU_A,61.0,0.0,0.0,385.0,142.0,100.0,EOD,142,142.0,1.8299999999999998,0.0,0.0,0.0,1.8299999999999998
51,R1,SKU_B,61.0,0.0,0.0,385.0,142.0,100.0,EOD,142,142.0,1.8299999999999998,0.0,0.0,0.0,1.8299999999999998
51,R2,SKU_A,149.0,0.0,0.0,263.0,69.0,97.0,EOD,69,69.0,4.47,0.0,0.0,0.0,4.47
51,R2,SKU_B,149.0,0.0,0.0,263.0,69.0,97.0,EOD,69,69.0,4.47,0.0,0.0,0.0,4.47
51,R3,SKU_A,47.0,0.0,0.0,1103.0,207.0,200.0,EOD,207,207.0,1.41,0.0,0.0,0.0,1.41
51,R3,SKU_B,47.0,0.0,0.0,1103.0,207.0,200.0,EOD,207,207.0,1.41,0.0,0.0,0.0,1.41
52,Supplier,SKU_A,0.0,0.0,0.0,0.0,0.0,0.0,EOD,0,0.0,0.0,0.0,0.0,0.0,0.0
52,Supplier,SKU_B,0.0,0.0,0.0,0.0,0.0,0.0,EOD,0,0.0,0.0,0.0,0.0,0.0,0.0
52,W1,SKU_A,354.0,0.0,0.0,1171.0,211.0,200.0,EOD,0,0.0,7.08,0.0,17.11,0.0,24.189999999999998
52,W1,SKU_B,354.0,0.0,0.0,1171.0,211.0,200.0,EOD,0,0.0,7.08,0.0,17.11,0.0,24.189999999999998
52,W2,SKU_A,89.0,0.0,7.0,1560.0,207.0,200.0,EOD,0,0.0,1.78,0.0,17.07,0.0,18.85
52,W2,SKU_B,89.0,0.0,7.0,1560.0,207.0,200.0,EOD,0,0.0,1.78,0.0,17.07,0.0,18.85
52,R1,SKU_A,134.0,0.0,0.0,340.0,114.0,187.0,EOD,114,114.0,4.02,0.0,0.0,0.0,4.02
52,R1,SKU_B,134.0,0.0,0.0,340.0,114.0,187.0,EOD,114,114.0,4.02,0.0,0.0,0.0,4.02
52,R2,SKU_A,156.0,0.0,0.0,248.0,77.0,84.0,EOD,77,77.0,4.68,0.0,0.0,0.0,4.68
52,R2,SKU_B,156.0,0.0,0.0,248.0,77.0,84.0,EOD,77,77.0,4.68,0.0,0.0,0.0,4.68
52,R3,SKU_A,71.0,0.0,0.0,1065.0,214.0,238.0,EOD,214,214.0,2.13,0.0,0.0,0.0,2.13
52,R3,SKU_B,71.0,0.0,0.0,1065.0,214.0,238.0,EOD,214,214.0,2.13,0.0,0.0,0.0,2.13
53,Supplier,SKU_A,0.0,0.0,18.0,0.0,0.0,0.0,EOD,0,0.0,0.0,0.0,0.0,0.0,0.0
53,Supplier,SKU_B,0.0,0.0,18.0,0.0,0.0,0.0,EOD,0,0.0,0.0,0.0,0.0,0.0,0.0
53,W1,SKU_A,369.0,0.0,14.0,1179.0,191.0,192.0,EOD,0,0.0,7.38,0.0,16.91,0.0,24.29
53,W1,SKU_B,369.0,0.0,14.0,1179.0,191.0,192.0,EOD,0,0.0,7.38,0.0,16.91,0.0,24.29
53,W2,SKU_A,146.0,0.0,21.0,1503.0,214.0,257.0,EOD,0,0.0,2.92,0.0,17.14,0.0,20.060000000000002
53,W2,SKU_B,146.0,0.0,21.0,1503.0,214.0,257.0,EOD,0,0.0,2.92,0.0,17.14,0.0,20.060000000000002
53,R1,SKU_A,222.0,0.0,0.0,242.0,110.0,198.0,EOD,110,110.0,6.66,0.0,0.0,0.0,6.66
53,R1,SKU_B,222.0,0.0,0.0,242.0,110.0,198.0,EOD,110,110.0,6.66,0.0,0.0,0.0,6.66
53,R2,SKU_A,177.0,0.0,0.0,244.0,60.0,81.0,EOD,60,60.0,5.31,0.0,0.0,0.0,5.31
53,R2,SKU_B,177.0,0.0,0.0,244.0,60.0,81.0,EOD,60,60.0,5.31,0.0,0.0,0.0,5.31
53,R3,SKU_A,75.0,0.0,0.0,1037.0,224.0,228.0,EOD,224,224.0,2.25,0.0,0.0,0.0,2.25
53,R3,SKU_B,75.0,0.0,0.0,1037.0,224.0,228.0,EOD,224,224.0,2.25,0.0,0.0,0.0,2.25
54,Supplier,SKU_A,0.0,0.0,23.0,0.0,0.0,0.0,EOD,0,0.0,0.0,0.0,0.0,0.0,0.0
54,Supplier,SKU_B,0.0,0.0,23.0,0.0,0.0,0.0,EOD,0,0.0,0.0,0.0,0.0,0.0,0.0
54,W1,SKU_A,440.0,0.0,24.0,1148.0,170.0,231.0,EOD,0,0.0,8.8,0.0,16.7,0.0,25.5
54,W1,SKU_B,440.0,0.0,24.0,1148.0,170.0,231.0,EOD,0,0.0,8.8,0.0,16.7,0.0,25.5
54,W2,SKU_A,101.0,0.0,0.0,1503.0,224.0,200.0,EOD,0,0.0,2.02,0.0,17.240000000000002,0.0,19.26
54,W2,SKU_B,101.0,0.0,0.0,1503.0,224.0,200.0,EOD,0,0.0,2.02,0.0,17.240000000000002,0.0,19.26
54,R1,SKU_A,252.0,0.0,0.0,200.0,112.0,142.0,EOD,112,112.0,7.56,0.0,0.0,0.0,7.56
54,R1,SKU_B,252.0,0.0,0.0,200.0,112.0,142.0,EOD,112,112.0,7.56,0.0,0.0,0.0,7.56
54,R2,SKU_A,210.0,0.0,0.0,206.0,65.0,98.0,EOD,65,65.0,6.3,0.0,0.0,0.0,6.3
54,R2,SKU_B,210.0,0.0,0.0,206.0,65.0,98.0,EOD,65,65.0,6.3,0.0,0.0,0.0,6.3
54,R3,SKU_A,160.0,0.0,0.0,989.0,208.0,293.0,EOD,208,208.0,4.8,0.0,0.0,0.0,4.8
54,R3,SKU_B,160.0,0.0,0.0,989.0,208.0,293.0,EOD,208,208.0,4.8,0.0,0.0,0.0,4.8
55,Supplier,SKU_A,0.0,0.0,0.0,0.0,0.0,0.0,EOD,0,0.0,0.0,0.0,0.0,0.0,0.0
55,Supplier,SKU_B,0.0,0.0,0.0,0.0,0.0,0.0,EOD,0,0.0,0.0,0.0,0.0,0.0,0.0
55,W1,SKU_A,439.0,0.0,0.0,1120.0,177.0,200.0,EOD,0,0.0,8.78,0.0,16.77,0.0,25.549999999999997
55,W1,SKU_B,439.0,0.0,0.0,1120.0,177.0,200.0,EOD,0,0.0,8.78,0.0,16.77,0.0,25.549999999999997
55,W2,SKU_A,139.0,0.0,8.0,1510.0,208.0,238.0,EOD,0,0.0,2.7800000000000002,0.0,17.08,0.0,19.86
55,W2,SKU_B,139.0,0.0,8.0,1510.0,208.0,238.0,EOD,0,0.0,2.7800000000000002,0.0,17.08,0.0,19.86
55,R1,SKU_A,217.0,0.0,0.0,236.0,135.0,100.0,EOD,135,135.0,6.51,0.0,0.0,0.0,6.51
55,R1,SKU_B,217.0,0.0,0.0,236.0,135.0,100.0,EOD,135,135.0,6.51,0.0,0.0,0.0,6.51
55,R2,SKU_A,214.0,0.0,0.0,202.0,65.0,69.0,EOD,65,65.0,6.42,0.0,0.0,0.0,6.42
55,R2,SKU_B,214.0,0.0,0.0,202.0,65.0,69.0,EOD,65,65.0,6.42,0.0,0.0,0.0,6.42
55,R3,SKU_A,283.0,0.0,0.0,845.0,221.0,344.0,EOD,221,221.0,8.49,0.0,0.0,0.0,8.49
55,R3,SKU_B,283.0,0.0,0.0,845.0,221.0,344.0,EOD,221,221.0,8.49,0.0,0.0,0.0,8.49
56,Supplier,SKU_A,0.0,0.0,8.0,0.0,0.0,0.0,EOD,0,0.0,0.0,0.0,0.0,0.0,0.0
56,Supplier,SKU_B,0.0,0.0,8.0,0.0,0.0,0.0,EOD,0,0.0,0.0,0.0,0.0,0.0,0.0
56,W1,SKU_A,491.0,0.0,0.0,1045.0,200.0,252.0,EOD,0,0.0,9.82,0.0,17.0,0.0,26.82
56,W1,SKU_B,491.0,0.0,0.0,1045.0,200.0,252.0,EOD,0,0.0,9.82,0.0,17.0,0.0,26.82
56,W2,SKU_A,138.0,0.0,0.0,1482.0,221.0,228.0,EOD,0,0.0,2.7600000000000002,0.0,17.21,0.0,19.970000000000002
56,W2,SKU_B,138.0,0.0,0.0,1482.0,221.0,228.0,EOD,0,0.0,2.7600000000000002,0.0,17.21,0.0,19.970000000000002
56,R1,SKU_A,132.0,0.0,0.0,271.0,185.0,100.0,EOD,185,185.0,3.96,0.0,0.0,0.0,3.96
56,R1,SKU_B,132.0,0.0,0.0,271.0,185.0,100.0,EOD,185,185.0,3.96,0.0,0.0,0.0,3.96
56,R2,SKU_A,201.0,0.0,0.0,190.0,90.0,77.0,EOD,90,90.0,6.029999999999999,0.0,0.0,0.0,6.029999999999999
56,R2,SKU_B,201.0,0.0,0.0,190.0,90.0,77.0,EOD,90,90.0,6.029999999999999,0.0,0.0,0.0,6.029999999999999
56,R3,SKU_A,215.0,0.0,0.0,874.0,268.0,200.0,EOD,268,268.0,6.45,0.0,0.0,0.0,6.45
56,R3,SKU_B,215.0,0.0,0.0,874.0,268.0,200.0,EOD,268,268.0,6.45,0.0,0.0,0.0,6.45
57,Supplier,SKU_A,0.0,0.0,0.0,0.0,0.0,0.0,EOD,0,0.0,0.0,0.0,0.0,0.0,0.0
57,Supplier,SKU_B,0.0,0.0,0.0,0.0,0.0,0.0,EOD,0,0.0,0.0,0.0,0.0,0.0,0.0
57,W1,SKU_A,512.0,0.0,0.0,949.0,275.0,296.0,EOD,0,0.0,10.24,0.0,17.75,0.0,27.990000000000002
57,W1,SKU_B,512.0,0.0,0.0,949.0,275.0,296.0,EOD,0,0.0,10.24,0.0,17.75,0.0,27.990000000000002
57,W2,SKU_A,163.0,0.0,0.0,1418.0,268.0,293.0,EOD,0,0.0,3.2600000000000002,0.0,17.68,0.0,20.94
57,W2,SKU_B,163.0,0.0,0.0,1418.0,268.0,293.0,EOD,0,0.0,3.2600000000000002,0.0,17.68,0.0,20.94
57,R1,SKU_A,73.0,0.0,0.0,320.0,195.0,136.0,EOD,195,195.0,2.19,0.0,0.0,0.0,2.19
57,R1,SKU_B,73.0,0.0,0.0,320.0,195.0,136.0,EOD,195,195.0,2.19,0.0,0.0,0.0,2.19
57,R2,SKU_A,178.0,0.0,0.0,220.0,83.0,60.0,EOD,83,83.0,5.34,0.0,0.0,0.0,5.34
57,R2,SKU_B,178.0,0.0,0.0,220.0,83.0,60.0,EOD,83,83.0,5.34,0.0,0.0,0.0,5.34
57,R3,SKU_A,144.0,0.0,0.0,942.0,271.0,200.0,EOD,271,271.0,4.32,0.0,0.0,0.0,4.32
57,R3,SKU_B,144.0,0.0,0.0,942.0,271.0,200.0,EOD,271,271.0,4.32,0.0,0.0,0.0,4.32
58,Supplier,SKU_A,0.0,0.0,0.0,0.0,0.0,0.0,EOD,0,0.0,0.0,0.0,0.0,0.0,0.0
58,Supplier,SKU_B,0.0,0.0,0.0,0.0,0.0,0.0,EOD,0,0.0,0.0,0.0,0.0,0.0,0.0
58,W1,SKU_A,434.0,0.0,0.0,1024.0,278.0,200.0,EOD,0,0.0,8.68,0.0,17.78,0.0,26.46
58,W1,SKU_B,434.0,0.0,0.0,1024.0,278.0,200.0,EOD,0,0.0,8.68,0.0,17.78,0.0,26.46
58,W2,SKU_A,236.0,0.0,0.0,1342.0,271.0,344.0,EOD,0,0.0,4.72,0.0,17.71,0.0,22.43
58,W2,SKU_B,236.0,0.0,0.0,1342.0,271.0,344.0,EOD,0,0.0,4.72,0.0,17.71,0.0,22.43
58,R1,SKU_A,104.0,0.0,0.0,380.0,104.0,135.0,EOD,104,104.0,3.12,0.0,0.0,0.0,3.12
58,R1,SKU_B,104.0,0.0,0.0,380.0,104.0,135.0,EOD,104,104.0,3.12,0.0,0.0,0.0,3.12
58,R2,SKU_A,159.0,0.0,0.0,238.0,84.0,65.0,EOD,84,84.0,4.77,0.0,0.0,0.0,4.77
58,R2,SKU_B,159.0,0.0,0.0,238.0,84.0,65.0,EOD,84,84.0,4.77,0.0,0.0,0.0,4.77
58,R3,SKU_A,206.0,0.0,0.0,968.0,183.0,245.0,EOD,183,183.0,6.18,0.0,0.0,0.0,6.18
58,R3,SKU_B,206.0,0.0,0.0,968.0,183.0,245.0,EOD,183,183.0,6.18,0.0,0.0,0.0,6.18
59,Supplier,SKU_A,0.0,0.0,0.0,0.0,0.0,0.0,EOD,0,0.0,0.0,0.0,0.0,0.0,0.0
59,Supplier,SKU_B,0.0,0.0,0.0,0.0,0.0,0.0,EOD,0,0.0,0.0,0.0,0.0,0.0,0.0
59,W1,SKU_A,450.0,0.0,4.0,1102.0,188.0,200.0,EOD,0,0.0,9.0,0.0,16.88,0.0,25.88
59,W1,SKU_B,450.0,0.0,4.0,1102.0,188.0,200.0,EOD,0,0.0,9.0,0.0,16.88,0.0,25.88
59,W2,SKU_A,253.0,0.0,0.0,1413.0,183.0,200.0,EOD,0,0.0,5.0600000000000005,0.0,16.83,0.0,21.89
59,W2,SKU_B,253.0,0.0,0.0,1413.0,183.0,200.0,EOD,0,0.0,5.0600000000000005,0.0,16.83,0.0,21.89
59,R1,SKU_A,171.0,0.0,0.0,295.0,118.0,185.0,EOD,118,118.0,5.13,0.0,0.0,0.0,5.13
59,R1,SKU_B,171.0,0.0,0.0,295.0,118.0,185.0,EOD,118,118.0,5.13,0.0,0.0,0.0,5.13
59,R2,SKU_A,155.0,0.0,0.0,257.0,69.0,65.0,EOD,69,69.0,4.6499999999999995,0.0,0.0,0.0,4.6499999999999995
59,R2,SKU_B,155.0,0.0,0.0,257.0,69.0,65.0,EOD,69,69.0,4.6499999999999995,0.0,0.0,0.0,4.6499999999999995
59,R3,SKU_A,236.0,0.0,0.0,951.0,170.0,200.0,EOD,170,170.0,7.08,0.0,0.0,0.0,7.08
59,R3,SKU_B,236.0,0.0,0.0,951.0,170.0,200.0,EOD,170,170.0,7.08,0.0,0.0,0.0,7.08
60,Supplier,SKU_A,0.0,0.0,0.0,0.0,0.0,0.0,EOD,0,0.0,0.0,0.0,0.0,0.0,0.0
60,Supplier,SKU_B,0.0,0.0,0.0,0.0,0.0,0.0,EOD,0,0.0,0.0,0.0,0.0,0.0,0.0
60,W1,SKU_A,453.0,0.0,22.0,1118.0,187.0,172.0,EOD,0,0.0,9.06,0.0,16.87,0.0,25.93
60,W1,SKU_B,453.0,0.0,22.0,1118.0,187.0,172.0,EOD,0,0.0,9.06,0.0,16.87,0.0,25.93
60,W2,SKU_A,283.0,0.0,0.0,1396.0,170.0,200.0,EOD,0,0.0,5.66,0.0,16.7,0.0,22.36
60,W2,SKU_B,283.0,0.0,0.0,1396.0,170.0,200.0,EOD,0,0.0,5.66,0.0,16.7,0.0,22.36
60,R1,SKU_A,262.0,0.0,0.0,200.0,104.0,195.0,EOD,104,104.0,7.859999999999999,0.0,0.0,0.0,7.859999999999999
60,R1,SKU_B,262.0,0.0,0.0,200.0,104.0,195.0,EOD,104,104.0,7.859999999999999,0.0,0.0,0.0,7.859999999999999
60,R2,SKU_A,157.0,0.0,0.0,236.0,88.0,90.0,EOD,88,88.0,4.71,0.0,0.0,0.0,4.71
60,R2,SKU_B,157.0,0.0,0.0,236.0,88.0,90.0,EOD,88,88.0,4.71,0.0,0.0,0.0,4.71
60,R3,SKU_A,290.0,0.0,0.0,892.0,175.0,229.0,EOD,175,175.0,8.7,0.0,0.0,0.0,8.7
60,R3,SKU_B,290.0,0.0,0.0,892.0,175.0,229.0,EOD,175,175.0,8.7,0.0,0.0,0.0,8.7
61,Supplier,SKU_A,0.0,0.0,0.0,0.0,0.0,0.0,EOD,0,0.0,0.0,0.0,0.0,0.0,0.0
61,Supplier,SKU_B,0.0,0.0,0.0,0.0,0.0,0.0,EOD,0,0.0,0.0,0.0,0.0,0.0,0.0
61,W1,SKU_A,416.0,0.0,0.0,1128.0,192.0,177.0,EOD,0,0.0,8.32,0.0,16.92,0.0,25.240000000000002
61,W1,SKU_B,416.0,0.0,0.0,1128.0,192.0,177.0,EOD,0,0.0,8.32,0.0,16.92,0.0,25.240000000000002
61,W2,SKU_A,353.0,0.0,0.0,1321.0,175.0,245.0,EOD,0,0.0,7.0600000000000005,0.0,16.75,0.0,23.810000000000002
61,W2,SKU_B,353.0,0.0,0.0,1321.0,175.0,245.0,EOD,0,0.0,7.0600000000000005,0.0,16.75,0.0,23.810000000000002
61,R1,SKU_A,204.0,0.0,0.0,226.0,158.0,100.0,EOD,158,158.0,6.12,0.0,0.0,0.0,6.12
61,R1,SKU_B,204.0,0.0,0.0,226.0,158.0,100.0,EOD,158,158.0,6.12,0.0,0.0,0.0,6.12
61,R2,SKU_A,158.0,0.0,0.0,241.0,82.0,83.0,EOD,82,82.0,4.74,0.0,0.0,0.0,4.74
61,R2,SKU_B,158.0,0.0,0.0,241.0,82.0,83.0,EOD,82,82.0,4.74,0.0,0.0,0.0,4.74
61,R3,SKU_A,329.0,0.0,0.0,799.0,229.0,268.0,EOD,229,229.0,9.87,0.0,0.0,0.0,9.87
61,R3,SKU_B,329.0,0.0,0.0,799.0,229.0,268.0,EOD,229,229.0,9.87,0.0,0.0,0.0,9.87
62,Supplier,SKU_A,0.0,0.0,0.0,0.0,0.0,0.0,EOD,0,0.0,0.0,0.0,0.0,0.0,0.0
62,Supplier,SKU_B,0.0,0.0,0.0,0.0,0.0,0.0,EOD,0,0.0,0.0,0.0,0.0,0.0,0.0
62,W1,SKU_A,376.0,0.0,0.0,1120.0,240.0,200.0,EOD,0,0.0,7.5200000000000005,0.0,17.4,0.0,24.919999999999998
62,W1,SKU_B,376.0,0.0,0.0,1120.0,240.0,200.0,EOD,0,0.0,7.5200000000000005,0.0,17.4,0.0,24.919999999999998
62,W2,SKU_A,324.0,0.0,0.0,1296.0,229.0,200.0,EOD,0,0.0,6.48,0.0,17.29,0.0,23.77
62,W2,SKU_B,324.0,0.0,0.0,1296.0,229.0,200.0,EOD,0,0.0,6.48,0.0,17.29,0.0,23.77
62,R1,SKU_A,120.0,0.0,0.0,284.0,184.0,100.0,EOD,184,184.0,3.5999999999999996,0.0,0.0,0.0,3.5999999999999996
62,R1,SKU_B,120.0,0.0,0.0,284.0,184.0,100.0,EOD,184,184.0,3.5999999999999996,0.0,0.0,0.0,3.5999999999999996
62,R2,SKU_A,135.0,0.0,0.0,239.0,107.0,84.0,EOD,107,107.0,4.05,0.0,0.0,0.0,4.05
62,R2,SKU_B,135.0,0.0,0.0,239.0,107.0,84.0,EOD,107,107.0,4.05,0.0,0.0,0.0,4.05
62,R3,SKU_A,338.0,0.0,0.0,757.0,262.0,271.0,EOD,262,262.0,10.139999999999999,0.0,0.0,0.0,10.139999999999999
62,R3,SKU_B,338.0,0.0,0.0,757.0,262.0,271.0,EOD,262,262.0,10.139999999999999,0.0,0.0,0.0,10.139999999999999
63,Supplier,SKU_A,0.0,0.0,0.0,0.0,0.0,0.0,EOD,0,0.0,0.0,0.0,0.0,0.0,0.0
63,Supplier,SKU_B,0.0,0.0,0.0,0.0,0.0,0.0,EOD,0,0.0,0.0,0.0,0.0,0.0,0.0
63,W1,SKU_A,367.0,0.0,7.0,1085.0,291.0,275.0,EOD,0,0.0,7.34,0.0,17.91,0.0,25.25
63,W1,SKU_B,367.0,0.0,7.0,1085.0,291.0,275.0,EOD,0,0.0,7.34,0.0,17.91,0.0,25.25
63,W2,SKU_A,291.0,0.0,0.0,1296.0,262.0,229.0,EOD,0,0.0,5.82,0.0,17.62,0.0,23.44
63,W2,SKU_B,291.0,0.0,0.0,1296.0,262.0,229.0,EOD,0,0.0,5.82,0.0,17.62,0.0,23.44
63,R1,SKU_A,51.0,0.0,0.0,342.0,195.0,126.0,EOD,195,195.0,1.53,0.0,0.0,0.0,1.53
63,R1,SKU_B,51.0,0.0,0.0,342.0,195.0,126.0,EOD,195,195.0,1.53,0.0,0.0,0.0,1.53
63,R2,SKU_A,83.0,0.0,0.0,270.0,121.0,69.0,EOD,121,121.0,2.4899999999999998,0.0,0.0,0.0,2.4899999999999998
63,R2,SKU_B,83.0,0.0,0.0,270.0,121.0,69.0,EOD,121,121.0,2.4899999999999998,0.0,0.0,0.0,2.4899999999999998
63,R3,SKU_A,209.0,0.0,0.0,836.0,312.0,183.0,EOD,312,312.0,6.27,0.0,0.0,0.0,6.27
63,R3,SKU_B,209.0,0.0,0.0,836.0,312.0,183.0,EOD,312,312.0,6.27,0.0,0.0,0.0,6.27
64,Supplier,SKU_A,0.0,0.0,0.0,0.0,0.0,0.0,EOD,0,0.0,0.0,0.0,0.0,0.0,0.0
64,Supplier,SKU_B,0.0,0.0,0.0,0.0,0.0,0.0,EOD,0,0.0,0.0,0.0,0.0,0.0,0.0
64,W1,SKU_A,322.0,0.0,0.0,1098.0,316.0,278.0,EOD,0,0.0,6.44,0.0,18.16,0.0,24.6
64,W1,SKU_B,322.0,0.0,0.0,1098.0,316.0,278.0,EOD,0,0.0,6.44,0.0,18.16,0.0,24.6
64,W2,SKU_A,259.0,0.0,12.0,1290.0,312.0,268.0,EOD,0,0.0,5.18,0.0,18.12,0.0,23.3
64,W2,SKU_B,259.0,0.0,12.0,1290.0,312.0,268.0,EOD,0,0.0,5.18,0.0,18.12,0.0,23.3
64,R1,SKU_A,0.0,11.0,0.0,379.0,220.0,158.0,EOD,220,209.0,0.0,5.5,0.0,0.0,5.5
64,R1,SKU_B,0.0,11.0,0.0,379.0,220.0,158.0,EOD,220,209.0,0.0,5.5,0.0,0.0,5.5
64,R2,SKU_A,51.0,0.0,0.0,310.0,120.0,88.0,EOD,120,120.0,1.53,0.0,0.0,0.0,1.53
64,R2,SKU_B,51.0,0.0,0.0,310.0,120.0,88.0,EOD,120,120.0,1.53,0.0,0.0,0.0,1.53
64,R3,SKU_A,96.0,0.0,0.0,966.0,283.0,170.0,EOD,283,283.0,2.88,0.0,0.0,0.0,2.88
64,R3,SKU_B,96.0,0.0,0.0,966.0,283.0,170.0,EOD,283,283.0,2.88,0.0,0.0,0.0,2.88
65,Supplier,SKU_A,0.0,0.0,28.0,0.0,0.0,0.0,EOD,0,0.0,0.0,0.0,0.0,0.0,0.0
65,Supplier,SKU_B,0.0,0.0,28.0,0.0,0.0,0.0,EOD,0,0.0,0.0,0.0,0.0,0.0,0.0
65,W1,SKU_A,210.0,0.0,40.0,1210.0,340.0,188.0,EOD,0,0.0,4.2,0.0,18.4,0.0,22.599999999999998
65,W1,SKU_B,210.0,0.0,40.0,1210.0,340.0,188.0,EOD,0,0.0,4.2,0.0,18.4,0.0,22.599999999999998
65,W2,SKU_A,235.0,0.0,0.0,1319.0,283.0,271.0,EOD,0,0.0,4.7,0.0,17.83,0.0,22.529999999999998
65,W2,SKU_B,235.0,0.0,0.0,1319.0,283.0,271.0,EOD,0,0.0,4.7,0.0,17.83,0.0,22.529999999999998
65,R1,SKU_A,14.0,0.0,0.0,395.0,159.0,184.0,EOD,159,159.0,0.42,0.0,0.0,0.0,0.42
65,R1,SKU_B,14.0,0.0,0.0,395.0,159.0,184.0,EOD,159,159.0,0.42,0.0,0.0,0.0,0.42
65,R2,SKU_A,4.0,0.0,0.0,328.0,129.0,82.0,EOD,129,129.0,0.12,0.0,0.0,0.0,0.12
65,R2,SKU_B,4.0,0.0,0.0,328.0,129.0,82.0,EOD,129,129.0,0.12,0.0,0.0,0.0,0.12
65,R3,SKU_A,86.0,0.0,0.0,1086.0,185.0,175.0,EOD,185,185.0,2.58,0.0,0.0,0.0,2.58
65,R3,SKU_B,86.0,0.0,0.0,1086.0,185.0,175.0,EOD,185,185.0,2.58,0.0,0.0,0.0,2.58
66,Supplier,SKU_A,0.0,0.0,0.0,0.0,0.0,0.0,EOD,0,0.0,0.0,0.0,0.0,0.0,0.0
66,Supplier,SKU_B,0.0,0.0,0.0,0.0,0.0,0.0,EOD,0,0.0,0.0,0.0,0.0,0.0,0.0
66,W1,SKU_A,69.0,0.0,0.0,1379.0,288.0,187.0,EOD,0,0.0,1.3800000000000001,0.0,17.88,0.0,19.259999999999998
66,W1,SKU_B,69.0,0.0,0.0,1379.0,288.0,187.0,EOD,0,0.0,1.3800000000000001,0.0,17.88,0.0,19.259999999999998
66,W2,SKU_A,233.0,0.0,0.0,1431.0,185.0,183.0,EOD,0,0.0,4.66,0.0,16.85,0.0,21.51
66,W2,SKU_B,233.0,0.0,0.0,1431.0,185.0,183.0,EOD,0,0.0,4.66,0.0,16.85,0.0,21.51
66,R1,SKU_A,85.0,0.0,0.0,379.0,124.0,195.0,EOD,124,124.0,2.55,0.0,0.0,0.0,2.55
66,R1,SKU_B,85.0,0.0,0.0,379.0,124.0,195.0,EOD,124,124.0,2.55,0.0,0.0,0.0,2.55
66,R2,SKU_A,21.0,0.0,0.0,377.0,83.0,100.0,EOD,83,83.0,0.63,0.0,0.0,0.0,0.63
66,R2,SKU_B,21.0,0.0,0.0,377.0,83.0,100.0,EOD,83,83.0,0.63,0.0,0.0,0.0,0.63
66,R3,SKU_A,110.0,0.0,0.0,1042.0,205.0,229.0,EOD,205,205.0,3.3,0.0,0.0,0.0,3.3
66,R3,SKU_B,110.0,0.0,0.0,1042.0,205.0,229.0,EOD,205,205.0,3.3,0.0,0.0,0.0,3.3
67,Supplier,SKU_A,0.0,0.0,0.0,0.0,0.0,0.0,EOD,0,0.0,0.0,0.0,0.0,0.0,0.0
67,Supplier,SKU_B,0.0,0.0,0.0,0.0,0.0,0.0,EOD,0,0.0,0.0,0.0,0.0,0.0,0.0
67,W1,SKU_A,78.0,0.0,24.0,1475.0,207.0,192.0,EOD,0,0.0,1.56,0.0,17.07,0.0,18.63
67,W1,SKU_B,78.0,0.0,24.0,1475.0,207.0,192.0,EOD,0,0.0,1.56,0.0,17.07,0.0,18.63
67,W2,SKU_A,203.0,0.0,5.0,1446.0,205.0,170.0,EOD,0,0.0,4.0600000000000005,0.0,17.05,0.0,21.11
67,W2,SKU_B,203.0,0.0,5.0,1446.0,205.0,170.0,EOD,0,0.0,4.0600000000000005,0.0,17.05,0.0,21.11
67,R1,SKU_A,169.0,0.0,0.0,279.0,116.0,200.0,EOD,116,116.0,5.069999999999999,0.0,0.0,0.0,5.069999999999999
67,R1,SKU_B,169.0,0.0,0.0,279.0,116.0,200.0,EOD,116,116.0,5.069999999999999,0.0,0.0,0.0,5.069999999999999
67,R2,SKU_A,66.0,0.0,0.0,332.0,83.0,128.0,EOD,83,83.0,1.98,0.0,0.0,0.0,1.98
67,R2,SKU_B,66.0,0.0,0.0,332.0,83.0,128.0,EOD,83,83.0,1.98,0.0,0.0,0.0,1.98
67,R3,SKU_A,148.0,0.0,0.0,980.0,224.0,262.0,EOD,224,224.0,4.4399999999999995,0.0,0.0,0.0,4.4399999999999995
67,R3,SKU_B,148.0,0.0,0.0,980.0,224.0,262.0,EOD,224,224.0,4.4399999999999995,0.0,0.0,0.0,4.4399999999999995
68,Supplier,SKU_A,0.0,0.0,12.0,0.0,0.0,0.0,EOD,0,0.0,0.0,0.0,0.0,0.0,0.0
68,Supplier,SKU_B,0.0,0.0,12.0,0.0,0.0,0.0,EOD,0,0.0,0.0,0.0,0.0,0.0,0.0
68,W1,SKU_A,95.0,0.0,0.0,1435.0,199.0,240.0,EOD,0,0.0,1.9000000000000001,0.0,16.99,0.0,18.889999999999997
68,W1,SKU_B,95.0,0.0,0.0,1435.0,199.0,240.0,EOD,0,0.0,1.9000000000000001,0.0,16.99,0.0,18.889999999999997
68,W2,SKU_A,149.0,0.0,0.0,1471.0,224.0,175.0,EOD,0,0.0,2.98,0.0,17.240000000000002,0.0,20.220000000000002
68,W2,SKU_B,149.0,0.0,0.0,1471.0,224.0,175.0,EOD,0,0.0,2.98,0.0,17.240000000000002,0.0,20.220000000000002
68,R1,SKU_A,211.0,0.0,0.0,240.0,137.0,179.0,EOD,137,137.0,6.33,0.0,0.0,0.0,6.33
68,R1,SKU_B,211.0,0.0,0.0,240.0,137.0,179.0,EOD,137,137.0,6.33,0.0,0.0,0.0,6.33
68,R2,SKU_A,103.0,0.0,0.0,315.0,63.0,100.0,EOD,63,63.0,3.09,0.0,0.0,0.0,3.09
68,R2,SKU_B,103.0,0.0,0.0,315.0,63.0,100.0,EOD,63,63.0,3.09,0.0,0.0,0.0,3.09
68,R3,SKU_A,276.0,0.0,0.0,909.0,172.0,300.0,EOD,172,172.0,8.28,0.0,0.0,0.0,8.28
68,R3,SKU_B,276.0,0.0,0.0,909.0,172.0,300.0,EOD,172,172.0,8.28,0.0,0.0,0.0,8.28
69,Supplier,SKU_A,0.0,0.0,6.0,0.0,0.0,0.0,EOD,0,0.0,0.0,0.0,0.0,0.0,0.0
69,Supplier,SKU_B,0.0,0.0,6.0,0.0,0.0,0.0,EOD,0,0.0,0.0,0.0,0.0,0.0,0.0
69,W1,SKU_A,186.0,0.0,0.0,1344.0,200.0,291.0,EOD,0,0.0,3.72,0.0,17.0,0.0,20.72
69,W1,SKU_B,186.0,0.0,0.0,1344.0,200.0,291.0,EOD,0,0.0,3.72,0.0,17.0,0.0,20.72
69,W2,SKU_A,206.0,0.0,0.0,1471.0,172.0,229.0,EOD,0,0.0,4.12,0.0,16.72,0.0,20.84
69,W2,SKU_B,206.0,0.0,0.0,1471.0,172.0,229.0,EOD,0,0.0,4.12,0.0,16.72,0.0,20.84
69,R1,SKU_A,156.0,0.0,0.0,277.0,155.0,100.0,EOD,155,155.0,4.68,0.0,0.0,0.0,4.68
69,R1,SKU_B,156.0,0.0,0.0,277.0,155.0,100.0,EOD,155,155.0,4.68,0.0,0.0,0.0,4.68
69,R2,SKU_A,185.0,0.0,0.0,229.0,67.0,149.0,EOD,67,67.0,5.55,0.0,0.0,0.0,5.55
69,R2,SKU_B,185.0,0.0,0.0,229.0,67.0,149.0,EOD,67,67.0,5.55,0.0,0.0,0.0,5.55
69,R3,SKU_A,347.0,0.0,0.0,786.0,224.0,295.0,EOD,224,224.0,10.41,0.0,0.0,0.0,10.41
69,R3,SKU_B,347.0,0.0,0.0,786.0,224.0,295.0,EOD,224,224.0,10.41,0.0,0.0,0.0,10.41
70,Supplier,SKU_A,0.0,0.0,6.0,0.0,0.0,0.0,EOD,0,0.0,0.0,0.0,0.0,0.0,0.0
70,Supplier,SKU_B,0.0,0.0,6.0,0.0,0.0,0.0,EOD,0,0.0,0.0,0.0,0.0,0.0,0.0
70,W1,SKU_A,264.0,0.0,0.0,1244.0,222.0,300.0,EOD,0,0.0,5.28,0.0,17.22,0.0,22.5
70,W1,SKU_B,264.0,0.0,0.0,1244.0,222.0,300.0,EOD,0,0.0,5.28,0.0,17.22,0.0,22.5
70,W2,SKU_A,268.0,0.0,24.0,1381.0,224.0,262.0,EOD,0,0.0,5.36,0.0,17.240000000000002,0.0,22.6
70,W2,SKU_B,268.0,0.0,24.0,1381.0,224.0,262.0,EOD,0,0.0,5.36,0.0,17.240000000000002,0.0,22.6
70,R1,SKU_A,77.0,0.0,0.0,292.0,219.0,140.0,EOD,219,219.0,2.31,0.0,0.0,0.0,2.31
70,R1,SKU_B,77.0,0.0,0.0,292.0,219.0,140.0,EOD,219,219.0,2.31,0.0,0.0,0.0,2.31
70,R2,SKU_A,167.0,0.0,0.0,213.0,101.0,83.0,EOD,101,101.0,5.01,0.0,0.0,0.0,5.01
70,R2,SKU_B,167.0,0.0,0.0,213.0,101.0,83.0,EOD,101,101.0,5.01,0.0,0.0,0.0,5.01
70,R3,SKU_A,229.0,0.0,0.0,801.0,303.0,185.0,EOD,303,303.0,6.87,0.0,0.0,0.0,6.87
70,R3,SKU_B,229.0,0.0,0.0,801.0,303.0,185.0,EOD,303,303.0,6.87,0.0,0.0,0.0,6.87
71,Supplier,SKU_A,0.0,0.0,24.0,0.0,0.0,0.0,EOD,0,0.0,0.0,0.0,0.0,0.0,0.0
71,Supplier,SKU_B,0.0,0.0,24.0,0.0,0.0,0.0,EOD,0,0.0,0.0,0.0,0.0,0.0,0.0
71,W1,SKU_A,320.0,0.0,20.0,1116.0,320.0,356.0,EOD,0,0.0,6.4,0.0,18.2,0.0,24.6
71,W1,SKU_B,320.0,0.0,20.0,1116.0,320.0,356.0,EOD,0,0.0,6.4,0.0,18.2,0.0,24.6
71,W2,SKU_A,241.0,0.0,0.0,1281.0,303.0,300.0,EOD,0,0.0,4.82,0.0,18.03,0.0,22.85
71,W2,SKU_B,241.0,0.0,0.0,1281.0,303.0,300.0,EOD,0,0.0,4.82,0.0,18.03,0.0,22.85
71,R1,SKU_A,0.0,0.0,0.0,355.0,214.0,137.0,EOD,214,214.0,0.0,0.0,0.0,0.0,0.0
71,R1,SKU_B,0.0,0.0,0.0,355.0,214.0,137.0,EOD,214,214.0,0.0,0.0,0.0,0.0,0.0
71,R2,SKU_A,132.0,0.0,0.0,230.0,118.0,83.0,EOD,118,118.0,3.96,0.0,0.0,0.0,3.96
71,R2,SKU_B,132.0,0.0,0.0,230.0,118.0,83.0,EOD,118,118.0,3.96,0.0,0.0,0.0,3.96
71,R3,SKU_A,96.0,0.0,0.0,928.0,333.0,200.0,EOD,333,333.0,2.88,0.0,0.0,0.0,2.88
71,R3,SKU_B,96.0,0.0,0.0,928.0,333.0,200.0,EOD,333,333.0,2.88,0.0,0.0,0.0,2.88
72,Supplier,SKU_A,0.0,0.0,20.0,0.0,0.0,0.0,EOD,0,0.0,0.0,0.0,0.0,0.0,0.0
72,Supplier,SKU_B,0.0,0.0,20.0,0.0,0.0,0.0,EOD,0,0.0,0.0,0.0,0.0,0.0,0.0
72,W1,SKU_A,275.0,0.0,19.0,1128.0,332.0,288.0,EOD,0,0.0,5.5,0.0,18.32,0.0,23.82
72,W1,SKU_B,275.0,0.0,19.0,1128.0,332.0,288.0,EOD,0,0.0,5.5,0.0,18.32,0.0,23.82
72,W2,SKU_A,203.0,0.0,0.0,1313.0,333.0,295.0,EOD,0,0.0,4.0600000000000005,0.0,18.33,0.0,22.39
72,W2,SKU_B,203.0,0.0,0.0,1313.0,333.0,295.0,EOD,0,0.0,4.0600000000000005,0.0,18.33,0.0,22.39
72,R1,SKU_A,28.0,0.0,0.0,433.0,127.0,155.0,EOD,127,127.0,0.84,0.0,0.0,0.0,0.84
72,R1,SKU_B,28.0,0.0,0.0,433.0,127.0,155.0,EOD,127,127.0,0.84,0.0,0.0,0.0,0.84
72,R2,SKU_A,98.0,0.0,0.0,267.0,97.0,63.0,EOD,97,97.0,2.94,0.0,0.0,0.0,2.94
72,R2,SKU_B,98.0,0.0,0.0,267.0,97.0,63.0,EOD,97,97.0,2.94,0.0,0.0,0.0,2.94
72,R3,SKU_A,79.0,0.0,0.0,1032.0,246.0,229.0,EOD,246,246.0,2.37,0.0,0.0,0.0,2.37
72,R3,SKU_B,79.0,0.0,0.0,1032.0,246.0,229.0,EOD,246,246.0,2.37,0.0,0.0,0.0,2.37
73,Supplier,SKU_A,0.0,0.0,0.0,0.0,0.0,0.0,EOD,0,0.0,0.0,0.0,0.0,0.0,0.0
73,Supplier,SKU_B,0.0,0.0,0.0,0.0,0.0,0.0,EOD,0,0.0,0.0,0.0,0.0,0.0,0.0
73,W1,SKU_A,248.0,0.0,16.0,1280.0,224.0,200.0,EOD,0,0.0,4.96,0.0,17.240000000000002,0.0,22.200000000000003
73,W1,SKU_B,248.0,0.0,16.0,1280.0,224.0,200.0,EOD,0,0.0,4.96,0.0,17.240000000000002,0.0,22.200000000000003
73,W2,SKU_A,142.0,0.0,0.0,1461.0,246.0,185.0,EOD,0,0.0,2.84,0.0,17.46,0.0,20.3
73,W2,SKU_B,142.0,0.0,0.0,1461.0,246.0,185.0,EOD,0,0.0,2.84,0.0,17.46,0.0,20.3
73,R1,SKU_A,82.0,0.0,0.0,360.0,146.0,200.0,EOD,146,146.0,2.46,0.0,0.0,0.0,2.46
73,R1,SKU_B,82.0,0.0,0.0,360.0,146.0,200.0,EOD,146,146.0,2.46,0.0,0.0,0.0,2.46
73,R2,SKU_A,74.0,0.0,0.0,300.0,91.0,67.0,EOD,91,91.0,2.2199999999999998,0.0,0.0,0.0,2.2199999999999998
73,R2,SKU_B,74.0,0.0,0.0,300.0,91.0,67.0,EOD,91,91.0,2.2199999999999998,0.0,0.0,0.0,2.2199999999999998
73,R3,SKU_A,40.0,0.0,0.0,1106.0,211.0,172.0,EOD,211,211.0,1.2,0.0,0.0,0.0,1.2
73,R3,SKU_B,40.0,0.0,0.0,1106.0,211.0,172.0,EOD,211,211.0,1.2,0.0,0.0,0.0,1.2
74,Supplier,SKU_A,0.0,0.0,24.0,0.0,0.0,0.0,EOD,0,0.0,0.0,0.0,0.0,0.0,0.0
74,Supplier,SKU_B,0.0,0.0,24.0,0.0,0.0,0.0,EOD,0,0.0,0.0,0.0,0.0,0.0,0.0
74,W1,SKU_A,202.0,0.0,7.0,1280.0,237.0,200.0,EOD,0,0.0,4.04,0.0,17.37,0.0,21.41
74,W1,SKU_B,202.0,0.0,7.0,1280.0,237.0,200.0,EOD,0,0.0,4.04,0.0,17.37,0.0,21.41
74,W2,SKU_A,142.0,0.0,11.0,1507.0,211.0,200.0,EOD,0,0.0,2.84,0.0,17.11,0.0,19.95
74,W2,SKU_B,142.0,0.0,11.0,1507.0,211.0,200.0,EOD,0,0.0,2.84,0.0,17.11,0.0,19.95
74,R1,SKU_A,199.0,0.0,0.0,273.0,116.0,233.0,EOD,116,116.0,5.97,0.0,0.0,0.0,5.97
74,R1,SKU_B,199.0,0.0,0.0,273.0,116.0,233.0,EOD,116,116.0,5.97,0.0,0.0,0.0,5.97
74,R2,SKU_A,102.0,0.0,0.0,300.0,72.0,100.0,EOD,72,72.0,3.06,0.0,0.0,0.0,3.06
74,R2,SKU_B,102.0,0.0,0.0,300.0,72.0,100.0,EOD,72,72.0,3.06,0.0,0.0,0.0,3.06
74,R3,SKU_A,0.0,0.0,0.0,1106.0,240.0,200.0,EOD,240,240.0,0.0,0.0,0.0,0.0,0.0
74,R3,SKU_B,0.0,0.0,0.0,1106.0,240.0,200.0,EOD,240,240.0,0.0,0.0,0.0,0.0,0.0
75,Supplier,SKU_A,0.0,0.0,11.0,0.0,0.0,0.0,EOD,0,0.0,0.0,0.0,0.0,0.0,0.0
75,Supplier,SKU_B,0.0,0.0,11.0,0.0,0.0,0.0,EOD,0,0.0,0.0,0.0,0.0,0.0,0.0
75,W1,SKU_A,223.0,0.0,16.0,1341.0,188.0,200.0,EOD,0,0.0,4.46,0.0,16.88,0.0,21.34
75,W1,SKU_B,223.0,0.0,16.0,1341.0,188.0,200.0,EOD,0,0.0,4.46,0.0,16.88,0.0,21.34
75,W2,SKU_A,120.0,0.0,0.0,1478.0,240.0,229.0,EOD,0,0.0,2.4,0.0,17.4,0.0,19.799999999999997
75,W2,SKU_B,120.0,0.0,0.0,1478.0,240.0,229.0,EOD,0,0.0,2.4,0.0,17.4,0.0,19.799999999999997
75,R1,SKU_A,181.0,0.0,0.0,246.0,145.0,127.0,EOD,145,145.0,5.43,0.0,0.0,0.0,5.43
75,R1,SKU_B,181.0,0.0,0.0,246.0,145.0,127.0,EOD,145,145.0,5.43,0.0,0.0,0.0,5.43
75,R2,SKU_A,137.0,0.0,0.0,279.0,65.0,100.0,EOD,65,65.0,4.109999999999999,0.0,0.0,0.0,4.109999999999999
75,R2,SKU_B,137.0,0.0,0.0,279.0,65.0,100.0,EOD,65,65.0,4.109999999999999,0.0,0.0,0.0,4.109999999999999
75,R3,SKU_A,125.0,0.0,0.0,1030.0,202.0,327.0,EOD,202,202.0,3.75,0.0,0.0,0.0,3.75
75,R3,SKU_B,125.0,0.0,0.0,1030.0,202.0,327.0,EOD,202,202.0,3.75,0.0,0.0,0.0,3.75
76,Supplier,SKU_A,0.0,0.0,0.0,0.0,0.0,0.0,EOD,0,0.0,0.0,0.0,0.0,0.0,0.0
76,Supplier,SKU_B,0.0,0.0,0.0,0.0,0.0,0.0,EOD,0,0.0,0.0,0.0,0.0,0.0,0.0
76,W1,SKU_A,225.0,0.0,0.0,1301.0,210.0,228.0,EOD,0,0.0,4.5,0.0,17.1,0.0,21.6
76,W1,SKU_B,225.0,0.0,0.0,1301.0,210.0,228.0,EOD,0,0.0,4.5,0.0,17.1,0.0,21.6
76,W2,SKU_A,92.0,0.0,2.0,1557.0,202.0,172.0,EOD,0,0.0,1.84,0.0,17.02,0.0,18.86
76,W2,SKU_B,92.0,0.0,2.0,1557.0,202.0,172.0,EOD,0,0.0,1.84,0.0,17.02,0.0,18.86
76,R1,SKU_A,166.0,0.0,0.0,261.0,161.0,146.0,EOD,161,161.0,4.9799999999999995,0.0,0.0,0.0,4.9799999999999995
76,R1,SKU_B,166.0,0.0,0.0,261.0,161.0,146.0,EOD,161,161.0,4.9799999999999995,0.0,0.0,0.0,4.9799999999999995
76,R2,SKU_A,151.0,0.0,0.0,244.0,86.0,100.0,EOD,86,86.0,4.53,0.0,0.0,0.0,4.53
76,R2,SKU_B,151.0,0.0,0.0,244.0,86.0,100.0,EOD,86,86.0,4.53,0.0,0.0,0.0,4.53
76,R3,SKU_A,218.0,0.0,0.0,897.0,240.0,333.0,EOD,240,240.0,6.54,0.0,0.0,0.0,6.54
76,R3,SKU_B,218.0,0.0,0.0,897.0,240.0,333.0,EOD,240,240.0,6.54,0.0,0.0,0.0,6.54
77,Supplier,SKU_A,0.0,0.0,12.0,0.0,0.0,0.0,EOD,0,0.0,0.0,0.0,0.0,0.0,0.0
77,Supplier,SKU_B,0.0,0.0,12.0,0.0,0.0,0.0,EOD,0,0.0,0.0,0.0,0.0,0.0,0.0
77,W1,SKU_A,278.0,0.0,0.0,1201.0,247.0,300.0,EOD,0,0.0,5.5600000000000005,0.0,17.47,0.0,23.03
77,W1,SKU_B,278.0,0.0,0.0,1201.0,247.0,300.0,EOD,0,0.0,5.5600000000000005,0.0,17.47,0.0,23.03
77,W2,SKU_A,50.0,0.0,0.0,1557.0,240.0,200.0,EOD,0,0.0,1.0,0.0,17.4,0.0,18.4
77,W2,SKU_B,50.0,0.0,0.0,1557.0,240.0,200.0,EOD,0,0.0,1.0,0.0,17.4,0.0,18.4
77,R1,SKU_A,55.0,0.0,0.0,322.0,211.0,100.0,EOD,211,211.0,1.65,0.0,0.0,0.0,1.65
77,R1,SKU_B,55.0,0.0,0.0,322.0,211.0,100.0,EOD,211,211.0,1.65,0.0,0.0,0.0,1.65
77,R2,SKU_A,105.0,0.0,0.0,230.0,146.0,100.0,EOD,146,146.0,3.15,0.0,0.0,0.0,3.15
77,R2,SKU_B,105.0,0.0,0.0,230.0,146.0,100.0,EOD,146,146.0,3.15,0.0,0.0,0.0,3.15
77,R3,SKU_A,175.0,0.0,0.0,893.0,289.0,246.0,EOD,289,289.0,5.25,0.0,0.0,0.0,5.25
77,R3,SKU_B,175.0,0.0,0.0,893.0,289.0,246.0,EOD,289,289.0,5.25,0.0,0.0,0.0,5.25
78,Supplier,SKU_A,0.0,0.0,0.0,0.0,0.0,0.0,EOD,0,0.0,0.0,0.0,0.0,0.0,0.0
78,Supplier,SKU_B,0.0,0.0,0.0,0.0,0.0,0.0,EOD,0,0.0,0.0,0.0,0.0,0.0,0.0
78,W1,SKU_A,284.0,0.0,11.0,1106.0,357.0,352.0,EOD,0,0.0,5.68,0.0,18.57,0.0,24.25
78,W1,SKU_B,284.0,0.0,11.0,1106.0,357.0,352.0,EOD,0,0.0,5.68,0.0,18.57,0.0,24.25
78,W2,SKU_A,88.0,0.0,0.0,1472.0,289.0,327.0,EOD,0,0.0,1.76,0.0,17.89,0.0,19.650000000000002
78,W2,SKU_B,88.0,0.0,0.0,1472.0,289.0,327.0,EOD,0,0.0,1.76,0.0,17.89,0.0,19.650000000000002
78,R1,SKU_A,6.0,0.0,0.0,361.0,210.0,161.0,EOD,210,210.0,0.18,0.0,0.0,0.0,0.18
78,R1,SKU_B,6.0,0.0,0.0,361.0,210.0,161.0,EOD,210,210.0,0.18,0.0,0.0,0.0,0.18
78,R2,SKU_A,60.0,0.0,0.0,297.0,124.0,79.0,EOD,124,124.0,1.7999999999999998,0.0,0.0,0.0,1.7999999999999998
78,R2,SKU_B,60.0,0.0,0.0,297.0,124.0,79.0,EOD,124,124.0,1.7999999999999998,0.0,0.0,0.0,1.7999999999999998
78,R3,SKU_A,72.0,0.0,0.0,982.0,303.0,200.0,EOD,303,303.0,2.16,0.0,0.0,0.0,2.16
78,R3,SKU_B,72.0,0.0,0.0,982.0,303.0,200.0,EOD,303,303.0,2.16,0.0,0.0,0.0,2.16
79,Supplier,SKU_A,0.0,0.0,0.0,0.0,0.0,0.0,EOD,0,0.0,0.0,0.0,0.0,0.0,0.0
79,Supplier,SKU_B,0.0,0.0,0.0,0.0,0.0,0.0,EOD,0,0.0,0.0,0.0,0.0,0.0,0.0
79,W1,SKU_A,184.0,0.0,45.0,1263.0,334.0,200.0,EOD,0,0.0,3.68,0.0,18.34,0.0,22.02
79,W1,SKU_B,184.0,0.0,45.0,1263.0,334.0,200.0,EOD,0,0.0,3.68,0.0,18.34,0.0,22.02
79,W2,SKU_A,121.0,0.0,3.0,1428.0,303.0,333.0,EOD,0,0.0,2.42,0.0,18.03,0.0,20.450000000000003
79,W2,SKU_B,121.0,0.0,3.0,1428.0,303.0,333.0,EOD,0,0.0,2.42,0.0,18.03,0.0,20.450000000000003
79,R1,SKU_A,8.0,0.0,0.0,400.0,159.0,161.0,EOD,159,159.0,0.24,0.0,0.0,0.0,0.24
79,R1,SKU_B,8.0,0.0,0.0,400.0,159.0,161.0,EOD,159,159.0,0.24,0.0,0.0,0.0,0.24
79,R2,SKU_A,43.0,0.0,0.0,332.0,82.0,65.0,EOD,82,82.0,1.29,0.0,0.0,0.0,1.29
79,R2,SKU_B,43.0,0.0,0.0,332.0,82.0,65.0,EOD,82,82.0,1.29,0.0,0.0,0.0,1.29
79,R3,SKU_A,108.0,0.0,0.0,1031.0,215.0,251.0,EOD,215,215.0,3.2399999999999998,0.0,0.0,0.0,3.2399999999999998
79,R3,SKU_B,108.0,0.0,0.0,1031.0,215.0,251.0,EOD,215,215.0,3.2399999999999998,0.0,0.0,0.0,3.2399999999999998
80,Supplier,SKU_A,0.0,0.0,3.0,0.0,0.0,0.0,EOD,0,0.0,0.0,0.0,0.0,0.0,0.0
80,Supplier,SKU_B,0.0,0.0,3.0,0.0,0.0,0.0,EOD,0,0.0,0.0,0.0,0.0,0.0,0.0
80,W1,SKU_A,165.0,0.0,6.0,1336.0,241.0,261.0,EOD,0,0.0,3.3000000000000003,0.0,17.41,0.0,20.71
80,W1,SKU_B,165.0,0.0,6.0,1336.0,241.0,261.0,EOD,0,0.0,3.3000000000000003,0.0,17.41,0.0,20.71
80,W2,SKU_A,167.0,0.0,18.0,1482.0,215.0,246.0,EOD,0,0.0,3.34,0.0,17.15,0.0,20.49
80,W2,SKU_B,167.0,0.0,18.0,1482.0,215.0,246.0,EOD,0,0.0,3.34,0.0,17.15,0.0,20.49
80,R1,SKU_A,79.0,0.0,0.0,380.0,129.0,200.0,EOD,129,129.0,2.37,0.0,0.0,0.0,2.37
80,R1,SKU_B,79.0,0.0,0.0,380.0,129.0,200.0,EOD,129,129.0,2.37,0.0,0.0,0.0,2.37
80,R2,SKU_A,51.0,0.0,0.0,346.0,78.0,86.0,EOD,78,78.0,1.53,0.0,0.0,0.0,1.53
80,R2,SKU_B,51.0,0.0,0.0,346.0,78.0,86.0,EOD,78,78.0,1.53,0.0,0.0,0.0,1.53
80,R3,SKU_A,85.0,0.0,0.0,1031.0,223.0,200.0,EOD,223,223.0,2.55,0.0,0.0,0.0,2.55
80,R3,SKU_B,85.0,0.0,0.0,1031.0,223.0,200.0,EOD,223,223.0,2.55,0.0,0.0,0.0,2.55
81,Supplier,SKU_A,0.0,0.0,18.0,0.0,0.0,0.0,EOD,0,0.0,0.0,0.0,0.0,0.0,0.0
81,Supplier,SKU_B,0.0,0.0,18.0,0.0,0.0,0.0,EOD,0,0.0,0.0,0.0,0.0,0.0,0.0
81,W1,SKU_A,140.0,0.0,0.0,1389.0,207.0,188.0,EOD,0,0.0,2.8000000000000003,0.0,17.07,0.0,19.87
81,W1,SKU_B,140.0,0.0,0.0,1389.0,207.0,188.0,EOD,0,0.0,2.8000000000000003,0.0,17.07,0.0,19.87
81,W2,SKU_A,126.0,0.0,0.0,1482.0,223.0,200.0,EOD,0,0.0,2.52,0.0,17.23,0.0,19.75
81,W2,SKU_B,126.0,0.0,0.0,1482.0,223.0,200.0,EOD,0,0.0,2.52,0.0,17.23,0.0,19.75
81,R1,SKU_A,141.0,0.0,0.0,309.0,138.0,200.0,EOD,138,138.0,4.2299999999999995,0.0,0.0,0.0,4.2299999999999995
81,R1,SKU_B,141.0,0.0,0.0,309.0,138.0,200.0,EOD,138,138.0,4.2299999999999995,0.0,0.0,0.0,4.2299999999999995
81,R2,SKU_A,113.0,0.0,0.0,284.0,84.0,146.0,EOD,84,84.0,3.3899999999999997,0.0,0.0,0.0,3.3899999999999997
81,R2,SKU_B,113.0,0.0,0.0,284.0,84.0,146.0,EOD,84,84.0,3.3899999999999997,0.0,0.0,0.0,3.3899999999999997
81,R3,SKU_A,85.0,0.0,0.0,1030.0,242.0,242.0,EOD,242,242.0,2.55,0.0,0.0,0.0,2.55
81,R3,SKU_B,85.0,0.0,0.0,1030.0,242.0,242.0,EOD,242,242.0,2.55,0.0,0.0,0.0,2.55
82,Supplier,SKU_A,0.0,0.0,7.0,0.0,0.0,0.0,EOD,0,0.0,0.0,0.0,0.0,0.0,0.0
82,Supplier,SKU_B,0.0,0.0,7.0,0.0,0.0,0.0,EOD,0,0.0,0.0,0.0,0.0,0.0,0.0
82,W1,SKU_A,118.0,0.0,0.0,1389.0,222.0,200.0,EOD,0,0.0,2.36,0.0,17.22,0.0,19.58
82,W1,SKU_B,118.0,0.0,0.0,1389.0,222.0,200.0,EOD,0,0.0,2.36,0.0,17.22,0.0,19.58
82,W2,SKU_A,135.0,0.0,0.0,1472.0,242.0,251.0,EOD,0,0.0,2.7,0.0,17.42,0.0,20.12
82,W2,SKU_B,135.0,0.0,0.0,1472.0,242.0,251.0,EOD,0,0.0,2.7,0.0,17.42,0.0,20.12
82,R1,SKU_A,196.0,0.0,0.0,267.0,125.0,180.0,EOD,125,125.0,5.88,0.0,0.0,0.0,5.88
82,R1,SKU_B,196.0,0.0,0.0,267.0,125.0,180.0,EOD,125,125.0,5.88,0.0,0.0,0.0,5.88
82,R2,SKU_A,143.0,0.0,0.0,268.0,70.0,100.0,EOD,70,70.0,4.29,0.0,0.0,0.0,4.29
82,R2,SKU_B,143.0,0.0,0.0,268.0,70.0,100.0,EOD,70,70.0,4.29,0.0,0.0,0.0,4.29
82,R3,SKU_A,161.0,0.0,0.0,983.0,213.0,289.0,EOD,213,213.0,4.83,0.0,0.0,0.0,4.83
82,R3,SKU_B,161.0,0.0,0.0,983.0,213.0,289.0,EOD,213,213.0,4.83,0.0,0.0,0.0,4.83
83,Supplier,SKU_A,0.0,0.0,0.0,0.0,0.0,0.0,EOD,0,0.0,0.0,0.0,0.0,0.0,0.0
83,Supplier,SKU_B,0.0,0.0,0.0,0.0,0.0,0.0,EOD,0,0.0,0.0,0.0,0.0,0.0,0.0
83,W1,SKU_A,180.0,0.0,0.0,1361.0,195.0,257.0,EOD,0,0.0,3.6,0.0,16.95,0.0,20.55
83,W1,SKU_B,180.0,0.0,0.0,1361.0,195.0,257.0,EOD,0,0.0,3.6,0.0,16.95,0.0,20.55
83,W2,SKU_A,135.0,0.0,13.0,1514.0,213.0,200.0,EOD,0,0.0,2.7,0.0,17.13,0.0,19.83
83,W2,SKU_B,135.0,0.0,13.0,1514.0,213.0,200.0,EOD,0,0.0,2.7,0.0,17.13,0.0,19.83
83,R1,SKU_A,130.0,0.0,0.0,263.0,195.0,129.0,EOD,195,195.0,3.9,0.0,0.0,0.0,3.9
83,R1,SKU_B,130.0,0.0,0.0,263.0,195.0,129.0,EOD,195,195.0,3.9,0.0,0.0,0.0,3.9
83,R2,SKU_A,161.0,0.0,0.0,238.0,82.0,100.0,EOD,82,82.0,4.83,0.0,0.0,0.0,4.83
83,R2,SKU_B,161.0,0.0,0.0,238.0,82.0,100.0,EOD,82,82.0,4.83,0.0,0.0,0.0,4.83
83,R3,SKU_A,150.0,0.0,0.0,883.0,311.0,300.0,EOD,311,311.0,4.5,0.0,0.0,0.0,4.5
83,R3,SKU_B,150.0,0.0,0.0,883.0,311.0,300.0,EOD,311,311.0,4.5,0.0,0.0,0.0,4.5
84,Supplier,SKU_A,0.0,0.0,13.0,0.0,0.0,0.0,EOD,0,0.0,0.0,0.0,0.0,0.0,0.0
84,Supplier,SKU_B,0.0,0.0,13.0,0.0,0.0,0.0,EOD,0,0.0,0.0,0.0,0.0,0.0,0.0
84,W1,SKU_A,260.0,0.0,0.0,1199.0,277.0,357.0,EOD,0,0.0,5.2,0.0,17.77,0.0,22.97
84,W1,SKU_B,260.0,0.0,0.0,1199.0,277.0,357.0,EOD,0,0.0,5.2,0.0,17.77,0.0,22.97
84,W2,SKU_A,77.0,0.0,24.0,1472.0,311.0,242.0,EOD,0,0.0,1.54,0.0,18.11,0.0,19.65
84,W2,SKU_B,77.0,0.0,24.0,1472.0,311.0,242.0,EOD,0,0.0,1.54,0.0,18.11,0.0,19.65
84,R1,SKU_A,53.0,0.0,0.0,320.0,215.0,138.0,EOD,215,215.0,1.5899999999999999,0.0,0.0,0.0,1.5899999999999999
84,R1,SKU_B,53.0,0.0,0.0,320.0,215.0,138.0,EOD,215,215.0,1.5899999999999999,0.0,0.0,0.0,1.5899999999999999
84,R2,SKU_A,124.0,0.0,0.0,236.0,121.0,84.0,EOD,121,121.0,3.7199999999999998,0.0,0.0,0.0,3.7199999999999998
84,R2,SKU_B,124.0,0.0,0.0,236.0,121.0,84.0,EOD,121,121.0,3.7199999999999998,0.0,0.0,0.0,3.7199999999999998
84,R3,SKU_A,11.0,0.0,0.0,983.0,339.0,200.0,EOD,339,339.0,0.32999999999999996,0.0,0.0,0.0,0.32999999999999996
84,R3,SKU_B,11.0,0.0,0.0,983.0,339.0,200.0,EOD,339,339.0,0.32999999999999996,0.0,0.0,0.0,0.32999999999999996
85,Supplier,SKU_A,0.0,0.0,24.0,0.0,0.0,0.0,EOD,0,0.0,0.0,0.0,0.0,0.0,0.0
85,Supplier,SKU_B,0.0,0.0,24.0,0.0,0.0,0.0,EOD,0,0.0,0.0,0.0,0.0,0.0,0.0
85,W1,SKU_A,294.0,0.0,36.0,1142.0,336.0,334.0,EOD,0,0.0,5.88,0.0,18.36,0.0,24.24
85,W1,SKU_B,294.0,0.0,36.0,1142.0,336.0,334.0,EOD,0,0.0,5.88,0.0,18.36,0.0,24.24
85,W2,SKU_A,3.0,0.0,0.0,1483.0,339.0,289.0,EOD,0,0.0,0.06,0.0,18.39,0.0,18.45
85,W2,SKU_B,3.0,0.0,0.0,1483.0,339.0,289.0,EOD,0,0.0,0.06,0.0,18.39,0.0,18.45
85,R1,SKU_A,0.0,47.0,0.0,395.0,225.0,125.0,EOD,225,178.0,0.0,23.5,0.0,0.0,23.5
85,R1,SKU_B,0.0,47.0,0.0,395.0,225.0,125.0,EOD,225,178.0,0.0,23.5,0.0,0.0,23.5
85,R2,SKU_A,95.0,0.0,0.0,252.0,113.0,84.0,EOD,113,113.0,2.85,0.0,0.0,0.0,2.85
85,R2,SKU_B,95.0,0.0,0.0,252.0,113.0,84.0,EOD,113,113.0,2.85,0.0,0.0,0.0,2.85
85,R3,SKU_A,0.0,66.0,0.0,1105.0,318.0,241.0,EOD,318,252.0,0.0,33.0,0.0,0.0,33.0
85,R3,SKU_B,0.0,66.0,0.0,1105.0,318.0,241.0,EOD,318,252.0,0.0,33.0,0.0,0.0,33.0
86,Supplier,SKU_A,0.0,0.0,0.0,0.0,0.0,0.0,EOD,0,0.0,0.0,0.0,0.0,0.0,0.0
86,Supplier,SKU_B,0.0,0.0,0.0,0.0,0.0,0.0,EOD,0,0.0,0.0,0.0,0.0,0.0,0.0
86,W1,SKU_A,161.0,0.0,0.0,1237.0,338.0,241.0,EOD,0,0.0,3.22,0.0,18.38,0.0,21.599999999999998
86,W1,SKU_B,161.0,0.0,0.0,1237.0,338.0,241.0,EOD,0,0.0,3.22,0.0,18.38,0.0,21.599999999999998
86,W2,SKU_A,3.0,0.0,18.0,1546.0,318.0,300.0,EOD,0,0.0,0.06,0.0,18.18,0.0,18.24
86,W2,SKU_B,3.0,0.0,18.0,1546.0,318.0,300.0,EOD,0,0.0,0.06,0.0,18.18,0.0,18.24
86,R1,SKU_A,23.0,0.0,0.0,440.0,125.0,195.0,EOD,125,125.0,0.69,0.0,0.0,0.0,0.69
86,R1,SKU_B,23.0,0.0,0.0,440.0,125.0,195.0,EOD,125,125.0,0.69,0.0,0.0,0.0,0.69
86,R2,SKU_A,93.0,0.0,0.0,316.0,72.0,70.0,EOD,72,72.0,2.79,0.0,0.0,0.0,2.79
86,R2,SKU_B,93.0,0.0,0.0,316.0,72.0,70.0,EOD,72,72.0,2.79,0.0,0.0,0.0,2.79
86,R3,SKU_A,0.0,41.0,0.0,1163.0,217.0,242.0,EOD,217,176.0,0.0,20.5,0.0,0.0,20.5
86,R3,SKU_B,0.0,41.0,0.0,1163.0,217.0,242.0,EOD,217,176.0,0.0,20.5,0.0,0.0,20.5
87,Supplier,SKU_A,0.0,0.0,18.0,0.0,0.0,0.0,EOD,0,0.0,0.0,0.0,0.0,0.0,0.0
87,Supplier,SKU_B,0.0,0.0,18.0,0.0,0.0,0.0,EOD,0,0.0,0.0,0.0,0.0,0.0,0.0
87,W1,SKU_A,164.0,0.0,0.0,1375.0,197.0,200.0,EOD,0,0.0,3.2800000000000002,0.0,16.97,0.0,20.25
87,W1,SKU_B,164.0,0.0,0.0,1375.0,197.0,200.0,EOD,0,0.0,3.2800000000000002,0.0,16.97,0.0,20.25
87,W2,SKU_A,3.0,0.0,35.0,1646.0,217.0,200.0,EOD,0,0.0,0.06,0.0,17.17,0.0,17.23
87,W2,SKU_B,3.0,0.0,35.0,1646.0,217.0,200.0,EOD,0,0.0,0.06,0.0,17.17,0.0,17.23
87,R1,SKU_A,118.0,0.0,0.0,365.0,105.0,200.0,EOD,105,105.0,3.54,0.0,0.0,0.0,3.54
87,R1,SKU_B,118.0,0.0,0.0,365.0,105.0,200.0,EOD,105,105.0,3.54,0.0,0.0,0.0,3.54
87,R2,SKU_A,108.0,0.0,0.0,306.0,67.0,82.0,EOD,67,67.0,3.2399999999999998,0.0,0.0,0.0,3.2399999999999998
87,R2,SKU_B,108.0,0.0,0.0,306.0,67.0,82.0,EOD,67,67.0,3.2399999999999998,0.0,0.0,0.0,3.2399999999999998
87,R3,SKU_A,0.0,10.0,0.0,1163.0,169.0,200.0,EOD,169,159.0,0.0,5.0,0.0,0.0,5.0
87,R3,SKU_B,0.0,10.0,0.0,1163.0,169.0,200.0,EOD,169,159.0,0.0,5.0,0.0,0.0,5.0
88,Supplier,SKU_A,0.0,0.0,0.0,0.0,0.0,0.0,EOD,0,0.0,0.0,0.0,0.0,0.0,0.0
88,Supplier,SKU_B,0.0,0.0,0.0,0.0,0.0,0.0,EOD,0,0.0,0.0,0.0,0.0,0.0,0.0
88,W1,SKU_A,226.0,0.0,5.0,1343.0,172.0,229.0,EOD,0,0.0,4.5200000000000005,0.0,16.72,0.0,21.24
88,W1,SKU_B,226.0,0.0,5.0,1343.0,172.0,229.0,EOD,0,0.0,4.5200000000000005,0.0,16.72,0.0,21.24
88,W2,SKU_A,44.0,0.0,4.0,1640.0,169.0,241.0,EOD,0,0.0,0.88,0.0,16.69,0.0,17.57
88,W2,SKU_B,44.0,0.0,4.0,1640.0,169.0,241.0,EOD,0,0.0,0.88,0.0,16.69,0.0,17.57
88,R1,SKU_A,222.0,0.0,0.0,225.0,136.0,240.0,EOD,136,136.0,6.66,0.0,0.0,0.0,6.66
88,R1,SKU_B,222.0,0.0,0.0,225.0,136.0,240.0,EOD,136,136.0,6.66,0.0,0.0,0.0,6.66
88,R2,SKU_A,134.0,0.0,0.0,273.0,74.0,100.0,EOD,74,74.0,4.02,0.0,0.0,0.0,4.02
88,R2,SKU_B,134.0,0.0,0.0,273.0,74.0,100.0,EOD,74,74.0,4.02,0.0,0.0,0.0,4.02
88,R3,SKU_A,91.0,0.0,0.0,1063.0,199.0,300.0,EOD,199,199.0,2.73,0.0,0.0,0.0,2.73
88,R3,SKU_B,91.0,0.0,0.0,1063.0,199.0,300.0,EOD,199,199.0,2.73,0.0,0.0,0.0,2.73
89,Supplier,SKU_A,0.0,0.0,0.0,0.0,0.0,0.0,EOD,0,0.0,0.0,0.0,0.0,0.0,0.0
89,Supplier,SKU_B,0.0,0.0,0.0,0.0,0.0,0.0,EOD,0,0.0,0.0,0.0,0.0,0.0,0.0
89,W1,SKU_A,206.0,0.0,0.0,1320.0,210.0,195.0,EOD,0,0.0,4.12,0.0,17.1,0.0,21.220000000000002
89,W1,SKU_B,206.0,0.0,0.0,1320.0,210.0,195.0,EOD,0,0.0,4.12,0.0,17.1,0.0,21.220000000000002
89,W2,SKU_A,86.0,0.0,3.0,1567.0,199.0,242.0,EOD,0,0.0,1.72,0.0,16.99,0.0,18.709999999999997
89,W2,SKU_B,86.0,0.0,3.0,1567.0,199.0,242.0,EOD,0,0.0,1.72,0.0,16.99,0.0,18.709999999999997
89,R1,SKU_A,236.0,0.0,0.0,241.0,111.0,125.0,EOD,111,111.0,7.08,0.0,0.0,0.0,7.08
89,R1,SKU_B,236.0,0.0,0.0,241.0,111.0,125.0,EOD,111,111.0,7.08,0.0,0.0,0.0,7.08
89,R2,SKU_A,206.0,0.0,0.0,213.0,62.0,134.0,EOD,62,62.0,6.18,0.0,0.0,0.0,6.18
89,R2,SKU_B,206.0,0.0,0.0,213.0,62.0,134.0,EOD,62,62.0,6.18,0.0,0.0,0.0,6.18
89,R3,SKU_A,261.0,0.0,0.0,900.0,193.0,363.0,EOD,193,193.0,7.83,0.0,0.0,0.0,7.83
89,R3,SKU_B,261.0,0.0,0.0,900.0,193.0,363.0,EOD,193,193.0,7.83,0.0,0.0,0.0,7.83
