t_ship,from_node,to_node,sku,lead_time,qty,arrival_time
1,W1,R1,SKU_A,2,155.0,3
1,W1,R2,SKU_A,3,87.0,4
1,W1,R1,SKU_B,2,155.0,3
1,W1,R2,SKU_B,3,87.0,4
1,W2,R3,SKU_A,4,274.0,5
1,W2,R3,SKU_B,4,274.0,5
2,Supplier,W1,SKU_A,5,242.0,7
2,Supplier,W2,SKU_B,6,274.0,8
2,Supplier,W2,SKU_A,6,274.0,8
2,Supplier,W1,SKU_B,5,242.0,7
2,W1,R1,SKU_A,2,100.0,4
2,W1,R2,SKU_A,3,90.0,5
2,W1,R1,SKU_B,2,100.0,4
2,W1,R2,SKU_B,3,90.0,5
2,W2,R3,SKU_A,4,268.0,6
2,W2,R3,SKU_B,4,268.0,6
3,Supplier,W1,SKU_A,5,200.0,8
3,Supplier,W2,SKU_B,6,268.0,9
3,Supplier,W2,SKU_A,6,268.0,9
3,Supplier,W1,SKU_B,5,200.0,8
3,W1,R1,SKU_A,2,100.0,5
3,W1,R2,SKU_A,3,76.0,6
3,W1,R1,SKU_B,2,100.0,5
3,W1,R2,SKU_B,3,76.0,6
3,W2,R3,SKU_A,4,153.0,7
3,W2,R3,SKU_B,4,153.0,7
4,Supplier,W2,SKU_A,6,153.0,10
4,Supplier,W1,SKU_A,5,186.0,9
4,Supplier,W2,SKU_B,6,153.0,10
4,Supplier,W1,SKU_B,5,186.0,9
4,W1,R1,SKU_A,2,125.0,6
4,W1,R2,SKU_A,3,83.0,7
4,W1,R1,SKU_B,2,125.0,6
4,W1,R2,SKU_B,3,83.0,7
4,W2,R3,SKU_A,4,188.0,8
4,W2,R3,SKU_B,4,188.0,8
5,Supplier,W1,SKU_A,5,188.0,10
5,Supplier,W2,SKU_B,6,188.0,11
5,Supplier,W2,SKU_A,6,188.0,11
5,Supplier,W1,SKU_B,5,188.0,10
5,W1,R1,SKU_A,2,92.0,7
5,W1,R2,SKU_A,3,73.0,8
5,W1,R1,SKU_B,2,92.0,7
5,W1,R2,SKU_B,3,73.0,8
5,W2,R3,SKU_A,4,154.0,9
5,W2,R3,SKU_B,4,154.0,9
6,Supplier,W1,SKU_A,5,165.0,11
6,Supplier,W2,SKU_B,6,154.0,12
6,Supplier,W2,SKU_A,6,154.0,12
6,Supplier,W1,SKU_B,5,165.0,11
6,W1,R1,SKU_A,2,100.0,8
6,W1,R2,SKU_A,3,100.0,9
6,W1,R1,SKU_B,2,100.0,8
6,W1,R2,SKU_B,3,100.0,9
6,W2,R3,SKU_A,4,200.0,10
6,W2,R3,SKU_B,4,200.0,10
7,Supplier,W1,SKU_A,5,200.0,12
7,Supplier,W2,SKU_B,6,200.0,13
7,Supplier,W2,SKU_A,6,200.0,13
7,Supplier,W1,SKU_B,5,200.0,12
7,W1,R1,SKU_A,2,100.0,9
7,W1,R1,SKU_B,2,100.0,9
7,W1,R2,SKU_A,3,97.0,10
7,W1,R2,SKU_B,3,97.0,10
7,W2,R3,SKU_A,4,200.0,11
7,W2,R3,SKU_B,4,200.0,11
8,Supplier,W1,SKU_A,5,200.0,13
8,Supplier,W1,SKU_B,5,200.0,13
8,Supplier,W2,SKU_A,6,200.0,14
8,Supplier,W2,SKU_B,6,200.0,14
8,W1,R1,SKU_A,2,199.0,10
8,W1,R2,SKU_A,3,149.0,11
8,W1,R1,SKU_B,2,199.0,10
8,W1,R2,SKU_B,3,149.0,11
8,W2,R3,SKU_A,4,300.0,12
8,W2,R3,SKU_B,4,300.0,12
9,Supplier,W1,SKU_A,5,345.0,14
9,Supplier,W1,SKU_B,5,345.0,14
9,Supplier,W2,SKU_A,6,300.0,15
9,Supplier,W2,SKU_B,6,300.0,15
9,W1,R1,SKU_A,2,165.0,11
9,W1,R2,SKU_A,3,96.0,12
9,W1,R1,SKU_B,2,165.0,11
9,W1,R2,SKU_B,3,96.0,12
9,W2,R3,SKU_A,4,290.0,13
9,W2,R3,SKU_B,4,290.0,13
10,Supplier,W2,SKU_A,6,290.0,16
10,Supplier,W1,SKU_A,5,261.0,15
10,Supplier,W2,SKU_B,6,290.0,16
10,Supplier,W1,SKU_B,5,261.0,15
10,W1,R1,SKU_A,2,95.0,12
10,W1,R2,SKU_A,3,100.0,13
10,W1,R1,SKU_B,2,95.0,12
10,W1,R2,SKU_B,3,100.0,13
10,W2,R3,SKU_A,4,200.0,14
10,W2,R3,SKU_B,4,200.0,14
11,Supplier,W1,SKU_A,5,200.0,16
11,Supplier,W2,SKU_B,6,200.0,17
11,Supplier,W2,SKU_A,6,200.0,17
11,Supplier,W1,SKU_B,5,200.0,16
11,W1,R1,SKU_A,2,96.0,13
11,W1,R2,SKU_A,3,100.0,14
11,W1,R1,SKU_B,2,96.0,13
11,W1,R2,SKU_B,3,100.0,14
11,W2,R3,SKU_A,4,200.0,15
11,W2,R3,SKU_B,4,200.0,15
12,Supplier,W1,SKU_A,5,200.0,17
12,Supplier,W1,SKU_B,5,200.0,17
12,Supplier,W2,SKU_A,6,200.0,18
12,Supplier,W2,SKU_B,6,200.0,18
12,W1,R1,SKU_A,2,100.0,14
12,W1,R2,SKU_A,3,100.0,15
12,W1,R1,SKU_B,2,100.0,14
12,W1,R2,SKU_B,3,100.0,15
12,W2,R3,SKU_A,4,194.0,16
12,W2,R3,SKU_B,4,194.0,16
13,Supplier,W1,SKU_A,5,200.0,18
13,Supplier,W1,SKU_B,5,200.0,18
13,Supplier,W2,SKU_A,6,194.0,19
13,Supplier,W2,SKU_B,6,194.0,19
13,W1,R1,SKU_A,2,126.0,15
13,W1,R1,SKU_B,2,126.0,15
13,W1,R2,SKU_A,3,100.0,16
13,W1,R2,SKU_B,3,100.0,16
13,W2,R3,SKU_A,4,157.0,17
13,W2,R3,SKU_B,4,157.0,17
14,Supplier,W2,SKU_A,6,157.0,20
14,Supplier,W1,SKU_A,5,227.0,19
14,Supplier,W2,SKU_B,6,157.0,20
14,Supplier,W1,SKU_B,5,227.0,19
14,W1,R1,SKU_A,2,160.0,16
14,W1,R2,SKU_A,3,128.0,17
14,W1,R1,SKU_B,2,160.0,16
14,W1,R2,SKU_B,3,128.0,17
14,W2,R3,SKU_A,4,251.0,18
14,W2,R3,SKU_B,4,251.0,18
15,Supplier,W1,SKU_A,5,278.0,20
15,Supplier,W2,SKU_B,6,251.0,21
15,Supplier,W2,SKU_A,6,251.0,21
15,Supplier,W1,SKU_B,5,278.0,20
15,W1,R1,SKU_A,2,200.0,17
15,W1,R2,SKU_A,3,142.0,18
15,W1,R1,SKU_B,2,200.0,17
15,W1,R2,SKU_B,3,142.0,18
15,W2,R3,SKU_A,4,347.0,19
15,W2,R3,SKU_B,4,347.0,19
16,Supplier,W1,SKU_A,5,366.0,21
16,Supplier,W2,SKU_B,6,347.0,22
16,Supplier,W2,SKU_A,6,347.0,22
16,Supplier,W1,SKU_B,5,366.0,21
16,W1,R1,SKU_A,2,250.0,18
16,W1,R2,SKU_A,3,155.0,19
16,W1,R1,SKU_B,2,250.0,18
16,W1,R2,SKU_B,3,155.0,19
16,W2,R3,SKU_A,4,332.0,20
16,W2,R3,SKU_B,4,332.0,20
17,Supplier,W1,SKU_A,5,381.0,22
17,Supplier,W2,SKU_B,6,332.0,23
17,Supplier,W2,SKU_A,6,332.0,23
17,Supplier,W1,SKU_B,5,381.0,22
17,W1,R1,SKU_A,2,142.0,19
17,W1,R2,SKU_A,3,93.0,20
17,W1,R1,SKU_B,2,142.0,19
17,W1,R2,SKU_B,3,93.0,20
17,W2,R3,SKU_A,4,200.0,21
17,W2,R3,SKU_B,4,200.0,21
18,Supplier,W1,SKU_A,5,235.0,23
18,Supplier,W2,SKU_B,6,200.0,24
18,Supplier,W2,SKU_A,6,200.0,24
18,Supplier,W1,SKU_B,5,235.0,23
18,W1,R1,SKU_A,2,133.0,20
18,W1,R2,SKU_A,3,83.0,21
18,W1,R1,SKU_B,2,133.0,20
18,W1,R2,SKU_B,3,83.0,21
18,W2,R3,SKU_A,4,263.0,22
18,W2,R3,SKU_B,4,263.0,22
19,Supplier,W2,SKU_A,6,263.0,25
19,Supplier,W1,SKU_A,5,200.0,24
19,Supplier,W2,SKU_B,6,263.0,25
19,Supplier,W1,SKU_B,5,200.0,24
19,W1,R1,SKU_A,2,126.0,21
19,W1,R2,SKU_A,3,77.0,22
19,W1,R1,SKU_B,2,126.0,21
19,W1,R2,SKU_B,3,77.0,22
19,W2,R3,SKU_A,4,182.0,23
19,W2,R3,SKU_B,4,182.0,23
20,Supplier,W2,SKU_A,6,182.0,26
20,Supplier,W1,SKU_A,5,200.0,25
20,Supplier,W2,SKU_B,6,182.0,26
20,Supplier,W1,SKU_B,5,200.0,25
20,W1,R1,SKU_A,2,135.0,22
20,W1,R2,SKU_A,3,77.0,23
20,W1,R1,SKU_B,2,135.0,22
20,W1,R2,SKU_B,3,77.0,23
20,W2,R3,SKU_A,4,187.0,24
20,W2,R3,SKU_B,4,187.0,24
21,Supplier,W2,SKU_A,6,187.0,27
21,Supplier,W1,SKU_A,5,231.0,26
21,Supplier,W2,SKU_B,6,187.0,27
21,Supplier,W1,SKU_B,5,231.0,26
21,W1,R1,SKU_A,2,154.0,23
21,W1,R2,SKU_A,3,87.0,24
21,W1,R1,SKU_B,2,154.0,23
21,W1,R2,SKU_B,3,87.0,24
21,W2,R3,SKU_A,4,248.0,25
21,W2,R3,SKU_B,4,248.0,25
22,Supplier,W1,SKU_A,5,241.0,27
22,Supplier,W2,SKU_B,6,248.0,28
22,Supplier,W2,SKU_A,6,248.0,28
22,Supplier,W1,SKU_B,5,241.0,27
22,W1,R1,SKU_A,2,200.0,24
22,W1,R2,SKU_A,3,100.0,25
22,W1,R1,SKU_B,2,200.0,24
22,W1,R2,SKU_B,3,100.0,25
22,W2,R3,SKU_A,4,300.0,26
22,W2,R3,SKU_B,4,300.0,26
23,Supplier,W1,SKU_A,5,300.0,28
23,Supplier,W2,SKU_B,6,300.0,29
23,Supplier,W2,SKU_A,6,300.0,29
23,Supplier,W1,SKU_B,5,300.0,28
23,W1,R1,SKU_A,2,188.0,25
23,W1,R2,SKU_A,3,100.0,26
23,W1,R1,SKU_B,2,188.0,25
23,W1,R2,SKU_B,3,100.0,26
23,W2,R3,SKU_A,4,276.0,27
23,W2,R3,SKU_B,4,276.0,27
24,Supplier,W1,SKU_A,5,296.0,29
24,Supplier,W1,SKU_B,5,296.0,29
24,Supplier,W2,SKU_A,6,276.0,30
24,Supplier,W2,SKU_B,6,276.0,30
24,W1,R1,SKU_A,2,100.0,26
24,W1,R2,SKU_A,3,97.0,27
24,W1,R1,SKU_B,2,100.0,26
24,W1,R2,SKU_B,3,97.0,27
24,W2,R3,SKU_A,4,172.0,28
24,W2,R3,SKU_B,4,172.0,28
25,Supplier,W1,SKU_A,5,200.0,30
25,Supplier,W2,SKU_B,6,172.0,31
25,Supplier,W2,SKU_A,6,172.0,31
25,Supplier,W1,SKU_B,5,200.0,30
25,W1,R1,SKU_A,2,156.0,27
25,W1,R2,SKU_A,3,83.0,28
25,W1,R1,SKU_B,2,156.0,27
25,W1,R2,SKU_B,3,83.0,28
25,W2,R3,SKU_A,4,200.0,29
25,W2,R3,SKU_B,4,200.0,29
26,Supplier,W2,SKU_A,6,200.0,32
26,Supplier,W1,SKU_A,5,228.0,31
26,Supplier,W2,SKU_B,6,200.0,32
26,Supplier,W1,SKU_B,5,228.0,31
26,W1,R1,SKU_A,2,126.0,28
26,W1,R2,SKU_A,3,66.0,29
26,W1,R1,SKU_B,2,126.0,28
26,W1,R2,SKU_B,3,66.0,29
26,W2,R3,SKU_A,4,200.0,30
26,W2,R3,SKU_B,4,200.0,30
27,Supplier,W2,SKU_A,6,200.0,33
27,Supplier,W1,SKU_A,5,192.0,32
27,Supplier,W2,SKU_B,6,200.0,33
27,Supplier,W1,SKU_B,5,192.0,32
27,W1,R1,SKU_A,2,100.0,29
27,W1,R2,SKU_A,3,71.0,30
27,W1,R1,SKU_B,2,100.0,29
27,W1,R2,SKU_B,3,71.0,30
27,W2,R3,SKU_A,4,200.0,31
27,W2,R3,SKU_B,4,200.0,31
28,Supplier,W2,SKU_A,6,200.0,34
28,Supplier,W1,SKU_A,5,191.0,33
28,Supplier,W2,SKU_B,6,200.0,34
28,Supplier,W1,SKU_B,5,191.0,33
28,W1,R1,SKU_A,2,176.0,30
28,W1,R2,SKU_A,3,99.0,31
28,W1,R1,SKU_B,2,176.0,30
28,W1,R2,SKU_B,3,99.0,31
28,W2,R3,SKU_A,4,240.0,32
28,W2,R3,SKU_B,4,240.0,32
29,Supplier,W2,SKU_A,6,240.0,35
29,Supplier,W1,SKU_A,5,255.0,34
29,Supplier,W2,SKU_B,6,240.0,35
29,Supplier,W1,SKU_B,5,255.0,34
29,W1,R1,SKU_A,2,165.0,31
29,W1,R2,SKU_A,3,98.0,32
29,W1,R1,SKU_B,2,165.0,31
29,W1,R2,SKU_B,3,98.0,32
29,W2,R3,SKU_A,4,300.0,33
29,W2,R3,SKU_B,4,300.0,33
30,Supplier,W1,SKU_A,5,263.0,35
30,Supplier,W2,SKU_B,6,300.0,36
30,Supplier,W2,SKU_A,6,300.0,36
30,Supplier,W1,SKU_B,5,263.0,35
30,W1,R1,SKU_A,2,194.0,32
30,W1,R2,SKU_A,3,77.0,33
30,W1,R1,SKU_B,2,194.0,32
30,W1,R2,SKU_B,3,77.0,33
30,W2,R3,SKU_A,4,300.0,34
30,W2,R3,SKU_B,4,300.0,34
31,Supplier,W2,SKU_A,6,300.0,37
31,Supplier,W1,SKU_A,5,271.0,36
31,Supplier,W2,SKU_B,6,300.0,37
31,Supplier,W1,SKU_B,5,271.0,36
31,W1,R1,SKU_A,2,100.0,33
31,W1,R2,SKU_A,3,70.0,34
31,W1,R1,SKU_B,2,100.0,33
31,W1,R2,SKU_B,3,70.0,34
31,W2,R3,SKU_A,4,170.0,35
31,W2,R3,SKU_B,4,170.0,35
32,Supplier,W2,SKU_A,6,170.0,38
32,Supplier,W1,SKU_A,5,189.0,37
32,Supplier,W2,SKU_B,6,170.0,38
32,Supplier,W1,SKU_B,5,189.0,37
32,W1,R1,SKU_A,2,142.0,34
32,W1,R2,SKU_A,3,83.0,35
32,W1,R1,SKU_B,2,142.0,34
32,W1,R2,SKU_B,3,83.0,35
32,W2,R3,SKU_A,4,242.0,36
32,W2,R3,SKU_B,4,242.0,36
33,Supplier,W1,SKU_A,5,200.0,38
33,Supplier,W2,SKU_B,6,242.0,39
33,Supplier,W2,SKU_A,6,242.0,39
33,Supplier,W1,SKU_B,5,200.0,38
33,W1,R1,SKU_A,2,127.0,35
33,W1,R2,SKU_A,3,81.0,36
33,W1,R1,SKU_B,2,127.0,35
33,W1,R2,SKU_B,3,81.0,36
33,W2,R3,SKU_A,4,200.0,37
33,W2,R3,SKU_B,4,200.0,37
34,Supplier,W2,SKU_A,6,200.0,40
34,Supplier,W1,SKU_A,5,200.0,39
34,Supplier,W2,SKU_B,6,200.0,40
34,Supplier,W1,SKU_B,5,200.0,39
34,W1,R1,SKU_A,2,149.0,36
34,W1,R2,SKU_A,3,100.0,37
34,W1,R1,SKU_B,2,149.0,36
34,W1,R2,SKU_B,3,100.0,37
34,W2,R3,SKU_A,4,200.0,38
34,W2,R3,SKU_B,4,200.0,38
35,Supplier,W1,SKU_A,5,265.0,40
35,Supplier,W1,SKU_B,5,265.0,40
35,Supplier,W2,SKU_A,6,200.0,41
35,Supplier,W2,SKU_B,6,200.0,41
35,W1,R1,SKU_A,2,166.0,37
35,W1,R2,SKU_A,3,94.0,38
35,W1,R1,SKU_B,2,166.0,37
35,W1,R2,SKU_B,3,94.0,38
35,W2,R3,SKU_A,4,261.0,39
35,W2,R3,SKU_B,4,261.0,39
36,Supplier,W2,SKU_A,6,261.0,42
36,Supplier,W1,SKU_A,5,258.0,41
36,Supplier,W2,SKU_B,6,261.0,42
36,Supplier,W1,SKU_B,5,258.0,41
36,W1,R1,SKU_A,2,180.0,38
36,W1,R2,SKU_A,3,138.0,39
36,W1,R1,SKU_B,2,180.0,38
36,W1,R2,SKU_B,3,138.0,39
36,W2,R3,SKU_A,4,300.0,40
36,W2,R3,SKU_B,4,300.0,40
37,Supplier,W1,SKU_A,5,300.0,42
37,Supplier,W2,SKU_B,6,300.0,43
37,Supplier,W2,SKU_A,6,300.0,43
37,Supplier,W1,SKU_B,5,300.0,42
37,W1,R1,SKU_A,2,179.0,39
37,W1,R2,SKU_A,3,125.0,40
37,W1,R1,SKU_B,2,179.0,39
37,W1,R2,SKU_B,3,125.0,40
37,W2,R3,SKU_A,4,300.0,41
37,W2,R3,SKU_B,4,300.0,41
38,Supplier,W2,SKU_A,6,300.0,44
38,Supplier,W1,SKU_A,5,300.0,43
38,Supplier,W2,SKU_B,6,300.0,44
38,Supplier,W1,SKU_B,5,300.0,43
38,W1,R1,SKU_A,2,100.0,40
38,W1,R2,SKU_A,3,85.0,41
38,W1,R1,SKU_B,2,100.0,40
38,W1,R2,SKU_B,3,85.0,41
38,W2,R3,SKU_A,4,238.0,42
38,W2,R3,SKU_B,4,238.0,42
39,Supplier,W1,SKU_A,5,200.0,44
39,Supplier,W1,SKU_B,5,200.0,44
39,Supplier,W2,SKU_A,6,238.0,45
39,Supplier,W2,SKU_B,6,238.0,45
39,W1,R1,SKU_A,2,100.0,41
39,W1,R2,SKU_A,3,100.0,42
39,W1,R1,SKU_B,2,100.0,41
39,W1,R2,SKU_B,3,100.0,42
39,W2,R3,SKU_A,4,200.0,43
39,W2,R3,SKU_B,4,200.0,43
40,Supplier,W2,SKU_A,6,200.0,46
40,Supplier,W1,SKU_A,5,232.0,45
40,Supplier,W2,SKU_B,6,200.0,46
40,Supplier,W1,SKU_B,5,232.0,45
40,W1,R1,SKU_A,2,153.0,42
40,W1,R1,SKU_B,2,153.0,42
40,W1,R2,SKU_A,3,92.0,43
40,W1,R2,SKU_B,3,92.0,43
40,W2,R3,SKU_A,4,200.0,44
40,W2,R3,SKU_B,4,200.0,44
41,Supplier,W2,SKU_A,6,200.0,47
41,Supplier,W1,SKU_A,5,200.0,46
41,Supplier,W2,SKU_B,6,200.0,47
41,Supplier,W1,SKU_B,5,200.0,46
41,W1,R1,SKU_A,2,100.0,43
41,W1,R2,SKU_A,3,91.0,44
41,W1,R1,SKU_B,2,100.0,43
41,W1,R2,SKU_B,3,91.0,44
41,W2,R3,SKU_A,4,228.0,45
41,W2,R3,SKU_B,4,228.0,45
42,Supplier,W1,SKU_A,5,234.0,47
42,Supplier,W1,SKU_B,5,234.0,47
42,Supplier,W2,SKU_A,6,228.0,48
42,Supplier,W2,SKU_B,6,228.0,48
42,W1,R1,SKU_A,2,174.0,44
42,W1,R2,SKU_A,3,82.0,45
42,W1,R1,SKU_B,2,174.0,44
42,W1,R2,SKU_B,3,82.0,45
42,W2,R3,SKU_A,4,234.0,46
42,W2,R3,SKU_B,4,234.0,46
43,Supplier,W1,SKU_A,5,233.0,48
43,Supplier,W2,SKU_B,6,234.0,49
43,Supplier,W2,SKU_A,6,234.0,49
43,Supplier,W1,SKU_B,5,233.0,48
43,W1,R1,SKU_A,2,180.0,45
43,W1,R2,SKU_A,3,100.0,46
43,W1,R1,SKU_B,2,180.0,45
43,W1,R2,SKU_B,3,100.0,46
43,W2,R3,SKU_A,4,345.0,47
43,W2,R3,SKU_B,4,345.0,47
44,Supplier,W1,SKU_A,5,280.0,49
44,Supplier,W2,SKU_B,6,345.0,50
44,Supplier,W2,SKU_A,6,345.0,50
44,Supplier,W1,SKU_B,5,280.0,49
44,W1,R1,SKU_A,2,176.0,46
44,W1,R2,SKU_A,3,84.0,47
44,W1,R1,SKU_B,2,176.0,46
44,W1,R2,SKU_B,3,84.0,47
44,W2,R3,SKU_A,4,296.0,48
44,W2,R3,SKU_B,4,296.0,48
45,Supplier,W1,SKU_A,5,260.0,50
45,Supplier,W2,SKU_B,6,296.0,51
45,Supplier,W2,SKU_A,6,296.0,51
45,Supplier,W1,SKU_B,5,260.0,50
45,W1,R1,SKU_A,2,100.0,47
45,W1,R2,SKU_A,3,94.0,48
45,W1,R1,SKU_B,2,100.0,47
45,W1,R2,SKU_B,3,94.0,48
45,W2,R3,SKU_A,4,200.0,49
45,W2,R3,SKU_B,4,200.0,49
46,Supplier,W1,SKU_A,5,200.0,51
46,Supplier,W2,SKU_B,6,200.0,52
46,Supplier,W2,SKU_A,6,200.0,52
46,Supplier,W1,SKU_B,5,200.0,51
46,W1,R1,SKU_A,2,135.0,48
46,W1,R2,SKU_A,3,77.0,49
46,W1,R1,SKU_B,2,135.0,48
46,W1,R2,SKU_B,3,77.0,49
46,W2,R3,SKU_A,4,257.0,50
46,W2,R3,SKU_B,4,257.0,50
47,Supplier,W2,SKU_A,6,257.0,53
47,Supplier,W1,SKU_A,5,200.0,52
47,Supplier,W2,SKU_B,6,257.0,53
47,Supplier,W1,SKU_B,5,200.0,52
47,W1,R1,SKU_A,2,100.0,49
47,W1,R2,SKU_A,3,67.0,50
47,W1,R1,SKU_B,2,100.0,49
47,W1,R2,SKU_B,3,67.0,50
47,W2,R3,SKU_A,4,200.0,51
47,W2,R3,SKU_B,4,200.0,51
48,Supplier,W2,SKU_A,6,200.0,54
48,Supplier,W1,SKU_A,5,192.0,53
48,Supplier,W2,SKU_B,6,200.0,54
48,Supplier,W1,SKU_B,5,192.0,53
48,W1,R1,SKU_A,2,153.0,50
48,W1,R2,SKU_A,3,97.0,51
48,W1,R1,SKU_B,2,153.0,50
48,W1,R2,SKU_B,3,97.0,51
48,W2,R3,SKU_A,4,238.0,52
48,W2,R3,SKU_B,4,238.0,52
49,Supplier,W2,SKU_A,6,238.0,55
49,Supplier,W1,SKU_A,5,231.0,54
49,Supplier,W2,SKU_B,6,238.0,55
49,Supplier,W1,SKU_B,5,231.0,54
49,W1,R1,SKU_A,2,100.0,51
49,W1,R2,SKU_A,3,84.0,52
49,W1,R1,SKU_B,2,100.0,51
49,W1,R2,SKU_B,3,84.0,52
49,W2,R3,SKU_A,4,228.0,53
49,W2,R3,SKU_B,4,228.0,53
50,Supplier,W1,SKU_A,5,200.0,55
50,Supplier,W2,SKU_B,6,228.0,56
50,Supplier,W2,SKU_A,6,228.0,56
50,Supplier,W1,SKU_B,5,200.0,55
50,W1,R1,SKU_A,2,187.0,52
50,W1,R2,SKU_A,3,81.0,53
50,W1,R1,SKU_B,2,187.0,52
50,W1,R2,SKU_B,3,81.0,53
50,W2,R3,SKU_A,4,293.0,54
50,W2,R3,SKU_B,4,293.0,54
51,Supplier,W2,SKU_A,6,293.0,57
51,Supplier,W1,SKU_A,5,252.0,56
51,Supplier,W2,SKU_B,6,293.0,57
51,Supplier,W1,SKU_B,5,252.0,56
51,W1,R1,SKU_A,2,198.0,53
51,W1,R2,SKU_A,3,98.0,54
51,W1,R1,SKU_B,2,198.0,53
51,W1,R2,SKU_B,3,98.0,54
51,W2,R3,SKU_A,4,344.0,55
51,W2,R3,SKU_B,4,344.0,55
52,Supplier,W1,SKU_A,5,296.0,57
52,Supplier,W2,SKU_B,6,344.0,58
52,Supplier,W2,SKU_A,6,344.0,58
52,Supplier,W1,SKU_B,5,296.0,57
52,W1,R1,SKU_A,2,142.0,54
52,W1,R2,SKU_A,3,69.0,55
52,W1,R1,SKU_B,2,142.0,54
52,W1,R2,SKU_B,3,69.0,55
52,W2,R3,SKU_A,4,200.0,56
52,W2,R3,SKU_B,4,200.0,56
53,Supplier,W1,SKU_A,5,200.0,58
53,Supplier,W2,SKU_B,6,200.0,59
53,Supplier,W2,SKU_A,6,200.0,59
53,Supplier,W1,SKU_B,5,200.0,58
53,W1,R1,SKU_A,2,100.0,55
53,W1,R2,SKU_A,3,77.0,56
53,W1,R1,SKU_B,2,100.0,55
53,W1,R2,SKU_B,3,77.0,56
53,W2,R3,SKU_A,4,200.0,57
53,W2,R3,SKU_B,4,200.0,57
54,Supplier,W1,SKU_A,5,200.0,59
54,Supplier,W1,SKU_B,5,200.0,59
54,Supplier,W2,SKU_A,6,200.0,60
54,Supplier,W2,SKU_B,6,200.0,60
54,W1,R1,SKU_A,2,100.0,56
54,W1,R2,SKU_A,3,60.0,57
54,W1,R1,SKU_B,2,100.0,56
54,W1,R2,SKU_B,3,60.0,57
54,W2,R3,SKU_A,4,245.0,58
54,W2,R3,SKU_B,4,245.0,58
55,Supplier,W1,SKU_A,5,172.0,60
55,Supplier,W1,SKU_B,5,172.0,60
55,Supplier,W2,SKU_A,6,245.0,61
55,Supplier,W2,SKU_B,6,245.0,61
55,W1,R1,SKU_A,2,136.0,57
55,W1,R2,SKU_A,3,65.0,58
55,W1,R1,SKU_B,2,136.0,57
55,W1,R2,SKU_B,3,65.0,58
55,W2,R3,SKU_A,4,200.0,59
55,W2,R3,SKU_B,4,200.0,59
56,Supplier,W1,SKU_A,5,177.0,61
56,Supplier,W2,SKU_B,6,200.0,62
56,Supplier,W2,SKU_A,6,200.0,62
56,Supplier,W1,SKU_B,5,177.0,61
56,W1,R1,SKU_A,2,135.0,58
56,W1,R2,SKU_A,3,65.0,59
56,W1,R1,SKU_B,2,135.0,58
56,W1,R2,SKU_B,3,65.0,59
56,W2,R3,SKU_A,4,229.0,60
56,W2,R3,SKU_B,4,229.0,60
57,Supplier,W2,SKU_A,6,229.0,63
57,Supplier,W1,SKU_A,5,200.0,62
57,Supplier,W2,SKU_B,6,229.0,63
57,Supplier,W1,SKU_B,5,200.0,62
57,W1,R1,SKU_A,2,185.0,59
57,W1,R2,SKU_A,3,90.0,60
57,W1,R1,SKU_B,2,185.0,59
57,W1,R2,SKU_B,3,90.0,60
57,W2,R3,SKU_A,4,268.0,61
57,W2,R3,SKU_B,4,268.0,61
58,Supplier,W1,SKU_A,5,275.0,63
58,Supplier,W2,SKU_B,6,268.0,64
58,Supplier,W2,SKU_A,6,268.0,64
58,Supplier,W1,SKU_B,5,275.0,63
58,W1,R1,SKU_A,2,195.0,60
58,W1,R2,SKU_A,3,83.0,61
58,W1,R1,SKU_B,2,195.0,60
58,W1,R2,SKU_B,3,83.0,61
58,W2,R3,SKU_A,4,271.0,62
58,W2,R3,SKU_B,4,271.0,62
59,Supplier,W1,SKU_A,5,278.0,64
59,Supplier,W2,SKU_B,6,271.0,65
59,Supplier,W2,SKU_A,6,271.0,65
59,Supplier,W1,SKU_B,5,278.0,64
59,W1,R1,SKU_A,2,100.0,61
59,W1,R2,SKU_A,3,84.0,62
59,W1,R1,SKU_B,2,100.0,61
59,W1,R2,SKU_B,3,84.0,62
59,W2,R3,SKU_A,4,183.0,63
59,W2,R3,SKU_B,4,183.0,63
60,Supplier,W1,SKU_A,5,188.0,65
60,Supplier,W2,SKU_B,6,183.0,66
60,Supplier,W2,SKU_A,6,183.0,66
60,Supplier,W1,SKU_B,5,188.0,65
60,W1,R1,SKU_A,2,100.0,62
60,W1,R2,SKU_A,3,69.0,63
60,W1,R1,SKU_B,2,100.0,62
60,W1,R2,SKU_B,3,69.0,63
60,W2,R3,SKU_A,4,170.0,64
60,W2,R3,SKU_B,4,170.0,64
61,Supplier,W1,SKU_A,5,187.0,66
61,Supplier,W2,SKU_B,6,170.0,67
61,Supplier,W2,SKU_A,6,170.0,67
61,Supplier,W1,SKU_B,5,187.0,66
61,W1,R1,SKU_A,2,126.0,63
61,W1,R2,SKU_A,3,88.0,64
61,W1,R1,SKU_B,2,126.0,63
61,W1,R2,SKU_B,3,88.0,64
61,W2,R3,SKU_A,4,175.0,65
61,W2,R3,SKU_B,4,175.0,65
62,Supplier,W1,SKU_A,5,192.0,67
62,Supplier,W2,SKU_B,6,175.0,68
62,Supplier,W2,SKU_A,6,175.0,68
62,Supplier,W1,SKU_B,5,192.0,67
62,W1,R1,SKU_A,2,158.0,64
62,W1,R2,SKU_A,3,82.0,65
62,W1,R1,SKU_B,2,158.0,64
62,W1,R2,SKU_B,3,82.0,65
62,W2,R3,SKU_A,4,229.0,66
62,W2,R3,SKU_B,4,229.0,66
63,Supplier,W1,SKU_A,5,240.0,68
63,Supplier,W2,SKU_B,6,229.0,69
63,Supplier,W2,SKU_A,6,229.0,69
63,Supplier,W1,SKU_B,5,240.0,68
63,W1,R1,SKU_A,2,184.0,65
63,W1,R2,SKU_A,3,100.0,66
63,W1,R1,SKU_B,2,184.0,65
63,W1,R2,SKU_B,3,100.0,66
63,W2,R3,SKU_A,4,262.0,67
63,W2,R3,SKU_B,4,262.0,67
64,Supplier,W1,SKU_A,5,291.0,69
64,Supplier,W2,SKU_B,6,262.0,70
64,Supplier,W2,SKU_A,6,262.0,70
64,Supplier,W1,SKU_B,5,291.0,69
64,W1,R1,SKU_A,2,195.0,66
64,W1,R2,SKU_A,3,128.0,67
64,W1,R1,SKU_B,2,195.0,66
64,W1,R2,SKU_B,3,128.0,67
64,W2,R3,SKU_A,4,300.0,68
64,W2,R3,SKU_B,4,300.0,68
65,Supplier,W1,SKU_A,5,300.0,70
65,Supplier,W2,SKU_B,6,300.0,71
65,Supplier,W2,SKU_A,6,300.0,71
65,Supplier,W1,SKU_B,5,300.0,70
65,W1,R1,SKU_A,2,200.0,67
65,W1,R2,SKU_A,3,100.0,68
65,W1,R1,SKU_B,2,200.0,67
65,W1,R2,SKU_B,3,100.0,68
65,W2,R3,SKU_A,4,295.0,69
65,W2,R3,SKU_B,4,295.0,69
66,Supplier,W1,SKU_A,5,356.0,71
66,Supplier,W1,SKU_B,5,356.0,71
66,Supplier,W2,SKU_A,6,295.0,72
66,Supplier,W2,SKU_B,6,295.0,72
66,W1,R1,SKU_A,2,179.0,68
66,W1,R1,SKU_B,2,179.0,68
66,W1,R2,SKU_A,3,149.0,69
66,W1,R2,SKU_B,3,149.0,69
66,W2,R3,SKU_A,4,185.0,70
66,W2,R3,SKU_B,4,185.0,70
67,Supplier,W1,SKU_A,5,288.0,72
67,Supplier,W2,SKU_B,6,185.0,73
67,Supplier,W2,SKU_A,6,185.0,73
67,Supplier,W1,SKU_B,5,288.0,72
67,W1,R1,SKU_A,2,100.0,69
67,W1,R2,SKU_A,3,83.0,70
67,W1,R1,SKU_B,2,100.0,69
67,W1,R2,SKU_B,3,83.0,70
67,W2,R3,SKU_A,4,200.0,71
67,W2,R3,SKU_B,4,200.0,71
68,Supplier,W1,SKU_A,5,200.0,73
68,Supplier,W2,SKU_B,6,200.0,74
68,Supplier,W2,SKU_A,6,200.0,74
68,Supplier,W1,SKU_B,5,200.0,73
68,W1,R1,SKU_A,2,140.0,70
68,W1,R2,SKU_A,3,83.0,71
68,W1,R1,SKU_B,2,140.0,70
68,W1,R2,SKU_B,3,83.0,71
68,W2,R3,SKU_A,4,229.0,72
68,W2,R3,SKU_B,4,229.0,72
69,Supplier,W1,SKU_A,5,200.0,74
69,Supplier,W1,SKU_B,5,200.0,74
69,Supplier,W2,SKU_A,6,229.0,75
69,Supplier,W2,SKU_B,6,229.0,75
69,W1,R1,SKU_A,2,137.0,71
69,W1,R2,SKU_A,3,63.0,72
69,W1,R1,SKU_B,2,137.0,71
69,W1,R2,SKU_B,3,63.0,72
69,W2,R3,SKU_A,4,172.0,73
69,W2,R3,SKU_B,4,172.0,73
70,Supplier,W2,SKU_A,6,172.0,76
70,Supplier,W1,SKU_A,5,200.0,75
70,Supplier,W2,SKU_B,6,172.0,76
70,Supplier,W1,SKU_B,5,200.0,75
70,W1,R1,SKU_A,2,155.0,72
70,W1,R2,SKU_A,3,67.0,73
70,W1,R1,SKU_B,2,155.0,72
70,W1,R2,SKU_B,3,67.0,73
70,W2,R3,SKU_A,4,200.0,74
70,W2,R3,SKU_B,4,200.0,74
71,Supplier,W2,SKU_A,6,200.0,77
71,Supplier,W1,SKU_A,5,228.0,76
71,Supplier,W2,SKU_B,6,200.0,77
71,Supplier,W1,SKU_B,5,228.0,76
71,W1,R1,SKU_A,2,200.0,73
71,W1,R2,SKU_A,3,100.0,74
71,W1,R1,SKU_B,2,200.0,73
71,W1,R2,SKU_B,3,100.0,74
71,W2,R3,SKU_A,4,327.0,75
71,W2,R3,SKU_B,4,327.0,75
72,Supplier,W2,SKU_A,6,327.0,78
72,Supplier,W1,SKU_A,5,300.0,77
72,Supplier,W2,SKU_B,6,327.0,78
72,Supplier,W1,SKU_B,5,300.0,77
72,W1,R1,SKU_A,2,233.0,74
72,W1,R1,SKU_B,2,233.0,74
72,W1,R2,SKU_A,3,100.0,75
72,W1,R2,SKU_B,3,100.0,75
72,W2,R3,SKU_A,4,333.0,76
72,W2,R3,SKU_B,4,333.0,76
73,Supplier,W2,SKU_A,6,333.0,79
73,Supplier,W1,SKU_A,5,352.0,78
73,Supplier,W2,SKU_B,6,333.0,79
73,Supplier,W1,SKU_B,5,352.0,78
73,W1,R1,SKU_A,2,127.0,75
73,W1,R2,SKU_A,3,100.0,76
73,W1,R1,SKU_B,2,127.0,75
73,W1,R2,SKU_B,3,100.0,76
73,W2,R3,SKU_A,4,246.0,77
73,W2,R3,SKU_B,4,246.0,77
74,Supplier,W1,SKU_A,5,200.0,79
74,Supplier,W2,SKU_B,6,246.0,80
74,Supplier,W2,SKU_A,6,246.0,80
74,Supplier,W1,SKU_B,5,200.0,79
74,W1,R1,SKU_A,2,146.0,76
74,W1,R2,SKU_A,3,100.0,77
74,W1,R1,SKU_B,2,146.0,76
74,W1,R2,SKU_B,3,100.0,77
74,W2,R3,SKU_A,4,200.0,78
74,W2,R3,SKU_B,4,200.0,78
75,Supplier,W2,SKU_A,6,200.0,81
75,Supplier,W1,SKU_A,5,261.0,80
75,Supplier,W2,SKU_B,6,200.0,81
75,Supplier,W1,SKU_B,5,261.0,80
75,W1,R1,SKU_A,2,100.0,77
75,W1,R2,SKU_A,3,79.0,78
75,W1,R1,SKU_B,2,100.0,77
75,W1,R2,SKU_B,3,79.0,78
75,W2,R3,SKU_A,4,251.0,79
75,W2,R3,SKU_B,4,251.0,79
76,Supplier,W2,SKU_A,6,251.0,82
76,Supplier,W1,SKU_A,5,188.0,81
76,Supplier,W2,SKU_B,6,251.0,82
76,Supplier,W1,SKU_B,5,188.0,81
76,W1,R1,SKU_A,2,161.0,78
76,W1,R2,SKU_A,3,65.0,79
76,W1,R1,SKU_B,2,161.0,78
76,W1,R2,SKU_B,3,65.0,79
76,W2,R3,SKU_A,4,200.0,80
76,W2,R3,SKU_B,4,200.0,80
77,Supplier,W1,SKU_A,5,200.0,82
77,Supplier,W2,SKU_B,6,200.0,83
77,Supplier,W2,SKU_A,6,200.0,83
77,Supplier,W1,SKU_B,5,200.0,82
77,W1,R1,SKU_A,2,161.0,79
77,W1,R2,SKU_A,3,86.0,80
77,W1,R1,SKU_B,2,161.0,79
77,W1,R2,SKU_B,3,86.0,80
77,W2,R3,SKU_A,4,242.0,81
77,W2,R3,SKU_B,4,242.0,81
78,Supplier,W1,SKU_A,5,257.0,83
78,Supplier,W1,SKU_B,5,257.0,83
78,Supplier,W2,SKU_A,6,242.0,84
78,Supplier,W2,SKU_B,6,242.0,84
78,W1,R1,SKU_A,2,200.0,80
78,W1,R2,SKU_A,3,146.0,81
78,W1,R1,SKU_B,2,200.0,80
78,W1,R2,SKU_B,3,146.0,81
78,W2,R3,SKU_A,4,289.0,82
78,W2,R3,SKU_B,4,289.0,82
79,Supplier,W1,SKU_A,5,357.0,84
79,Supplier,W2,SKU_B,6,289.0,85
79,Supplier,W2,SKU_A,6,289.0,85
79,Supplier,W1,SKU_B,5,357.0,84
79,W1,R1,SKU_A,2,200.0,81
79,W1,R2,SKU_A,3,100.0,82
79,W1,R1,SKU_B,2,200.0,81
79,W1,R2,SKU_B,3,100.0,82
79,W2,R3,SKU_A,4,300.0,83
79,W2,R3,SKU_B,4,300.0,83
80,Supplier,W1,SKU_A,5,334.0,85
80,Supplier,W2,SKU_B,6,300.0,86
80,Supplier,W2,SKU_A,6,300.0,86
80,Supplier,W1,SKU_B,5,334.0,85
80,W1,R1,SKU_A,2,180.0,82
80,W1,R1,SKU_B,2,180.0,82
80,W1,R2,SKU_A,3,100.0,83
80,W1,R2,SKU_B,3,100.0,83
80,W2,R3,SKU_A,4,200.0,84
80,W2,R3,SKU_B,4,200.0,84
81,Supplier,W2,SKU_A,6,200.0,87
81,Supplier,W1,SKU_A,5,241.0,86
81,Supplier,W2,SKU_B,6,200.0,87
81,Supplier,W1,SKU_B,5,241.0,86
81,W1,R1,SKU_A,2,129.0,83
81,W1,R2,SKU_A,3,84.0,84
81,W1,R1,SKU_B,2,129.0,83
81,W1,R2,SKU_B,3,84.0,84
81,W2,R3,SKU_A,4,241.0,85
81,W2,R3,SKU_B,4,241.0,85
82,Supplier,W2,SKU_A,6,241.0,88
82,Supplier,W1,SKU_A,5,200.0,87
82,Supplier,W2,SKU_B,6,241.0,88
82,Supplier,W1,SKU_B,5,200.0,87
82,W1,R1,SKU_A,2,138.0,84
82,W1,R2,SKU_A,3,84.0,85
82,W1,R1,SKU_B,2,138.0,84
82,W1,R2,SKU_B,3,84.0,85
82,W2,R3,SKU_A,4,242.0,86
82,W2,R3,SKU_B,4,242.0,86
83,Supplier,W2,SKU_A,6,242.0,89
83,Supplier,W1,SKU_A,5,229.0,88
83,Supplier,W2,SKU_B,6,242.0,89
83,Supplier,W1,SKU_B,5,229.0,88
83,W1,R1,SKU_A,2,125.0,85
83,W1,R2,SKU_A,3,70.0,86
83,W1,R1,SKU_B,2,125.0,85
83,W1,R2,SKU_B,3,70.0,86
83,W2,R3,SKU_A,4,200.0,87
83,W2,R3,SKU_B,4,200.0,87
84,Supplier,W1,SKU_A,5,195.0,89
84,Supplier,W2,SKU_B,6,200.0,90
84,Supplier,W2,SKU_A,6,200.0,90
84,Supplier,W1,SKU_B,5,195.0,89
84,W1,R1,SKU_A,2,195.0,86
84,W1,R2,SKU_A,3,82.0,87
84,W1,R1,SKU_B,2,195.0,86
84,W1,R2,SKU_B,3,82.0,87
84,W2,R3,SKU_A,4,300.0,88
84,W2,R3,SKU_B,4,300.0,88
85,Supplier,W2,SKU_A,6,300.0,91
85,Supplier,W1,SKU_A,5,277.0,90
85,Supplier,W2,SKU_B,6,300.0,91
85,Supplier,W1,SKU_B,5,277.0,90
85,W1,R1,SKU_A,2,200.0,87
85,W1,R2,SKU_A,3,100.0,88
85,W1,R1,SKU_B,2,200.0,87
85,W1,R2,SKU_B,3,100.0,88
85,W2,R3,SKU_A,4,363.0,89
85,W2,R3,SKU_B,4,363.0,89
86,Supplier,W2,SKU_A,6,363.0,92
86,Supplier,W1,SKU_A,5,336.0,91
86,Supplier,W2,SKU_B,6,363.0,92
86,Supplier,W1,SKU_B,5,336.0,91
86,W1,R1,SKU_A,2,240.0,88
86,W1,R1,SKU_B,2,240.0,88
86,W1,R2,SKU_A,3,134.0,89
86,W1,R2,SKU_B,3,134.0,89
86,W2,R3,SKU_A,4,300.0,90
86,W2,R3,SKU_B,4,300.0,90
87,Supplier,W1,SKU_A,5,338.0,92
87,Supplier,W2,SKU_B,6,300.0,93
87,Supplier,W2,SKU_A,6,300.0,93
87,Supplier,W1,SKU_B,5,338.0,92
87,W1,R1,SKU_A,2,125.0,89
87,W1,R2,SKU_A,3,72.0,90
87,W1,R1,SKU_B,2,125.0,89
87,W1,R2,SKU_B,3,72.0,90
87,W2,R3,SKU_A,4,200.0,91
87,W2,R3,SKU_B,4,200.0,91
88,Supplier,W2,SKU_A,6,235.0,94
88,Supplier,W1,SKU_A,5,197.0,93
88,Supplier,W2,SKU_B,6,235.0,94
88,Supplier,W1,SKU_B,5,197.0,93
88,W1,R1,SKU_A,2,100.0,90
88,W1,R2,SKU_A,3,67.0,91
88,W1,R1,SKU_B,2,100.0,90
88,W1,R2,SKU_B,3,67.0,91
88,W2,R3,SKU_A,4,200.0,92
88,W2,R3,SKU_B,4,200.0,92
89,Supplier,W1,SKU_A,5,172.0,94
89,Supplier,W2,SKU_B,6,169.0,95
89,Supplier,W2,SKU_A,6,169.0,95
89,Supplier,W1,SKU_B,5,172.0,94
89,W1,R1,SKU_A,2,141.0,91
89,W1,R2,SKU_A,3,74.0,92
89,W1,R1,SKU_B,2,141.0,91
89,W1,R2,SKU_B,3,74.0,92
89,W2,R3,SKU_A,4,200.0,93
89,W2,R3,SKU_B,4,200.0,93
