t_ship,parent,child,sku,lead_time,qty
1,Supplier,W1,SKU_A,5,2248
1,Supplier,W1,SKU_B,5,376
1,Supplier,W1,SKU_C,5,513
1,Supplier,W1,SKU_D,5,485
1,Supplier,W1,SKU_E,5,473
1,Supplier,W2,SKU_A,6,1407
1,Supplier,W2,SKU_B,6,269
1,Supplier,W2,SKU_C,6,1151
1,Supplier,W2,SKU_E,6,313
1,W1,R1,SKU_A,2,426
1,W1,R1,SKU_B,2,351
1,W1,R1,SKU_C,2,412
1,W1,R1,SKU_D,2,584
1,W1,R1,SKU_E,2,129
1,W1,R2,SKU_A,3,502
1,W1,R2,SKU_B,3,92
1,W1,R2,SKU_D,3,160
1,W1,R2,SKU_E,3,321
1,W2,R3,SKU_A,4,1260
1,W2,R3,SKU_B,4,79
1,W2,R3,SKU_C,4,584
1,W2,R3,SKU_D,4,2
1,W2,R3,SKU_E,4,648
3,W1,R2,SKU_A,3,307
3,W1,R2,SKU_B,3,145
3,W1,R2,SKU_C,3,114
3,W1,R2,SKU_D,3,40
3,W1,R2,SKU_E,3,104
4,Supplier,W1,SKU_A,5,1134
4,Supplier,W1,SKU_B,5,457
4,Supplier,W1,SKU_C,5,695
4,Supplier,W1,SKU_D,5,532
4,Supplier,W1,SKU_E,5,391
4,Supplier,W2,SKU_A,6,1045
4,Supplier,W2,SKU_B,6,237
4,Supplier,W2,SKU_C,6,546
4,Supplier,W2,SKU_E,6,655
4,W1,R1,SKU_A,2,501
4,W1,R1,SKU_B,2,163
4,W1,R1,SKU_C,2,378
4,W1,R1,SKU_D,2,41
4,W1,R1,SKU_E,2,195
4,W2,R3,SKU_A,4,589
4,W2,R3,SKU_B,4,237
4,W2,R3,SKU_C,4,483
4,W2,R3,SKU_D,4,397
6,W1,R2,SKU_B,3,208
6,W1,R2,SKU_C,3,234
6,W1,R2,SKU_A,3,266
6,W1,R2,SKU_D,3,90
6,W1,R2,SKU_E,3,71
7,Supplier,W1,SKU_D,5,707
7,Supplier,W1,SKU_B,5,204
7,Supplier,W1,SKU_A,5,128
7,Supplier,W1,SKU_C,5,135
7,Supplier,W1,SKU_E,5,116
7,Supplier,W2,SKU_A,6,1612
7,Supplier,W2,SKU_B,6,91
7,Supplier,W2,SKU_C,6,326
7,Supplier,W2,SKU_E,6,1053
8,W1,R1,SKU_A,2,473
8,W1,R1,SKU_B,2,349
8,W1,R1,SKU_D,2,395
8,W1,R1,SKU_E,2,231
8,W1,R1,SKU_C,2,350
8,W1,R2,SKU_A,3,205
8,W1,R2,SKU_B,3,10
8,W1,R2,SKU_C,3,118
8,W1,R2,SKU_E,3,171
8,W2,R3,SKU_B,4,262
8,W2,R3,SKU_A,4,1407
8,W2,R3,SKU_C,4,680
8,W2,R3,SKU_D,4,263
8,W2,R3,SKU_E,4,313
9,Supplier,W1,SKU_A,5,725
9,Supplier,W1,SKU_B,5,408
9,Supplier,W1,SKU_C,5,320
9,Supplier,W1,SKU_D,5,562
9,Supplier,W1,SKU_E,5,320
9,Supplier,W2,SKU_B,6,225
9,Supplier,W2,SKU_D,6,283
9,Supplier,W2,SKU_C,6,71
9,Supplier,W2,SKU_E,6,554
9,W1,R2,SKU_A,3,65
9,W1,R2,SKU_B,3,177
9,W1,R2,SKU_C,3,55
9,W1,R2,SKU_D,3,49
9,W1,R2,SKU_E,3,2
11,W1,R1,SKU_D,2,483
11,W1,R1,SKU_A,2,119
11,W1,R1,SKU_C,2,76
11,W1,R1,SKU_E,2,19
11,W1,R2,SKU_A,3,312
11,W1,R2,SKU_C,3,132
11,W1,R2,SKU_E,3,95
11,W1,R2,SKU_B,3,20
11,W2,R3,SKU_A,4,951
11,W2,R3,SKU_B,4,133
11,W2,R3,SKU_D,4,212
11,W2,R3,SKU_E,4,655
12,Supplier,W1,SKU_C,5,766
12,Supplier,W1,SKU_A,5,497
12,Supplier,W1,SKU_E,5,165
12,Supplier,W1,SKU_B,5,40
12,Supplier,W1,SKU_D,5,287
12,Supplier,W2,SKU_A,6,36
12,Supplier,W2,SKU_C,6,553
12,Supplier,W2,SKU_E,6,1249
12,Supplier,W2,SKU_B,6,164
12,Supplier,W2,SKU_D,6,170
12,W1,R2,SKU_B,3,34
12,W1,R2,SKU_D,3,707
12,W1,R2,SKU_E,3,20
13,W2,R3,SKU_B,4,161
13,W2,R3,SKU_C,4,297
13,W2,R3,SKU_D,4,128
13,W2,R3,SKU_E,4,1053
14,W1,R1,SKU_A,2,711
14,W1,R1,SKU_B,2,238
14,W1,R1,SKU_C,2,436
14,W1,R1,SKU_E,2,324
14,W1,R2,SKU_A,3,331
14,W1,R2,SKU_B,3,226
14,W1,R2,SKU_C,3,170
14,W1,R2,SKU_E,3,169
14,W1,R2,SKU_D,3,562
15,Supplier,W1,SKU_A,5,1139
15,Supplier,W1,SKU_B,5,878
15,Supplier,W1,SKU_E,5,607
15,Supplier,W1,SKU_C,5,69
15,Supplier,W2,SKU_B,6,387
15,Supplier,W2,SKU_D,6,602
15,Supplier,W2,SKU_C,6,345
15,Supplier,W2,SKU_A,6,252
15,W2,R3,SKU_B,4,203
15,W2,R3,SKU_C,4,417
15,W2,R3,SKU_D,4,327
15,W2,R3,SKU_E,4,554
17,W1,R2,SKU_A,3,368
17,W1,R2,SKU_C,3,139
17,W1,R2,SKU_B,3,66
17,W1,R2,SKU_E,3,120
17,W1,R2,SKU_D,3,174
18,Supplier,W1,SKU_C,5,576
18,Supplier,W1,SKU_A,5,193
18,Supplier,W2,SKU_A,6,1113
18,Supplier,W2,SKU_C,6,231
18,W1,R1,SKU_B,2,168
18,W1,R1,SKU_A,2,310
18,W1,R1,SKU_C,2,114
18,W1,R1,SKU_E,2,59
18,W2,R3,SKU_A,4,1107
18,W2,R3,SKU_B,4,136
18,W2,R3,SKU_C,4,159
18,W2,R3,SKU_D,4,170
18,W2,R3,SKU_E,4,517
20,W1,R2,SKU_B,3,270
20,W1,R2,SKU_A,3,194
20,W1,R2,SKU_C,3,73
20,W1,R2,SKU_E,3,106
21,Supplier,W1,SKU_A,5,1382
21,Supplier,W1,SKU_E,5,457
21,Supplier,W1,SKU_B,5,130
21,Supplier,W1,SKU_C,5,106
21,Supplier,W2,SKU_B,6,364
21,Supplier,W2,SKU_C,6,534
21,Supplier,W2,SKU_D,6,674
21,Supplier,W2,SKU_A,6,68
21,W1,R1,SKU_C,2,383
21,W1,R1,SKU_E,2,277
21,W1,R1,SKU_A,2,440
21,W1,R1,SKU_B,2,93
21,W2,R3,SKU_B,4,280
21,W2,R3,SKU_C,4,642
21,W2,R3,SKU_A,4,72
21,W2,R3,SKU_D,4,485
22,W1,R2,SKU_A,3,318
22,W1,R2,SKU_C,3,123
22,W1,R2,SKU_E,3,92
22,W1,R2,SKU_B,3,24
24,Supplier,W1,SKU_B,5,718
24,Supplier,W1,SKU_C,5,775
24,Supplier,W1,SKU_E,5,103
24,Supplier,W1,SKU_A,5,51
24,Supplier,W2,SKU_A,6,1139
24,Supplier,W2,SKU_B,6,82
24,Supplier,W2,SKU_C,6,201
24,W1,R1,SKU_A,2,385
24,W1,R1,SKU_B,2,360
24,W1,R1,SKU_D,2,113
24,W1,R1,SKU_C,2,60
24,W1,R1,SKU_E,2,29
24,W1,R2,SKU_A,3,95
24,W1,R2,SKU_B,3,149
24,W1,R2,SKU_C,3,45
24,W1,R2,SKU_E,3,85
24,W2,R3,SKU_A,4,1139
24,W2,R3,SKU_B,4,194
24,W2,R3,SKU_C,4,76
24,W2,R3,SKU_D,4,40
27,Supplier,W1,SKU_A,5,1122
27,Supplier,W1,SKU_D,5,966
27,Supplier,W1,SKU_E,5,358
27,Supplier,W2,SKU_B,6,308
27,Supplier,W2,SKU_C,6,442
27,Supplier,W2,SKU_D,6,286
27,W1,R1,SKU_C,2,407
27,W1,R1,SKU_E,2,190
27,W1,R1,SKU_A,2,250
27,W1,R2,SKU_A,3,463
27,W1,R2,SKU_C,3,238
27,W1,R2,SKU_E,3,138
27,W1,R2,SKU_B,3,158
27,W2,R3,SKU_C,4,601
27,W2,R3,SKU_D,4,544
27,W2,R3,SKU_B,4,145
30,Supplier,W1,SKU_B,5,538
30,Supplier,W1,SKU_C,5,661
30,Supplier,W1,SKU_D,5,428
30,Supplier,W1,SKU_E,5,192
30,Supplier,W1,SKU_A,5,220
30,Supplier,W2,SKU_A,6,1055
30,Supplier,W2,SKU_C,6,287
30,Supplier,W2,SKU_B,6,72
30,Supplier,W2,SKU_D,6,71
30,W1,R1,SKU_A,2,725
30,W1,R1,SKU_B,2,191
30,W1,R1,SKU_C,2,170
30,W1,R1,SKU_E,2,101
30,W1,R2,SKU_B,3,279
30,W1,R2,SKU_C,3,64
30,W1,R2,SKU_E,3,131
30,W1,R2,SKU_A,3,101
30,W2,R3,SKU_A,4,1055
30,W2,R3,SKU_B,4,328
30,W2,R3,SKU_C,4,90
33,Supplier,W1,SKU_A,5,1078
33,Supplier,W1,SKU_D,5,1179
33,Supplier,W1,SKU_E,5,263
33,Supplier,W1,SKU_B,5,35
33,Supplier,W1,SKU_C,5,62
33,Supplier,W2,SKU_B,6,324
33,Supplier,W2,SKU_D,6,468
33,Supplier,W2,SKU_C,6,284
33,Supplier,W2,SKU_A,6,8
33,W1,R1,SKU_C,2,269
33,W1,R1,SKU_E,2,153
33,W1,R1,SKU_B,2,82
33,W1,R1,SKU_D,2,966
33,W1,R2,SKU_A,3,466
33,W1,R2,SKU_C,3,200
33,W1,R2,SKU_E,3,64
33,W1,R2,SKU_B,3,12
33,W2,R3,SKU_C,4,544
33,W2,R3,SKU_D,4,451
33,W2,R3,SKU_A,4,8
33,W2,R3,SKU_B,4,21
36,Supplier,W1,SKU_B,5,787
36,Supplier,W1,SKU_C,5,976
36,Supplier,W1,SKU_E,5,261
36,Supplier,W1,SKU_A,5,247
36,Supplier,W2,SKU_A,6,1128
36,Supplier,W2,SKU_C,6,505
36,Supplier,W2,SKU_B,6,80
36,Supplier,W2,SKU_D,6,37
36,W1,R1,SKU_A,2,933
36,W1,R1,SKU_B,2,387
36,W1,R1,SKU_C,2,409
36,W1,R1,SKU_D,2,428
36,W1,R1,SKU_E,2,156
36,W1,R2,SKU_B,3,358
36,W1,R2,SKU_E,3,172
36,W1,R2,SKU_C,3,76
36,W1,R2,SKU_A,3,20
36,W2,R3,SKU_A,4,1128
36,W2,R3,SKU_B,4,482
36,W2,R3,SKU_C,4,152
36,W2,R3,SKU_D,4,52
39,Supplier,W1,SKU_A,5,1421
39,Supplier,W1,SKU_E,5,295
39,Supplier,W2,SKU_B,6,416
39,Supplier,W2,SKU_D,6,869
39,Supplier,W2,SKU_C,6,194
39,Supplier,W2,SKU_A,6,101
39,W1,R2,SKU_A,3,566
39,W1,R2,SKU_C,3,230
39,W1,R2,SKU_E,3,76
39,W1,R2,SKU_B,3,6
39,W2,R3,SKU_C,4,684
39,W2,R3,SKU_D,4,529
39,W2,R3,SKU_A,4,101
40,W1,R1,SKU_C,2,296
40,W1,R1,SKU_D,2,851
40,W1,R1,SKU_E,2,236
40,W1,R1,SKU_A,2,102
40,W1,R1,SKU_B,2,57
41,W1,R2,SKU_B,3,230
41,W1,R2,SKU_D,3,63
41,W1,R2,SKU_E,3,130
41,W1,R2,SKU_C,3,5
42,Supplier,W1,SKU_B,5,812
42,Supplier,W1,SKU_C,5,681
42,Supplier,W1,SKU_E,5,267
42,Supplier,W1,SKU_A,5,37
42,Supplier,W2,SKU_A,6,1391
42,Supplier,W2,SKU_C,6,800
42,Supplier,W2,SKU_B,6,32
42,W2,R3,SKU_A,4,1391
42,W2,R3,SKU_B,4,321
42,W2,R3,SKU_E,4,130
42,W2,R3,SKU_C,4,135
42,W2,R3,SKU_D,4,37
43,W1,R1,SKU_A,2,1045
43,W1,R1,SKU_B,2,484
43,W1,R1,SKU_C,2,496
43,W1,R1,SKU_E,2,40
43,W1,R2,SKU_A,3,120
43,W1,R2,SKU_B,3,105
43,W1,R2,SKU_C,3,196
43,W1,R2,SKU_D,3,165
43,W1,R2,SKU_E,3,115
45,Supplier,W1,SKU_A,5,1833
45,Supplier,W1,SKU_C,5,507
45,Supplier,W1,SKU_E,5,493
45,Supplier,W1,SKU_B,5,116
45,Supplier,W2,SKU_B,6,489
45,Supplier,W2,SKU_D,6,648
45,Supplier,W2,SKU_C,6,53
45,W1,R2,SKU_A,3,385
45,W1,R2,SKU_B,3,21
45,W1,R2,SKU_C,3,221
45,W1,R2,SKU_D,3,100
45,W1,R2,SKU_E,3,127
45,W2,R3,SKU_C,4,879
45,W2,R3,SKU_E,4,504
45,W2,R3,SKU_B,4,164
45,W2,R3,SKU_D,4,780
46,W1,R1,SKU_E,2,302
46,W1,R1,SKU_C,2,58
47,W1,R2,SKU_A,3,60
47,W1,R2,SKU_B,3,523
47,W1,R2,SKU_C,3,13
47,W1,R2,SKU_E,3,66
48,Supplier,W1,SKU_B,5,1268
48,Supplier,W1,SKU_C,5,493
48,Supplier,W1,SKU_E,5,74
48,Supplier,W2,SKU_A,6,1136
48,Supplier,W2,SKU_C,6,841
48,Supplier,W2,SKU_E,6,308
48,W2,R3,SKU_A,4,1136
48,W2,R3,SKU_B,4,301
49,W1,R1,SKU_A,2,1031
49,W1,R1,SKU_B,2,289
49,W1,R1,SKU_C,2,598
49,W1,R1,SKU_E,2,29
49,W1,R2,SKU_A,3,356
49,W1,R2,SKU_C,3,70
49,W1,R2,SKU_E,3,158
50,Supplier,W1,SKU_A,5,678
50,Supplier,W1,SKU_C,5,1003
50,Supplier,W1,SKU_D,5,452
50,Supplier,W1,SKU_E,5,389
51,Supplier,W2,SKU_B,6,270
51,Supplier,W2,SKU_E,6,246
51,Supplier,W2,SKU_A,6,204
51,Supplier,W2,SKU_C,6,146
51,W2,R3,SKU_C,4,980
51,W2,R3,SKU_E,4,98
51,W2,R3,SKU_D,4,149
51,W2,R3,SKU_A,4,204
51,W2,R3,SKU_B,4,74
52,W1,R1,SKU_B,2,116
52,W1,R1,SKU_C,2,327
52,W1,R1,SKU_E,2,264
52,W1,R2,SKU_C,3,180
52,W1,R2,SKU_E,3,171
52,W1,R2,SKU_A,3,258
53,Supplier,W1,SKU_A,5,833
53,Supplier,W1,SKU_D,5,1698
53,Supplier,W1,SKU_B,5,757
53,Supplier,W1,SKU_C,5,663
53,Supplier,W1,SKU_E,5,121
53,Supplier,W2,SKU_A,6,420
53,Supplier,W2,SKU_C,6,205
53,Supplier,W2,SKU_D,6,127
53,Supplier,W2,SKU_E,6,695
53,W1,R2,SKU_A,3,18
53,W1,R2,SKU_B,3,321
53,W1,R2,SKU_C,3,260
54,W1,R1,SKU_A,2,359
54,W1,R1,SKU_B,2,859
54,W1,R1,SKU_C,2,233
54,W2,R3,SKU_A,4,895
54,W2,R3,SKU_B,4,270
54,W2,R3,SKU_D,4,369
54,W2,R3,SKU_E,4,308
55,W1,R2,SKU_A,3,301
55,W1,R2,SKU_B,3,7
55,W1,R2,SKU_C,3,678
55,W1,R2,SKU_D,3,452
55,W1,R2,SKU_E,3,35
56,Supplier,W1,SKU_E,5,482
56,Supplier,W1,SKU_A,5,665
56,Supplier,W1,SKU_D,5,263
56,Supplier,W2,SKU_A,6,885
56,Supplier,W2,SKU_B,6,385
56,Supplier,W2,SKU_C,6,704
56,Supplier,W2,SKU_D,6,513
56,Supplier,W2,SKU_E,6,548
57,W1,R1,SKU_A,2,712
57,W1,R1,SKU_C,2,325
57,W1,R1,SKU_E,2,186
57,W1,R2,SKU_A,3,147
57,W1,R2,SKU_B,3,81
57,W1,R2,SKU_E,3,154
58,W1,R2,SKU_A,3,86
58,W1,R2,SKU_B,3,329
58,W1,R2,SKU_D,3,1698
58,W2,R3,SKU_A,4,956
58,W2,R3,SKU_B,4,301
58,W2,R3,SKU_C,4,1120
58,W2,R3,SKU_D,4,219
58,W2,R3,SKU_E,4,246
59,Supplier,W1,SKU_A,5,1108
59,Supplier,W1,SKU_C,5,523
59,Supplier,W1,SKU_B,5,124
59,Supplier,W1,SKU_D,5,127
59,Supplier,W1,SKU_E,5,33
59,Supplier,W2,SKU_E,6,774
59,Supplier,W2,SKU_A,6,381
59,Supplier,W2,SKU_C,6,287
59,Supplier,W2,SKU_D,6,317
60,W1,R1,SKU_C,2,535
60,W1,R1,SKU_E,2,58
60,W1,R1,SKU_A,2,126
61,W1,R2,SKU_A,3,589
61,W1,R2,SKU_E,3,138
61,W1,R2,SKU_D,3,263
61,W2,R3,SKU_D,4,127
61,W2,R3,SKU_E,4,695
61,W2,R3,SKU_A,4,51
62,Supplier,W1,SKU_B,5,524
62,Supplier,W1,SKU_E,5,417
62,Supplier,W1,SKU_A,5,312
62,Supplier,W1,SKU_C,5,416
62,Supplier,W2,SKU_A,6,677
62,Supplier,W2,SKU_B,6,184
62,Supplier,W2,SKU_C,6,574
62,Supplier,W2,SKU_D,6,1154
63,W1,R1,SKU_A,2,1008
63,W1,R1,SKU_E,2,186
63,W1,R1,SKU_B,2,27
63,W1,R1,SKU_C,2,120
63,W2,R3,SKU_A,4,665
63,W2,R3,SKU_B,4,122
63,W2,R3,SKU_D,4,513
63,W2,R3,SKU_E,4,548
63,W2,R3,SKU_C,4,117
64,W1,R2,SKU_B,3,364
64,W1,R2,SKU_E,3,105
64,W1,R2,SKU_A,3,99
64,W1,R2,SKU_D,3,127
65,Supplier,W1,SKU_A,5,1766
65,Supplier,W1,SKU_C,5,1036
65,Supplier,W1,SKU_B,5,374
65,Supplier,W1,SKU_E,5,61
65,Supplier,W2,SKU_A,6,703
65,Supplier,W2,SKU_B,6,200
65,Supplier,W2,SKU_C,6,193
65,W2,R3,SKU_A,4,289
65,W2,R3,SKU_B,4,146
65,W2,R3,SKU_C,4,339
65,W2,R3,SKU_D,4,317
65,W2,R3,SKU_E,4,766
66,W1,R1,SKU_B,2,161
66,W1,R1,SKU_C,2,529
66,W1,R1,SKU_E,2,54
67,W1,R2,SKU_A,3,566
67,W1,R2,SKU_C,3,229
67,W1,R2,SKU_E,3,128
68,Supplier,W1,SKU_B,5,1060
68,Supplier,W1,SKU_E,5,514
68,Supplier,W1,SKU_C,5,70
68,Supplier,W2,SKU_C,6,455
68,Supplier,W2,SKU_A,6,303
68,Supplier,W2,SKU_B,6,58
68,W2,R3,SKU_A,4,815
68,W2,R3,SKU_B,4,111
68,W2,R3,SKU_C,4,271
68,W2,R3,SKU_D,4,537
69,W1,R1,SKU_A,2,857
69,W1,R1,SKU_B,2,524
69,W1,R1,SKU_C,2,189
69,W1,R1,SKU_E,2,299
70,Supplier,W1,SKU_A,5,744
70,Supplier,W1,SKU_C,5,526
70,Supplier,W1,SKU_B,5,658
70,Supplier,W1,SKU_D,5,332
70,W1,R2,SKU_E,3,239
70,W1,R2,SKU_A,3,150
70,W1,R2,SKU_C,3,228
71,Supplier,W2,SKU_A,6,1675
71,Supplier,W2,SKU_B,6,420
71,Supplier,W2,SKU_C,6,836
71,W2,R3,SKU_B,4,348
71,W2,R3,SKU_C,4,1169
71,W2,R3,SKU_A,4,793
72,Supplier,W1,SKU_A,5,413
72,Supplier,W1,SKU_B,5,636
72,Supplier,W1,SKU_C,5,217
72,Supplier,W1,SKU_D,5,1461
72,Supplier,W1,SKU_E,5,268
72,W1,R1,SKU_B,2,374
72,W1,R1,SKU_C,2,799
72,W1,R1,SKU_A,2,149
73,W1,R2,SKU_A,3,620
73,W1,R2,SKU_C,3,9
73,W1,R2,SKU_E,3,98
73,W1,R2,SKU_B,3,598
74,Supplier,W1,SKU_A,5,616
74,Supplier,W1,SKU_B,5,585
74,Supplier,W1,SKU_C,5,879
74,Supplier,W1,SKU_D,5,876
74,Supplier,W1,SKU_E,5,161
75,W1,R1,SKU_A,2,882
75,W1,R1,SKU_B,2,462
75,W1,R1,SKU_C,2,144
75,W1,R1,SKU_E,2,233
75,W1,R1,SKU_D,2,332
75,W1,R2,SKU_E,3,81
75,W1,R2,SKU_B,3,658
75,W1,R2,SKU_C,3,452
75,W2,R3,SKU_A,4,901
75,W2,R3,SKU_D,4,439
75,W2,R3,SKU_B,4,79
76,Supplier,W1,SKU_A,5,391
76,Supplier,W1,SKU_C,5,27
76,Supplier,W1,SKU_D,5,1610
76,Supplier,W1,SKU_E,5,182
76,Supplier,W2,SKU_C,6,453
76,Supplier,W2,SKU_D,6,604
76,Supplier,W2,SKU_B,6,142
76,Supplier,W2,SKU_A,6,400
77,W1,R2,SKU_E,3,107
77,W1,R2,SKU_A,3,122
77,W1,R2,SKU_B,3,636
77,W1,R2,SKU_C,3,65
78,W1,R1,SKU_C,2,152
78,W1,R1,SKU_D,2,1461
78,W1,R1,SKU_A,2,189
78,W1,R1,SKU_E,2,50
78,W2,R3,SKU_B,4,520
78,W2,R3,SKU_C,4,701
78,W2,R3,SKU_A,4,864
78,W2,R3,SKU_D,4,170
79,Supplier,W1,SKU_A,5,1912
79,Supplier,W1,SKU_E,5,525
79,Supplier,W1,SKU_C,5,587
79,Supplier,W2,SKU_A,6,1356
79,Supplier,W2,SKU_B,6,474
79,Supplier,W2,SKU_C,6,465
79,Supplier,W2,SKU_D,6,8
79,Supplier,W2,SKU_E,6,16
80,W1,R2,SKU_A,3,797
80,W1,R2,SKU_E,3,259
80,W1,R2,SKU_B,3,4
81,W1,R1,SKU_A,2,869
81,W1,R1,SKU_C,2,906
81,W1,R1,SKU_D,2,2486
81,W1,R1,SKU_E,2,243
81,W1,R1,SKU_B,2,14
81,W2,R3,SKU_D,4,8
81,W2,R3,SKU_A,4,349
81,W2,R3,SKU_C,4,57
82,Supplier,W1,SKU_C,5,685
82,Supplier,W1,SKU_E,5,49
82,Supplier,W2,SKU_D,6,1271
82,Supplier,W2,SKU_E,6,473
82,Supplier,W2,SKU_C,6,263
83,W2,R3,SKU_A,4,461
83,W2,R3,SKU_B,4,258
83,W2,R3,SKU_C,4,488
83,W2,R3,SKU_D,4,604
83,W2,R3,SKU_E,4,8
84,Supplier,W2,SKU_A,6,589
84,Supplier,W2,SKU_B,6,328
84,Supplier,W2,SKU_C,6,537
84,Supplier,W2,SKU_E,6,56
84,W1,R1,SKU_B,2,567
84,W1,R1,SKU_A,2,61
84,W1,R1,SKU_C,2,110
84,W1,R1,SKU_E,2,41
84,W1,R2,SKU_E,3,184
84,W1,R2,SKU_A,3,82
84,W1,R2,SKU_C,3,477
85,Supplier,W1,SKU_A,5,1327
85,Supplier,W1,SKU_C,5,1002
85,Supplier,W1,SKU_E,5,752
85,Supplier,W1,SKU_B,5,314
86,Supplier,W2,SKU_A,6,498
86,Supplier,W2,SKU_C,6,325
86,Supplier,W2,SKU_E,6,861
86,Supplier,W2,SKU_B,6,58
86,Supplier,W2,SKU_D,6,86
86,W2,R3,SKU_A,4,1412
86,W2,R3,SKU_B,4,327
86,W2,R3,SKU_C,4,927
86,W2,R3,SKU_D,4,8
86,W2,R3,SKU_E,4,16
87,W1,R1,SKU_A,2,1231
87,W1,R1,SKU_E,2,369
87,W1,R1,SKU_C,2,607
87,W1,R2,SKU_A,3,669
87,W1,R2,SKU_E,3,101
87,W1,R2,SKU_C,3,54
88,Supplier,W1,SKU_B,5,731
88,Supplier,W1,SKU_A,5,251
88,Supplier,W2,SKU_A,6,275
88,Supplier,W2,SKU_B,6,170
88,Supplier,W2,SKU_C,6,197
88,Supplier,W2,SKU_D,6,986
88,Supplier,W2,SKU_E,6,804
88,W2,R3,SKU_D,4,1271
88,W2,R3,SKU_E,4,473
90,W1,R2,SKU_C,3,111
90,W1,R2,SKU_E,3,278
91,Supplier,W1,SKU_A,5,1695
91,Supplier,W1,SKU_C,5,1267
91,Supplier,W1,SKU_E,5,499
91,Supplier,W1,SKU_B,5,613
91,Supplier,W2,SKU_A,6,1204
91,Supplier,W2,SKU_B,6,341
91,Supplier,W2,SKU_C,6,991
91,Supplier,W2,SKU_E,6,307
91,W2,R3,SKU_B,4,449
91,W2,R3,SKU_A,4,486
91,W2,R3,SKU_C,4,582
91,W2,R3,SKU_E,4,56
92,W1,R1,SKU_B,2,314
92,W1,R1,SKU_C,2,867
92,W1,R1,SKU_A,2,352
92,W1,R1,SKU_E,2,103
93,Supplier,W1,SKU_B,5,1331
93,W1,R2,SKU_A,3,604
93,W1,R2,SKU_C,3,48
93,W2,R3,SKU_A,4,440
93,W2,R3,SKU_C,4,270
93,W2,R3,SKU_D,4,86
93,W2,R3,SKU_E,4,861
94,Supplier,W2,SKU_E,6,365
94,Supplier,W2,SKU_B,6,137
94,Supplier,W2,SKU_A,6,71
94,Supplier,W2,SKU_C,6,101
95,W1,R1,SKU_A,2,680
95,W1,R1,SKU_B,2,731
95,W1,R1,SKU_E,2,172
95,W2,R3,SKU_A,4,285
95,W2,R3,SKU_B,4,153
95,W2,R3,SKU_C,4,285
95,W2,R3,SKU_D,4,213
95,W2,R3,SKU_E,4,804
96,Supplier,W1,SKU_A,5,898
96,Supplier,W1,SKU_C,5,2049
96,Supplier,W1,SKU_B,5,1096
96,Supplier,W1,SKU_E,5,163
96,W1,R2,SKU_E,3,146
96,W1,R2,SKU_A,3,22
96,W1,R2,SKU_C,3,1023
97,Supplier,W2,SKU_A,6,1151
97,Supplier,W2,SKU_C,6,857
97,Supplier,W2,SKU_B,6,348
98,W1,R1,SKU_B,2,1471
98,W1,R1,SKU_C,2,244
98,W1,R1,SKU_A,2,345
98,W1,R1,SKU_E,2,101
98,W1,R2,SKU_A,3,310
98,W1,R2,SKU_B,3,473
98,W1,R2,SKU_E,3,62
98,W2,R3,SKU_A,4,1242
98,W2,R3,SKU_B,4,407
98,W2,R3,SKU_C,4,880
98,W2,R3,SKU_E,4,307
99,Supplier,W1,SKU_E,5,606
99,Supplier,W1,SKU_A,5,1007
99,Supplier,W1,SKU_B,5,253
101,Supplier,W2,SKU_A,6,1004
101,Supplier,W2,SKU_B,6,483
101,Supplier,W2,SKU_C,6,795
101,Supplier,W2,SKU_D,6,88
101,W1,R1,SKU_A,2,1120
101,W1,R1,SKU_E,2,300
101,W1,R1,SKU_C,2,2049
101,W1,R2,SKU_A,3,408
101,W1,R2,SKU_E,3,252
101,W1,R2,SKU_B,3,1096
101,W2,R3,SKU_D,4,550
101,W2,R3,SKU_A,4,272
101,W2,R3,SKU_B,4,133
101,W2,R3,SKU_C,4,212
101,W2,R3,SKU_E,4,280
102,Supplier,W1,SKU_C,5,1993
102,Supplier,W1,SKU_A,5,771
102,Supplier,W1,SKU_D,5,53
102,Supplier,W1,SKU_E,5,136
104,Supplier,W2,SKU_D,6,735
104,Supplier,W2,SKU_A,6,206
104,Supplier,W2,SKU_C,6,123
104,W1,R2,SKU_A,3,220
104,W1,R2,SKU_B,3,253
104,W1,R2,SKU_E,3,163
104,W2,R3,SKU_A,4,1176
104,W2,R3,SKU_B,4,326
104,W2,R3,SKU_C,4,807
104,W2,R3,SKU_D,4,109
105,Supplier,W1,SKU_A,5,962
105,Supplier,W1,SKU_D,5,1557
105,Supplier,W1,SKU_E,5,524
106,Supplier,W2,SKU_A,6,931
106,Supplier,W2,SKU_B,6,184
106,Supplier,W2,SKU_C,6,802
106,W1,R1,SKU_E,2,223
106,W1,R1,SKU_A,2,561
107,W1,R2,SKU_A,3,602
107,W1,R2,SKU_E,3,87
107,W1,R2,SKU_C,3,61
107,W2,R3,SKU_D,4,202
107,W2,R3,SKU_A,4,400
107,W2,R3,SKU_B,4,95
107,W2,R3,SKU_C,4,595
108,Supplier,W1,SKU_A,5,1161
108,Supplier,W1,SKU_B,5,395
108,Supplier,W1,SKU_D,5,788
108,Supplier,W1,SKU_E,5,21
108,Supplier,W2,SKU_B,6,132
108,Supplier,W2,SKU_D,6,1139
108,Supplier,W2,SKU_A,6,149
109,W1,R1,SKU_A,2,617
109,W1,R1,SKU_C,2,537
109,W1,R1,SKU_D,2,53
109,W1,R1,SKU_E,2,73
110,Supplier,W1,SKU_B,5,156
110,Supplier,W1,SKU_D,5,1212
110,Supplier,W1,SKU_E,5,301
110,Supplier,W1,SKU_A,5,110
110,Supplier,W2,SKU_A,6,647
110,Supplier,W2,SKU_B,6,195
110,Supplier,W2,SKU_C,6,522
110,Supplier,W2,SKU_D,6,457
110,W1,R2,SKU_C,3,351
110,W1,R2,SKU_E,3,248
110,W1,R2,SKU_A,3,73
110,W1,R2,SKU_D,3,728
110,W2,R3,SKU_A,4,1025
110,W2,R3,SKU_B,4,472
110,W2,R3,SKU_C,4,288
110,W2,R3,SKU_D,4,735
112,W1,R1,SKU_D,2,829
112,W1,R1,SKU_E,2,235
112,W1,R1,SKU_A,2,569
113,Supplier,W1,SKU_A,5,2332
113,Supplier,W1,SKU_B,5,1475
113,Supplier,W1,SKU_C,5,318
113,Supplier,W1,SKU_E,5,368
113,Supplier,W2,SKU_A,6,1192
113,Supplier,W2,SKU_B,6,356
113,Supplier,W2,SKU_C,6,920
113,Supplier,W2,SKU_E,6,59
113,W1,R2,SKU_A,3,924
113,W1,R2,SKU_C,3,184
113,W1,R2,SKU_B,3,358
113,W1,R2,SKU_D,3,788
113,W1,R2,SKU_E,3,77
113,W2,R3,SKU_C,4,1229
113,W2,R3,SKU_A,4,618
113,W2,R3,SKU_B,4,56
115,W1,R1,SKU_A,2,809
115,W1,R1,SKU_B,2,193
115,W1,R1,SKU_C,2,801
115,W1,R1,SKU_E,2,134
115,W1,R2,SKU_C,3,59
115,W1,R2,SKU_E,3,145
115,W1,R2,SKU_D,3,1212
115,W2,R3,SKU_A,4,357
115,W2,R3,SKU_B,4,283
115,W2,R3,SKU_D,4,1139
115,W2,R3,SKU_E,4,23
116,Supplier,W1,SKU_C,5,2449
116,Supplier,W1,SKU_E,5,340
116,Supplier,W2,SKU_D,6,149
116,Supplier,W2,SKU_E,6,549
116,Supplier,W2,SKU_B,6,162
116,Supplier,W2,SKU_A,6,157
116,Supplier,W2,SKU_C,6,71
118,W1,R1,SKU_E,2,162
118,W1,R1,SKU_A,2,73
118,W1,R1,SKU_B,2,780
118,W1,R1,SKU_C,2,318
118,W1,R2,SKU_E,3,157
118,W1,R2,SKU_A,3,73
118,W1,R2,SKU_B,3,127
118,W2,R3,SKU_A,4,769
118,W2,R3,SKU_C,4,88
118,W2,R3,SKU_D,4,457
118,W2,R3,SKU_E,4,62
118,W2,R3,SKU_B,4,110
119,Supplier,W2,SKU_A,6,1551
119,Supplier,W2,SKU_C,6,578
119,Supplier,W2,SKU_B,6,314
119,Supplier,W2,SKU_E,6,490
120,Supplier,W1,SKU_A,5,1610
120,Supplier,W1,SKU_B,5,219
120,Supplier,W1,SKU_E,5,532
120,Supplier,W1,SKU_C,5,375
121,Supplier,W2,SKU_B,6,115
121,Supplier,W2,SKU_C,6,486
121,Supplier,W2,SKU_E,6,1046
121,Supplier,W2,SKU_D,6,34
121,W1,R1,SKU_A,2,1451
121,W1,R1,SKU_E,2,184
121,W1,R1,SKU_C,2,839
121,W1,R2,SKU_A,3,669
121,W1,R2,SKU_E,3,160
121,W1,R2,SKU_B,3,19
121,W1,R2,SKU_C,3,1610
121,W2,R3,SKU_A,4,1192
121,W2,R3,SKU_B,4,557
121,W2,R3,SKU_C,4,1354
121,W2,R3,SKU_E,4,59
123,Supplier,W1,SKU_C,5,700
123,Supplier,W1,SKU_B,5,161
123,Supplier,W1,SKU_E,5,13
123,Supplier,W2,SKU_A,6,841
123,Supplier,W2,SKU_B,6,247
123,Supplier,W2,SKU_C,6,82
123,Supplier,W2,SKU_D,6,66
123,Supplier,W2,SKU_E,6,557
124,W1,R2,SKU_B,3,386
124,W1,R2,SKU_E,3,60
124,W2,R3,SKU_A,4,157
124,W2,R3,SKU_B,4,60
124,W2,R3,SKU_C,4,48
124,W2,R3,SKU_D,4,149
124,W2,R3,SKU_E,4,549
125,Supplier,W2,SKU_C,6,409
125,Supplier,W2,SKU_D,6,102
125,Supplier,W2,SKU_E,6,1473
125,W1,R1,SKU_E,2,164
125,W1,R1,SKU_B,2,74
126,Supplier,W1,SKU_A,5,1822
126,Supplier,W1,SKU_B,5,914
126,Supplier,W1,SKU_E,5,527
127,Supplier,W2,SKU_B,6,403
127,Supplier,W2,SKU_C,6,232
127,Supplier,W2,SKU_D,6,374
127,Supplier,W2,SKU_A,6,107
127,W1,R2,SKU_A,3,648
127,W1,R2,SKU_C,3,99
127,W1,R2,SKU_E,3,268
127,W2,R3,SKU_A,4,1180
127,W2,R3,SKU_B,4,315
127,W2,R3,SKU_E,4,1536
127,W2,R3,SKU_C,4,143
127,W2,R3,SKU_D,4,34
128,W1,R1,SKU_A,2,725
128,W1,R1,SKU_B,2,469
128,W1,R1,SKU_C,2,894
128,W1,R1,SKU_E,2,122
130,Supplier,W1,SKU_B,5,1278
130,Supplier,W1,SKU_C,5,422
130,Supplier,W1,SKU_E,5,198
130,Supplier,W1,SKU_A,5,248
130,Supplier,W2,SKU_A,6,976
130,Supplier,W2,SKU_C,6,554
130,Supplier,W2,SKU_D,6,126
130,Supplier,W2,SKU_B,6,39
130,W2,R3,SKU_C,4,653
130,W2,R3,SKU_B,4,97
130,W2,R3,SKU_D,4,66
130,W2,R3,SKU_E,4,557
131,W1,R2,SKU_E,3,140
131,W1,R2,SKU_A,3,156
131,W1,R2,SKU_B,3,700
131,W2,R3,SKU_B,4,46
131,W2,R3,SKU_D,4,102
131,W2,R3,SKU_E,4,1460
132,W1,R1,SKU_E,2,196
132,W1,R1,SKU_A,2,428
132,W1,R1,SKU_B,2,214
133,Supplier,W1,SKU_A,5,1610
133,Supplier,W1,SKU_E,5,356
133,Supplier,W1,SKU_C,5,439
133,Supplier,W2,SKU_B,6,465
133,Supplier,W2,SKU_D,6,752
133,Supplier,W2,SKU_C,6,202
133,Supplier,W2,SKU_A,6,130
134,W1,R2,SKU_A,3,663
134,W1,R2,SKU_E,3,158
134,W2,R3,SKU_A,4,1294
134,W2,R3,SKU_B,4,534
134,W2,R3,SKU_C,4,486
134,W2,R3,SKU_D,4,374
135,Supplier,W1,SKU_C,5,1224
135,Supplier,W1,SKU_D,5,288
135,Supplier,W1,SKU_B,5,439
135,Supplier,W1,SKU_E,5,81
135,W1,R1,SKU_A,2,758
135,W1,R1,SKU_C,2,504
135,W1,R1,SKU_E,2,87
135,W1,R1,SKU_B,2,513
135,W1,R2,SKU_B,3,349
135,W1,R2,SKU_E,3,5
136,Supplier,W2,SKU_A,6,1314
136,Supplier,W2,SKU_C,6,1112
136,Supplier,W2,SKU_D,6,571
137,W2,R3,SKU_C,4,427
137,W2,R3,SKU_D,4,126
138,Supplier,W1,SKU_A,5,1191
138,Supplier,W1,SKU_C,5,1320
138,Supplier,W1,SKU_D,5,1873
138,Supplier,W1,SKU_E,5,527
138,W1,R1,SKU_E,2,128
138,W1,R1,SKU_A,2,99
138,W1,R1,SKU_C,2,439
138,W1,R2,SKU_E,3,348
138,W1,R2,SKU_A,3,225
139,Supplier,W2,SKU_B,6,271
139,Supplier,W2,SKU_D,6,1013
140,W2,R3,SKU_A,4,755
140,W2,R3,SKU_B,4,117
140,W2,R3,SKU_D,4,752
140,W2,R3,SKU_C,4,155
141,Supplier,W1,SKU_A,5,421
141,Supplier,W1,SKU_B,5,513
141,Supplier,W1,SKU_C,5,109
141,Supplier,W1,SKU_D,5,730
141,Supplier,W1,SKU_E,5,49
141,W1,R1,SKU_A,2,1087
141,W1,R1,SKU_B,2,421
141,W1,R1,SKU_C,2,1224
141,W1,R1,SKU_D,2,288
141,W1,R1,SKU_E,2,137
141,W1,R2,SKU_A,3,524
141,W1,R2,SKU_B,3,83
142,Supplier,W2,SKU_A,6,750
142,Supplier,W2,SKU_B,6,163
142,Supplier,W2,SKU_C,6,139
142,Supplier,W2,SKU_D,6,154
143,Supplier,W1,SKU_A,5,587
143,Supplier,W1,SKU_D,5,1458
143,Supplier,W1,SKU_E,5,234
143,Supplier,W1,SKU_B,5,4
143,Supplier,W1,SKU_C,5,209
143,W1,R1,SKU_C,2,658
143,W1,R1,SKU_D,2,1873
143,W1,R1,SKU_E,2,20
143,W1,R2,SKU_B,3,114
143,W1,R2,SKU_E,3,120
143,W1,R2,SKU_C,3,378
143,W2,R3,SKU_B,4,405
143,W2,R3,SKU_C,4,896
143,W2,R3,SKU_A,4,466
143,W2,R3,SKU_D,4,571
145,Supplier,W2,SKU_B,6,276
145,Supplier,W2,SKU_C,6,548
145,Supplier,W2,SKU_A,6,242
146,Supplier,W1,SKU_A,5,797
146,Supplier,W1,SKU_B,5,631
146,Supplier,W1,SKU_E,5,336
146,W1,R1,SKU_E,2,226
146,W1,R1,SKU_A,2,197
146,W1,R1,SKU_B,2,147
146,W1,R1,SKU_D,2,730
146,W1,R2,SKU_A,3,355
146,W1,R2,SKU_B,3,154
146,W1,R2,SKU_E,3,230
146,W2,R3,SKU_A,4,580
146,W2,R3,SKU_D,4,736
146,W2,R3,SKU_B,4,7
148,Supplier,W2,SKU_A,6,1244
148,Supplier,W2,SKU_B,6,195
148,Supplier,W2,SKU_C,6,297
148,W1,R2,SKU_A,3,158
148,W1,R2,SKU_B,3,130
148,W1,R2,SKU_C,3,200
148,W1,R2,SKU_D,3,305
148,W1,R2,SKU_E,3,5
149,Supplier,W1,SKU_A,5,1119
149,Supplier,W1,SKU_B,5,370
149,Supplier,W1,SKU_C,5,597
149,Supplier,W1,SKU_E,5,281
149,W1,R1,SKU_A,2,1074
149,W1,R1,SKU_B,2,323
149,W1,R1,SKU_D,2,566
149,W1,R1,SKU_E,2,70
149,W2,R3,SKU_A,4,810
149,W2,R3,SKU_B,4,571
149,W2,R3,SKU_C,4,548
150,W1,R2,SKU_A,3,320
150,W1,R2,SKU_C,3,115
150,W1,R2,SKU_E,3,134
151,Supplier,W2,SKU_B,6,298
151,Supplier,W2,SKU_C,6,466
151,W1,R2,SKU_B,3,224
152,Supplier,W1,SKU_B,5,1109
152,Supplier,W1,SKU_E,5,189
152,Supplier,W1,SKU_A,5,211
152,Supplier,W1,SKU_C,5,237
152,W1,R1,SKU_E,2,153
152,W1,R1,SKU_B,2,407
154,Supplier,W2,SKU_A,6,776
154,Supplier,W2,SKU_C,6,258
154,Supplier,W2,SKU_B,6,92
154,W1,R2,SKU_A,3,512
154,W1,R2,SKU_C,3,351
154,W1,R2,SKU_E,3,275
154,W1,R2,SKU_B,3,159
154,W2,R3,SKU_A,4,998
154,W2,R3,SKU_C,4,741
154,W2,R3,SKU_B,4,59
155,Supplier,W1,SKU_A,5,1702
155,Supplier,W1,SKU_C,5,1197
155,Supplier,W1,SKU_E,5,420
155,W1,R1,SKU_A,2,562
155,W1,R1,SKU_B,2,148
155,W1,R1,SKU_C,2,452
155,W1,R1,SKU_E,2,99
157,Supplier,W2,SKU_B,6,337
157,Supplier,W2,SKU_C,6,419
157,Supplier,W2,SKU_D,6,221
157,Supplier,W2,SKU_A,6,208
157,W2,R3,SKU_B,4,337
157,W2,R3,SKU_A,4,31
157,W2,R3,SKU_D,4,6
158,W1,R1,SKU_E,2,136
158,W1,R1,SKU_A,2,98
158,W1,R1,SKU_B,2,8
158,W1,R1,SKU_C,2,35
158,W1,R2,SKU_B,3,254
158,W1,R2,SKU_A,3,135
158,W1,R2,SKU_E,3,12
160,Supplier,W1,SKU_E,5,336
160,Supplier,W1,SKU_A,5,157
160,Supplier,W1,SKU_B,5,74
160,Supplier,W1,SKU_C,5,53
160,Supplier,W2,SKU_A,6,902
160,Supplier,W2,SKU_D,6,343
160,Supplier,W2,SKU_B,6,12
160,Supplier,W2,SKU_C,6,81
160,W2,R3,SKU_A,4,989
160,W2,R3,SKU_D,4,425
160,W2,R3,SKU_C,4,299
160,W2,R3,SKU_B,4,12
161,W1,R1,SKU_A,2,915
161,W1,R1,SKU_B,2,414
161,W1,R1,SKU_C,2,726
161,W1,R1,SKU_E,2,146
161,W1,R2,SKU_A,3,500
161,W1,R2,SKU_C,3,303
161,W1,R2,SKU_E,3,295
161,W1,R2,SKU_D,3,92
161,W1,R2,SKU_B,3,72
162,Supplier,W1,SKU_A,5,1026
162,Supplier,W1,SKU_B,5,545
162,Supplier,W1,SKU_C,5,713
162,Supplier,W1,SKU_E,5,137
162,Supplier,W2,SKU_B,6,218
162,Supplier,W2,SKU_C,6,473
162,Supplier,W2,SKU_D,6,437
162,Supplier,W2,SKU_E,6,86
162,Supplier,W2,SKU_A,6,53
163,W1,R2,SKU_B,3,204
163,W1,R2,SKU_D,3,154
163,W1,R2,SKU_A,3,49
163,W1,R2,SKU_C,3,6
163,W2,R3,SKU_B,4,404
163,W2,R3,SKU_C,4,589
163,W2,R3,SKU_A,4,205
163,W2,R3,SKU_D,4,221
164,W1,R1,SKU_E,2,150
164,W1,R1,SKU_A,2,66
164,W1,R1,SKU_B,2,19
164,W1,R1,SKU_C,2,41
165,Supplier,W1,SKU_E,5,451
165,Supplier,W1,SKU_A,5,554
165,Supplier,W1,SKU_B,5,143
165,Supplier,W1,SKU_C,5,238
165,Supplier,W2,SKU_A,6,1248
165,Supplier,W2,SKU_D,6,372
165,Supplier,W2,SKU_E,6,469
165,Supplier,W2,SKU_B,6,73
165,Supplier,W2,SKU_C,6,223
165,W1,R2,SKU_A,3,332
165,W1,R2,SKU_C,3,166
165,W1,R2,SKU_E,3,89
165,W1,R2,SKU_B,3,20
165,W1,R2,SKU_D,3,18
166,W2,R3,SKU_A,4,1184
166,W2,R3,SKU_E,4,13
166,W2,R3,SKU_C,4,71
166,W2,R3,SKU_D,4,343
167,W1,R1,SKU_A,2,788
167,W1,R1,SKU_B,2,293
167,W1,R1,SKU_C,2,625
167,W1,R1,SKU_E,2,28
167,W1,R2,SKU_B,3,231
167,W1,R2,SKU_D,3,144
167,W1,R2,SKU_E,3,103
167,W1,R2,SKU_A,3,111
167,W1,R2,SKU_C,3,61
168,Supplier,W1,SKU_A,5,1102
168,Supplier,W1,SKU_B,5,714
168,Supplier,W1,SKU_C,5,1023
168,Supplier,W1,SKU_E,5,52
168,Supplier,W2,SKU_B,6,371
168,Supplier,W2,SKU_C,6,583
168,Supplier,W2,SKU_D,6,789
168,Supplier,W2,SKU_E,6,385
169,W1,R2,SKU_A,3,345
169,W1,R2,SKU_C,3,204
169,W1,R2,SKU_D,3,62
169,W1,R2,SKU_E,3,125
169,W1,R2,SKU_B,3,52
169,W2,R3,SKU_B,4,284
169,W2,R3,SKU_C,4,876
169,W2,R3,SKU_D,4,437
169,W2,R3,SKU_E,4,86
169,W2,R3,SKU_A,4,90
170,Supplier,W2,SKU_A,6,676
170,Supplier,W2,SKU_E,6,973
170,Supplier,W2,SKU_C,6,56
170,W1,R1,SKU_E,2,328
170,W1,R1,SKU_A,2,304
170,W1,R1,SKU_B,2,119
170,W1,R1,SKU_C,2,247
171,Supplier,W1,SKU_E,5,628
171,Supplier,W1,SKU_A,5,658
171,Supplier,W1,SKU_B,5,72
171,Supplier,W1,SKU_C,5,127
171,W1,R2,SKU_A,3,141
171,W1,R2,SKU_B,3,201
171,W1,R2,SKU_D,3,117
171,W1,R2,SKU_E,3,84
171,W1,R2,SKU_C,3,64
172,Supplier,W2,SKU_B,6,153
172,Supplier,W2,SKU_C,6,273
172,Supplier,W2,SKU_E,6,605
172,Supplier,W2,SKU_A,6,160
172,W2,R3,SKU_A,4,1226
172,W2,R3,SKU_B,4,101
172,W2,R3,SKU_D,4,372
172,W2,R3,SKU_E,4,469
173,W1,R1,SKU_A,2,582
173,W1,R1,SKU_B,2,242
173,W1,R1,SKU_C,2,397
173,W1,R2,SKU_A,3,271
173,W1,R2,SKU_E,3,103
173,W1,R2,SKU_B,3,38
173,W1,R2,SKU_C,3,187
174,Supplier,W1,SKU_A,5,847
174,Supplier,W1,SKU_B,5,718
174,Supplier,W1,SKU_C,5,1165
174,Supplier,W1,SKU_D,5,504
174,Supplier,W2,SKU_A,6,589
174,Supplier,W2,SKU_B,6,75
174,Supplier,W2,SKU_E,6,1104
174,Supplier,W2,SKU_C,6,139
175,W1,R2,SKU_A,3,179
175,W1,R2,SKU_B,3,208
175,W1,R2,SKU_E,3,129
175,W1,R2,SKU_C,3,71
175,W2,R3,SKU_B,4,283
175,W2,R3,SKU_C,4,397
175,W2,R3,SKU_D,4,324
175,W2,R3,SKU_E,4,385
175,W2,R3,SKU_A,4,15
176,W1,R1,SKU_E,2,162
176,W1,R1,SKU_A,2,374
176,W1,R1,SKU_B,2,161
176,W1,R1,SKU_C,2,331
177,Supplier,W1,SKU_A,5,819
177,Supplier,W1,SKU_D,5,1697
177,Supplier,W1,SKU_E,5,509
177,Supplier,W1,SKU_B,5,25
177,Supplier,W2,SKU_A,6,837
177,Supplier,W2,SKU_B,6,374
177,Supplier,W2,SKU_C,6,894
177,Supplier,W2,SKU_E,6,122
177,Supplier,W2,SKU_D,6,53
177,W1,R2,SKU_A,3,268
177,W1,R2,SKU_B,3,42
177,W1,R2,SKU_C,3,152
177,W1,R2,SKU_E,3,104
177,W2,R3,SKU_A,4,681
177,W2,R3,SKU_C,4,163
177,W2,R3,SKU_E,4,973
177,W2,R3,SKU_B,4,7
179,W1,R1,SKU_A,2,404
179,W1,R1,SKU_B,2,185
179,W1,R1,SKU_C,2,157
179,W1,R1,SKU_E,2,57
179,W1,R2,SKU_B,3,118
179,W1,R2,SKU_C,3,52
179,W1,R2,SKU_E,3,63
179,W1,R2,SKU_A,3,61
179,W1,R2,SKU_D,3,504
180,Supplier,W1,SKU_B,5,561
180,Supplier,W1,SKU_C,5,430
180,Supplier,W1,SKU_A,5,371
180,Supplier,W1,SKU_D,5,5
180,Supplier,W1,SKU_E,5,7
180,Supplier,W2,SKU_D,6,460
180,Supplier,W2,SKU_A,6,119
180,W2,R3,SKU_B,4,357
180,W2,R3,SKU_C,4,379
180,W2,R3,SKU_D,4,316
180,W2,R3,SKU_E,4,1709
180,W2,R3,SKU_A,4,268
181,W1,R2,SKU_A,3,290
181,W1,R2,SKU_B,3,91
181,W1,R2,SKU_C,3,143
181,W1,R2,SKU_E,3,137
182,W1,R1,SKU_C,2,502
182,W1,R1,SKU_E,2,264
182,W1,R1,SKU_A,2,408
182,W1,R1,SKU_B,2,220
182,W1,R2,SKU_A,3,1
182,W1,R2,SKU_B,3,55
182,W1,R2,SKU_C,3,41
182,W1,R2,SKU_D,3,1473
182,W1,R2,SKU_E,3,7
183,Supplier,W1,SKU_A,5,1359
183,Supplier,W1,SKU_C,5,668
183,Supplier,W1,SKU_D,5,95
183,Supplier,W1,SKU_E,5,607
183,Supplier,W1,SKU_B,5,213
183,Supplier,W2,SKU_A,6,1241
183,Supplier,W2,SKU_B,6,377
183,Supplier,W2,SKU_D,6,140
183,Supplier,W2,SKU_C,6,83
183,W2,R3,SKU_A,4,1106
183,W2,R3,SKU_C,4,220
183,W2,R3,SKU_D,4,202
183,W2,R3,SKU_B,4,18
183,W2,R3,SKU_E,4,14
184,W1,R2,SKU_A,3,379
184,W1,R2,SKU_B,3,118
184,W1,R2,SKU_C,3,177
184,W1,R2,SKU_E,3,143
185,W1,R1,SKU_A,2,615
185,W1,R1,SKU_B,2,216
185,W1,R1,SKU_D,2,229
185,W1,R1,SKU_C,2,83
186,Supplier,W1,SKU_B,5,426
186,Supplier,W1,SKU_C,5,201
186,Supplier,W1,SKU_A,5,88
186,Supplier,W2,SKU_C,6,491
186,Supplier,W2,SKU_D,6,1139
186,W2,R3,SKU_B,4,317
186,W2,R3,SKU_C,4,290
186,W2,R3,SKU_D,4,460
187,W1,R2,SKU_B,3,185
187,W1,R2,SKU_A,3,201
187,W1,R2,SKU_C,3,96
187,W1,R2,SKU_E,3,45
188,W1,R1,SKU_C,2,616
188,W1,R1,SKU_E,2,229
188,W1,R1,SKU_A,2,207
188,W1,R1,SKU_B,2,85
188,W1,R1,SKU_D,2,95
189,Supplier,W1,SKU_A,5,1818
189,Supplier,W1,SKU_C,5,939
189,Supplier,W1,SKU_B,5,264
189,Supplier,W1,SKU_E,5,293
189,Supplier,W2,SKU_A,6,986
189,Supplier,W2,SKU_B,6,345
189,Supplier,W2,SKU_C,6,75
189,W1,R2,SKU_A,3,337
189,W1,R2,SKU_C,3,166
189,W1,R2,SKU_E,3,168
189,W1,R2,SKU_B,3,46
189,W2,R3,SKU_A,4,1256
189,W2,R3,SKU_C,4,315
189,W2,R3,SKU_B,4,56
189,W2,R3,SKU_D,4,140
191,W1,R1,SKU_A,2,1071
191,W1,R1,SKU_B,2,584
191,W1,R1,SKU_E,2,75
191,W1,R1,SKU_C,2,46
191,W1,R2,SKU_A,3,134
191,W1,R2,SKU_B,3,132
191,W1,R2,SKU_C,3,144
191,W1,R2,SKU_E,3,44
192,Supplier,W1,SKU_B,5,605
192,Supplier,W1,SKU_D,5,1482
192,Supplier,W1,SKU_E,5,356
192,Supplier,W2,SKU_C,6,465
192,Supplier,W2,SKU_A,6,125
192,W2,R3,SKU_B,4,311
192,W2,R3,SKU_C,4,175
192,W2,R3,SKU_D,4,501
194,W1,R1,SKU_C,2,377
194,W1,R1,SKU_E,2,188
194,W1,R2,SKU_A,3,431
194,W1,R2,SKU_B,3,146
194,W1,R2,SKU_E,3,287
194,W1,R2,SKU_C,3,85
195,Supplier,W1,SKU_A,5,840
195,Supplier,W1,SKU_C,5,761
195,Supplier,W1,SKU_D,5,1232
195,Supplier,W1,SKU_E,5,143
195,Supplier,W2,SKU_A,6,963
195,Supplier,W2,SKU_B,6,292
195,Supplier,W2,SKU_C,6,45
195,W2,R3,SKU_A,4,798
195,W2,R3,SKU_C,4,371
195,W2,R3,SKU_B,4,3
197,Supplier,W1,SKU_B,5,418
197,Supplier,W1,SKU_D,5,1352
197,Supplier,W1,SKU_E,5,306
197,Supplier,W1,SKU_A,5,335
197,Supplier,W1,SKU_C,5,11
197,W1,R1,SKU_A,2,502
197,W1,R1,SKU_C,2,282
197,W1,R1,SKU_E,2,103
197,W1,R1,SKU_B,2,66
197,W1,R1,SKU_D,2,1482
197,W1,R2,SKU_C,3,273
197,W1,R2,SKU_A,3,177
197,W1,R2,SKU_B,3,159
197,W1,R2,SKU_E,3,16
198,Supplier,W2,SKU_C,6,668
198,Supplier,W2,SKU_D,6,287
198,Supplier,W2,SKU_A,6,114
198,Supplier,W2,SKU_B,6,44
198,W2,R3,SKU_B,4,368
198,W2,R3,SKU_D,4,503
198,W2,R3,SKU_A,4,285
198,W2,R3,SKU_C,4,261
200,Supplier,W1,SKU_A,5,1273
200,Supplier,W1,SKU_C,5,727
200,Supplier,W1,SKU_B,5,141
200,Supplier,W1,SKU_E,5,275
200,W1,R1,SKU_B,2,266
200,W1,R1,SKU_C,2,262
200,W1,R1,SKU_E,2,195
200,W1,R1,SKU_A,2,340
200,W1,R1,SKU_D,2,1232
200,W1,R2,SKU_A,3,466
200,W1,R2,SKU_E,3,315
200,W1,R2,SKU_B,3,99
200,W1,R2,SKU_C,3,13
201,Supplier,W2,SKU_A,6,1045
201,Supplier,W2,SKU_B,6,234
201,Supplier,W2,SKU_D,6,167
201,W2,R3,SKU_A,4,862
201,W2,R3,SKU_C,4,272
203,Supplier,W1,SKU_B,5,570
203,Supplier,W1,SKU_E,5,276
203,Supplier,W1,SKU_A,5,178
203,Supplier,W1,SKU_C,5,167
203,W1,R1,SKU_A,2,620
203,W1,R1,SKU_C,2,315
203,W1,R1,SKU_D,2,1101
203,W1,R1,SKU_B,2,74
203,W1,R1,SKU_E,2,66
203,W1,R2,SKU_B,3,206
203,W1,R2,SKU_C,3,278
203,W1,R2,SKU_A,3,92
204,Supplier,W2,SKU_C,6,448
204,Supplier,W2,SKU_D,6,715
204,Supplier,W2,SKU_B,6,130
204,Supplier,W2,SKU_A,6,154
204,W2,R3,SKU_C,4,427
204,W2,R3,SKU_D,4,422
204,W2,R3,SKU_A,4,319
204,W2,R3,SKU_B,4,224
206,Supplier,W1,SKU_A,5,1637
206,Supplier,W1,SKU_C,5,751
206,Supplier,W1,SKU_E,5,380
206,Supplier,W1,SKU_B,5,76
206,W1,R1,SKU_B,2,390
206,W1,R1,SKU_C,2,373
206,W1,R1,SKU_E,2,309
206,W1,R1,SKU_A,2,267
206,W1,R2,SKU_A,3,712
206,W1,R2,SKU_E,3,233
206,W1,R2,SKU_B,3,72
206,W1,R2,SKU_C,3,18
207,Supplier,W2,SKU_A,6,890
207,Supplier,W2,SKU_B,6,142
207,Supplier,W2,SKU_E,6,362
207,Supplier,W2,SKU_C,6,42
207,Supplier,W2,SKU_D,6,22
207,W2,R3,SKU_A,4,761
207,W2,R3,SKU_B,4,37
207,W2,R3,SKU_C,4,56
207,W2,R3,SKU_D,4,167
209,Supplier,W1,SKU_B,5,526
209,Supplier,W1,SKU_C,5,21
209,Supplier,W1,SKU_E,5,101
209,W1,R1,SKU_A,2,557
209,W1,R1,SKU_C,2,68
209,W1,R2,SKU_C,3,218
209,W1,R2,SKU_B,3,127
209,W1,R2,SKU_E,3,18
210,Supplier,W2,SKU_C,6,604
210,Supplier,W2,SKU_D,6,507
210,Supplier,W2,SKU_B,6,164
210,Supplier,W2,SKU_E,6,262
210,Supplier,W2,SKU_A,6,200
210,W2,R3,SKU_B,4,332
210,W2,R3,SKU_C,4,604
210,W2,R3,SKU_E,4,108
210,W2,R3,SKU_A,4,329
210,W2,R3,SKU_D,4,513
211,W1,R2,SKU_A,3,156
211,W1,R2,SKU_B,3,65
211,W1,R2,SKU_D,3,69
211,W1,R2,SKU_E,3,144
211,W1,R2,SKU_C,3,16
212,Supplier,W1,SKU_A,5,1286
212,Supplier,W1,SKU_C,5,1070
212,Supplier,W1,SKU_E,5,627
212,Supplier,W1,SKU_B,5,240
212,Supplier,W2,SKU_A,6,671
212,Supplier,W2,SKU_B,6,46
212,Supplier,W2,SKU_E,6,979
212,W1,R1,SKU_B,2,454
212,W1,R1,SKU_C,2,838
212,W1,R1,SKU_E,2,278
212,W1,R1,SKU_A,2,519
213,W2,R3,SKU_A,4,1157
213,W2,R3,SKU_C,4,36
213,W2,R3,SKU_E,4,362
214,W1,R2,SKU_A,3,564
214,W1,R2,SKU_C,3,248
214,W1,R2,SKU_D,3,182
214,W1,R2,SKU_E,3,123
214,W1,R2,SKU_B,3,222
215,Supplier,W1,SKU_B,5,724
215,Supplier,W1,SKU_A,5,292
215,Supplier,W1,SKU_C,5,19
215,Supplier,W1,SKU_E,5,26
215,Supplier,W2,SKU_B,6,393
215,Supplier,W2,SKU_C,6,591
215,Supplier,W2,SKU_E,6,655
215,Supplier,W2,SKU_A,6,684
215,Supplier,W2,SKU_D,6,153
216,W1,R1,SKU_A,2,1084
216,W1,R1,SKU_B,2,161
216,W1,R1,SKU_E,2,176
216,W1,R1,SKU_C,2,7
216,W2,R3,SKU_B,4,442
216,W2,R3,SKU_C,4,956
216,W2,R3,SKU_D,4,731
216,W2,R3,SKU_A,4,227
216,W2,R3,SKU_E,4,262
217,Supplier,W2,SKU_A,6,358
217,Supplier,W2,SKU_D,6,796
217,Supplier,W2,SKU_E,6,501
217,Supplier,W2,SKU_C,6,10
217,W1,R2,SKU_E,3,203
217,W1,R2,SKU_B,3,101
217,W1,R2,SKU_A,3,50
217,W1,R2,SKU_C,3,178
218,Supplier,W1,SKU_A,5,1813
218,Supplier,W1,SKU_C,5,1080
218,Supplier,W1,SKU_E,5,739
218,W2,R3,SKU_A,4,628
218,W2,R3,SKU_E,4,979
219,W1,R1,SKU_B,2,226
219,W1,R1,SKU_C,2,891
219,W1,R1,SKU_E,2,228
220,Supplier,W2,SKU_A,6,836
220,Supplier,W2,SKU_B,6,160
220,Supplier,W2,SKU_C,6,547
220,Supplier,W2,SKU_E,6,118
220,W1,R2,SKU_A,3,612
220,W1,R2,SKU_B,3,174
220,W1,R2,SKU_C,3,20
220,W1,R2,SKU_E,3,10
221,Supplier,W1,SKU_B,5,432
221,Supplier,W1,SKU_C,5,18
221,Supplier,W1,SKU_D,5,147
222,W1,R1,SKU_A,2,775
222,W1,R1,SKU_B,2,36
222,W1,R1,SKU_E,2,3
222,W2,R3,SKU_A,4,835
222,W2,R3,SKU_B,4,133
222,W2,R3,SKU_D,4,153
222,W2,R3,SKU_E,4,655
222,W2,R3,SKU_C,4,60
223,W1,R2,SKU_E,3,261
223,W1,R2,SKU_B,3,63
223,W1,R2,SKU_C,3,516
224,Supplier,W1,SKU_C,5,1126
224,Supplier,W1,SKU_D,5,2493
224,Supplier,W1,SKU_A,5,789
224,Supplier,W1,SKU_B,5,148
224,Supplier,W1,SKU_E,5,144
224,Supplier,W2,SKU_B,6,305
224,Supplier,W2,SKU_D,6,664
224,Supplier,W2,SKU_A,6,720
224,Supplier,W2,SKU_C,6,200
224,W2,R3,SKU_B,4,87
224,W2,R3,SKU_C,4,392
224,W2,R3,SKU_D,4,796
224,W2,R3,SKU_E,4,316
224,W2,R3,SKU_A,4,167
225,W1,R1,SKU_B,2,458
225,W1,R1,SKU_E,2,397
225,W1,R1,SKU_C,2,258
225,W1,R1,SKU_A,2,264
226,W1,R2,SKU_A,3,599
226,W1,R2,SKU_B,3,312
226,W1,R2,SKU_E,3,73
226,W1,R2,SKU_D,3,147
227,Supplier,W1,SKU_A,5,1228
227,Supplier,W1,SKU_B,5,801
227,Supplier,W1,SKU_E,5,641
227,Supplier,W1,SKU_D,5,350
227,Supplier,W2,SKU_A,6,680
227,Supplier,W2,SKU_C,6,730
227,Supplier,W2,SKU_B,6,15
227,W2,R3,SKU_A,4,1316
227,W2,R3,SKU_B,4,303
227,W2,R3,SKU_C,4,442
228,W1,R1,SKU_A,2,751
228,W1,R1,SKU_B,2,12
228,W1,R1,SKU_C,2,324
229,W1,R2,SKU_E,3,264
229,W1,R2,SKU_A,3,10
229,W1,R2,SKU_D,3,2493
230,Supplier,W1,SKU_D,5,1632
230,Supplier,W1,SKU_C,5,206
230,Supplier,W1,SKU_A,5,122
230,Supplier,W2,SKU_B,6,259
230,Supplier,W2,SKU_D,6,541
230,Supplier,W2,SKU_A,6,452
231,W1,R1,SKU_C,2,261
231,W1,R1,SKU_B,2,132
231,W1,R1,SKU_A,2,139
231,W1,R1,SKU_E,2,59
232,W1,R2,SKU_A,3,641
232,W1,R2,SKU_C,3,291
232,W1,R2,SKU_B,3,136
232,W1,R2,SKU_D,3,350
232,W1,R2,SKU_E,3,5
232,W2,R3,SKU_C,4,715
232,W2,R3,SKU_D,4,664
232,W2,R3,SKU_A,4,647
232,W2,R3,SKU_B,4,143
233,Supplier,W1,SKU_A,5,1925
233,Supplier,W1,SKU_C,5,1105
233,Supplier,W1,SKU_E,5,395
233,Supplier,W1,SKU_B,5,194
233,Supplier,W2,SKU_A,6,1220
233,Supplier,W2,SKU_C,6,514
233,Supplier,W2,SKU_B,6,51
233,Supplier,W2,SKU_D,6,387
234,W1,R1,SKU_A,2,1058
234,W1,R1,SKU_B,2,292
234,W1,R1,SKU_C,2,548
234,W1,R1,SKU_E,2,316
235,W1,R2,SKU_B,3,159
235,W1,R2,SKU_E,3,312
235,W1,R2,SKU_A,3,4
235,W1,R2,SKU_D,3,1632
235,W2,R3,SKU_A,4,707
235,W2,R3,SKU_B,4,145
236,Supplier,W1,SKU_B,5,430
236,Supplier,W1,SKU_E,5,131
236,Supplier,W2,SKU_B,6,244
236,Supplier,W2,SKU_D,6,456
236,Supplier,W2,SKU_A,6,82
236,Supplier,W2,SKU_C,6,103
238,W1,R2,SKU_A,3,662
238,W1,R2,SKU_C,3,312
238,W1,R2,SKU_B,3,112
238,W2,R3,SKU_C,4,701
238,W2,R3,SKU_D,4,541
238,W2,R3,SKU_A,4,670
238,W2,R3,SKU_B,4,214
238,W2,R3,SKU_E,4,200
239,Supplier,W1,SKU_A,5,1097
239,Supplier,W1,SKU_C,5,782
239,Supplier,W1,SKU_E,5,631
239,Supplier,W1,SKU_B,5,422
239,Supplier,W2,SKU_A,6,1491
239,Supplier,W2,SKU_C,6,859
239,Supplier,W2,SKU_E,6,464
239,Supplier,W2,SKU_B,6,111
239,Supplier,W2,SKU_D,6,1181
239,W1,R1,SKU_B,2,469
239,W1,R1,SKU_C,2,664
239,W1,R1,SKU_A,2,455
239,W1,R1,SKU_E,2,150
241,W1,R2,SKU_E,3,297
241,W1,R2,SKU_A,3,38
241,W1,R2,SKU_B,3,235
241,W2,R3,SKU_A,4,930
241,W2,R3,SKU_D,4,387
241,W2,R3,SKU_E,4,103
241,W2,R3,SKU_B,4,79
241,W2,R3,SKU_C,4,39
242,Supplier,W1,SKU_B,5,652
242,Supplier,W1,SKU_A,5,649
242,Supplier,W1,SKU_C,5,206
242,Supplier,W1,SKU_E,5,59
242,Supplier,W2,SKU_B,6,206
242,Supplier,W2,SKU_E,6,680
242,Supplier,W2,SKU_A,6,77
242,Supplier,W2,SKU_D,6,3
242,W1,R1,SKU_A,2,638
242,W1,R1,SKU_E,2,151
242,W1,R1,SKU_B,2,148
242,W1,R1,SKU_C,2,90
244,Supplier,W2,SKU_A,6,712
244,Supplier,W2,SKU_C,6,254
244,Supplier,W2,SKU_D,6,703
244,Supplier,W2,SKU_E,6,1090
244,W1,R2,SKU_A,3,595
244,W1,R2,SKU_C,3,195
244,W2,R3,SKU_B,4,336
244,W2,R3,SKU_C,4,857
244,W2,R3,SKU_D,4,456
244,W2,R3,SKU_A,4,372
245,Supplier,W1,SKU_A,5,823
245,Supplier,W1,SKU_C,5,680
245,Supplier,W1,SKU_E,5,938
245,W1,R1,SKU_B,2,232
245,W1,R1,SKU_C,2,507
245,W1,R1,SKU_E,2,519
245,W1,R1,SKU_A,2,173
245,W2,R3,SKU_A,4,399
245,W2,R3,SKU_D,4,1181
245,W2,R3,SKU_E,4,464
246,Supplier,W2,SKU_A,6,168
246,Supplier,W2,SKU_B,6,133
246,Supplier,W2,SKU_C,6,149
246,Supplier,W2,SKU_D,6,100
246,Supplier,W2,SKU_E,6,596
247,W1,R2,SKU_B,3,149
247,W1,R2,SKU_E,3,130
247,W1,R2,SKU_C,3,13
248,W1,R1,SKU_A,2,725
248,W1,R1,SKU_B,2,71
248,W1,R1,SKU_C,2,16
249,Supplier,W1,SKU_A,5,615
249,Supplier,W1,SKU_B,5,452
249,Supplier,W1,SKU_C,5,213
249,Supplier,W2,SKU_A,6,440
249,Supplier,W2,SKU_C,6,299
249,Supplier,W2,SKU_B,6,129
249,Supplier,W2,SKU_E,6,234
249,W2,R3,SKU_A,4,599
249,W2,R3,SKU_D,4,3
249,W2,R3,SKU_E,4,680
249,W2,R3,SKU_B,4,18
250,W1,R2,SKU_C,3,217
250,W1,R2,SKU_A,3,161
250,W1,R2,SKU_E,3,52
250,W1,R2,SKU_B,3,42
250,W2,R3,SKU_B,4,43
250,W2,R3,SKU_C,4,58
250,W2,R3,SKU_D,4,409
250,W2,R3,SKU_E,4,1090
251,W1,R1,SKU_B,2,292
251,W1,R1,SKU_C,2,496
252,Supplier,W1,SKU_C,5,610
252,Supplier,W1,SKU_D,5,1757
252,Supplier,W1,SKU_A,5,579
252,Supplier,W1,SKU_B,5,135
252,Supplier,W2,SKU_A,6,774
252,Supplier,W2,SKU_B,6,145
252,Supplier,W2,SKU_E,6,50
252,Supplier,W2,SKU_C,6,290
252,W1,R2,SKU_A,3,161
252,W1,R2,SKU_B,3,147
252,W1,R2,SKU_E,3,125
253,W2,R3,SKU_A,4,1025
253,W2,R3,SKU_B,4,281
253,W2,R3,SKU_C,4,588
253,W2,R3,SKU_E,4,596
254,W1,R1,SKU_A,2,791
254,W1,R1,SKU_B,2,46
254,W1,R1,SKU_C,2,32
254,W1,R1,SKU_E,2,11
255,Supplier,W1,SKU_A,5,854
255,Supplier,W1,SKU_B,5,545
255,Supplier,W1,SKU_D,5,2640
255,Supplier,W1,SKU_E,5,88
255,Supplier,W1,SKU_C,5,60
255,Supplier,W2,SKU_C,6,258
255,Supplier,W2,SKU_A,6,166
255,Supplier,W2,SKU_B,6,142
255,W1,R2,SKU_A,3,423
255,W1,R2,SKU_B,3,116
255,W1,R2,SKU_C,3,160
255,W1,R2,SKU_E,3,95
257,W1,R1,SKU_B,2,241
257,W1,R1,SKU_C,2,348
257,W1,R1,SKU_E,2,170
257,W1,R1,SKU_D,2,1757
258,Supplier,W1,SKU_C,5,584
258,Supplier,W1,SKU_E,5,363
258,Supplier,W1,SKU_A,5,214
258,Supplier,W1,SKU_D,5,699
258,Supplier,W2,SKU_A,6,943
258,Supplier,W2,SKU_B,6,61
258,Supplier,W2,SKU_C,6,200
258,W1,R2,SKU_E,3,137
258,W1,R2,SKU_B,3,55
258,W1,R2,SKU_A,3,31
258,W1,R2,SKU_C,3,11
259,W2,R3,SKU_A,4,857
259,W2,R3,SKU_B,4,182
259,W2,R3,SKU_C,4,341
259,W2,R3,SKU_E,4,252
260,W1,R1,SKU_A,2,685
260,W1,R1,SKU_C,2,127
260,W1,R1,SKU_B,2,31
260,W1,R1,SKU_D,2,2640
260,W1,R1,SKU_E,2,26
260,W1,R2,SKU_A,3,280
260,W1,R2,SKU_B,3,128
260,W1,R2,SKU_C,3,134
260,W1,R2,SKU_E,3,60
261,Supplier,W1,SKU_A,5,1479
261,Supplier,W1,SKU_B,5,353
261,Supplier,W1,SKU_C,5,144
261,Supplier,W1,SKU_E,5,79
261,Supplier,W2,SKU_B,6,243
261,Supplier,W2,SKU_C,6,442
263,W1,R1,SKU_B,2,160
263,W1,R1,SKU_C,2,358
263,W1,R1,SKU_E,2,177
263,W1,R1,SKU_A,2,68
263,W1,R1,SKU_D,2,699
263,W1,R2,SKU_E,3,203
263,W1,R2,SKU_A,3,175
263,W1,R2,SKU_B,3,108
263,W1,R2,SKU_C,3,49
263,W2,R3,SKU_B,4,132
263,W2,R3,SKU_C,4,350
263,W2,R3,SKU_A,4,153
264,Supplier,W1,SKU_C,5,418
264,Supplier,W1,SKU_E,5,425
264,Supplier,W1,SKU_B,5,59
264,Supplier,W2,SKU_A,6,747
264,Supplier,W2,SKU_D,6,126
266,W1,R1,SKU_A,2,756
266,W1,R1,SKU_B,2,73
266,W1,R1,SKU_E,2,50
266,W1,R1,SKU_C,2,67
266,W1,R2,SKU_B,3,149
266,W1,R2,SKU_C,3,110
266,W1,R2,SKU_A,3,277
266,W1,R2,SKU_E,3,28
266,W2,R3,SKU_A,4,876
266,W2,R3,SKU_B,4,104
266,W2,R3,SKU_C,4,149
266,W2,R3,SKU_D,4,190
267,Supplier,W1,SKU_B,5,568
267,Supplier,W1,SKU_A,5,693
267,Supplier,W1,SKU_C,5,238
267,Supplier,W1,SKU_E,5,52
267,Supplier,W2,SKU_B,6,243
267,Supplier,W2,SKU_C,6,663
267,Supplier,W2,SKU_D,6,600
267,Supplier,W2,SKU_A,6,192
269,W1,R1,SKU_B,2,299
269,W1,R1,SKU_C,2,518
269,W1,R1,SKU_E,2,206
269,W1,R1,SKU_A,2,27
269,W1,R2,SKU_A,3,230
269,W1,R2,SKU_C,3,93
269,W1,R2,SKU_E,3,239
269,W1,R2,SKU_B,3,109
269,W2,R3,SKU_B,4,154
269,W2,R3,SKU_C,4,531
269,W2,R3,SKU_D,4,204
269,W2,R3,SKU_A,4,75
270,Supplier,W1,SKU_C,5,448
270,Supplier,W1,SKU_E,5,408
270,Supplier,W1,SKU_A,5,527
270,Supplier,W2,SKU_A,6,827
270,Supplier,W2,SKU_D,6,195
272,W1,R1,SKU_A,2,662
272,W2,R3,SKU_A,4,913
272,W2,R3,SKU_D,4,126
272,W2,R3,SKU_B,4,58
273,Supplier,W1,SKU_B,5,341
273,Supplier,W1,SKU_A,5,616
273,Supplier,W1,SKU_C,5,135
273,Supplier,W2,SKU_B,6,238
273,Supplier,W2,SKU_D,6,823
273,Supplier,W2,SKU_C,6,194
273,Supplier,W2,SKU_A,6,118
273,W1,R2,SKU_A,3,371
273,W1,R2,SKU_B,3,204
273,W1,R2,SKU_C,3,141
273,W1,R2,SKU_E,3,25
275,W1,R1,SKU_B,2,200
275,W1,R1,SKU_C,2,355
275,W1,R1,SKU_E,2,167
275,W1,R1,SKU_A,2,136
275,W2,R3,SKU_B,4,305
275,W2,R3,SKU_C,4,403
275,W2,R3,SKU_D,4,600
275,W2,R3,SKU_A,4,72
276,Supplier,W1,SKU_A,5,850
276,Supplier,W1,SKU_C,5,714
276,Supplier,W1,SKU_E,5,402
276,Supplier,W1,SKU_B,5,160
276,Supplier,W2,SKU_A,6,906
276,Supplier,W2,SKU_C,6,338
276,Supplier,W2,SKU_B,6,6
276,Supplier,W2,SKU_D,6,114
276,W1,R2,SKU_E,3,185
276,W1,R2,SKU_A,3,111
276,W1,R2,SKU_C,3,79
276,W1,R2,SKU_B,3,15
278,W1,R1,SKU_A,2,579
278,W1,R1,SKU_B,2,25
278,W1,R1,SKU_E,2,18
278,W2,R3,SKU_A,4,677
278,W2,R3,SKU_D,4,195
279,Supplier,W1,SKU_B,5,358
279,Supplier,W1,SKU_A,5,135
279,Supplier,W1,SKU_E,5,1
279,Supplier,W2,SKU_B,6,264
279,Supplier,W2,SKU_C,6,36
279,Supplier,W2,SKU_D,6,12
279,W1,R2,SKU_A,3,388
279,W1,R2,SKU_B,3,232
279,W1,R2,SKU_C,3,92
279,W1,R2,SKU_E,3,17
281,W1,R1,SKU_B,2,400
281,W1,R1,SKU_C,2,579
281,W1,R1,SKU_E,2,272
281,W1,R1,SKU_A,2,106
281,W2,R3,SKU_B,4,220
281,W2,R3,SKU_C,4,586
281,W2,R3,SKU_D,4,645
281,W2,R3,SKU_A,4,231
282,Supplier,W1,SKU_A,5,1459
282,Supplier,W1,SKU_C,5,559
282,Supplier,W1,SKU_E,5,596
282,Supplier,W1,SKU_B,5,349
282,Supplier,W2,SKU_A,6,868
282,Supplier,W2,SKU_C,6,778
282,Supplier,W2,SKU_E,6,279
282,Supplier,W2,SKU_B,6,57
282,W1,R2,SKU_C,3,185
282,W1,R2,SKU_E,3,279
282,W1,R2,SKU_A,3,133
282,W1,R2,SKU_B,3,84
284,W1,R1,SKU_A,2,630
284,W2,R3,SKU_A,4,942
284,W2,R3,SKU_B,4,38
284,W2,R3,SKU_C,4,4
284,W2,R3,SKU_E,4,12
285,Supplier,W2,SKU_B,6,225
285,Supplier,W2,SKU_E,6,67
285,Supplier,W2,SKU_A,6,57
285,Supplier,W2,SKU_D,6,17
285,W1,R2,SKU_A,3,462
285,W1,R2,SKU_B,3,194
285,W1,R2,SKU_C,3,12
285,W1,R2,SKU_E,3,3
286,Supplier,W1,SKU_B,5,395
286,Supplier,W1,SKU_C,5,210
286,Supplier,W1,SKU_E,5,17
287,Supplier,W2,SKU_A,6,600
287,Supplier,W2,SKU_D,6,355
287,Supplier,W2,SKU_E,6,407
287,Supplier,W2,SKU_C,6,99
287,W1,R1,SKU_E,2,164
287,W1,R1,SKU_B,2,126
287,W1,R1,SKU_C,2,282
287,W1,R1,SKU_A,2,74
287,W2,R3,SKU_B,4,259
287,W2,R3,SKU_C,4,627
287,W2,R3,SKU_E,4,20
287,W2,R3,SKU_A,4,86
287,W2,R3,SKU_D,4,3
288,W1,R2,SKU_C,3,240
288,W1,R2,SKU_E,3,275
288,W1,R2,SKU_B,3,152
288,W1,R2,SKU_A,3,77
289,Supplier,W1,SKU_A,5,1558
289,Supplier,W1,SKU_C,5,787
289,Supplier,W1,SKU_E,5,584
289,Supplier,W1,SKU_B,5,384
289,Supplier,W2,SKU_A,6,202
289,Supplier,W2,SKU_B,6,117
289,Supplier,W2,SKU_C,6,334
289,Supplier,W2,SKU_D,6,111
289,Supplier,W2,SKU_E,6,502
290,W1,R1,SKU_A,2,741
290,W1,R1,SKU_B,2,318
290,W1,R1,SKU_C,2,302
290,W1,R1,SKU_E,2,91
290,W2,R3,SKU_A,4,1107
290,W2,R3,SKU_D,4,301
290,W2,R3,SKU_E,4,279
290,W2,R3,SKU_B,4,26
290,W2,R3,SKU_C,4,24
291,Supplier,W2,SKU_A,6,471
291,Supplier,W2,SKU_B,6,102
291,Supplier,W2,SKU_D,6,575
291,Supplier,W2,SKU_E,6,951
291,Supplier,W2,SKU_C,6,106
291,W1,R2,SKU_A,3,552
291,W1,R2,SKU_B,3,218
291,W1,R2,SKU_C,3,22
291,W1,R2,SKU_E,3,16
293,Supplier,W1,SKU_B,5,569
293,Supplier,W1,SKU_C,5,248
293,Supplier,W1,SKU_E,5,153
293,Supplier,W1,SKU_A,5,107
293,Supplier,W2,SKU_A,6,455
293,Supplier,W2,SKU_B,6,181
293,Supplier,W2,SKU_C,6,464
293,Supplier,W2,SKU_D,6,599
293,Supplier,W2,SKU_E,6,575
293,W1,R1,SKU_E,2,220
293,W1,R1,SKU_C,2,296
293,W1,R1,SKU_A,2,46
293,W1,R1,SKU_B,2,7
293,W2,R3,SKU_B,4,411
293,W2,R3,SKU_C,4,869
293,W2,R3,SKU_D,4,372
293,W2,R3,SKU_E,4,474
293,W2,R3,SKU_A,4,104
294,W1,R2,SKU_C,3,312
294,W1,R2,SKU_E,3,428
294,W1,R2,SKU_B,3,79
294,W1,R2,SKU_A,3,56
295,Supplier,W2,SKU_A,6,631
295,Supplier,W2,SKU_B,6,88
295,Supplier,W2,SKU_C,6,209
295,Supplier,W2,SKU_E,6,349
295,Supplier,W2,SKU_D,6,257
296,Supplier,W1,SKU_A,5,1881
296,Supplier,W1,SKU_C,5,963
296,Supplier,W1,SKU_E,5,814
296,Supplier,W1,SKU_B,5,131
296,W1,R1,SKU_A,2,1151
296,W1,R1,SKU_B,2,441
296,W1,R1,SKU_C,2,558
296,W1,R1,SKU_E,2,87
296,W2,R3,SKU_A,4,1172
296,W2,R3,SKU_D,4,111
296,W2,R3,SKU_E,4,502
296,W2,R3,SKU_B,4,4
296,W2,R3,SKU_C,4,59
297,Supplier,W2,SKU_B,6,182
297,Supplier,W2,SKU_C,6,364
297,Supplier,W2,SKU_D,6,714
297,Supplier,W2,SKU_A,6,541
297,Supplier,W2,SKU_E,6,111
297,W1,R2,SKU_A,3,681
297,W1,R2,SKU_B,3,77
297,W2,R3,SKU_A,4,381
297,W2,R3,SKU_B,4,56
297,W2,R3,SKU_C,4,124
297,W2,R3,SKU_D,4,575
297,W2,R3,SKU_E,4,951
298,W1,R2,SKU_B,3,411
298,W1,R2,SKU_C,3,34
299,Supplier,W1,SKU_B,5,922
299,Supplier,W1,SKU_D,5,101
299,W1,R1,SKU_E,2,168
299,W1,R1,SKU_C,2,11
299,W2,R3,SKU_B,4,166
299,W2,R3,SKU_C,4,295
299,W2,R3,SKU_D,4,599
299,W2,R3,SKU_E,4,575
301,Supplier,W2,SKU_B,6,408
301,Supplier,W2,SKU_C,6,681
301,Supplier,W2,SKU_A,6,434
301,W1,R2,SKU_C,3,240
301,W1,R2,SKU_E,3,283
302,Supplier,W1,SKU_C,5,896
302,Supplier,W1,SKU_D,5,698
302,Supplier,W1,SKU_A,5,494
302,Supplier,W1,SKU_E,5,93
302,W1,R1,SKU_C,2,793
302,W1,R1,SKU_A,2,277
302,W1,R1,SKU_B,2,200
302,W1,R1,SKU_E,2,130
302,W2,R3,SKU_B,4,321
302,W2,R3,SKU_C,4,632
302,W2,R3,SKU_A,4,408
302,W2,R3,SKU_D,4,257
302,W2,R3,SKU_E,4,271
304,Supplier,W2,SKU_A,6,1024
304,Supplier,W2,SKU_C,6,25
304,W1,R2,SKU_A,3,473
304,W1,R2,SKU_B,3,24
304,W1,R2,SKU_C,3,35
304,W1,R2,SKU_E,3,31
305,Supplier,W1,SKU_A,5,779
305,Supplier,W1,SKU_E,5,588
305,Supplier,W1,SKU_B,5,12
305,W1,R1,SKU_A,2,508
305,W1,R1,SKU_B,2,117
305,W1,R1,SKU_D,2,101
305,W1,R1,SKU_E,2,114
305,W2,R3,SKU_A,4,749
305,W2,R3,SKU_D,4,103
305,W2,R3,SKU_B,4,14
306,W1,R2,SKU_B,3,150
306,W1,R2,SKU_C,3,115
306,W1,R2,SKU_E,3,168
307,Supplier,W2,SKU_B,6,298
307,Supplier,W2,SKU_C,6,602
308,Supplier,W1,SKU_B,5,711
308,Supplier,W1,SKU_C,5,615
308,Supplier,W1,SKU_A,5,486
308,Supplier,W1,SKU_D,5,75
308,Supplier,W1,SKU_E,5,11
308,W1,R1,SKU_B,2,252
308,W1,R1,SKU_E,2,176
308,W1,R1,SKU_A,2,259
308,W1,R1,SKU_D,2,698
308,W1,R1,SKU_C,2,132
308,W2,R3,SKU_B,4,403
308,W2,R3,SKU_C,4,652
308,W2,R3,SKU_A,4,242
309,W1,R2,SKU_B,3,209
309,W1,R2,SKU_C,3,179
309,W1,R2,SKU_A,3,331
309,W1,R2,SKU_E,3,144
310,Supplier,W2,SKU_A,6,1263
310,Supplier,W2,SKU_B,6,104
310,Supplier,W2,SKU_D,6,144
310,Supplier,W2,SKU_C,6,76
311,Supplier,W1,SKU_A,5,1119
311,Supplier,W1,SKU_E,5,588
311,Supplier,W1,SKU_C,5,217
311,Supplier,W1,SKU_B,5,50
311,W1,R1,SKU_A,2,687
311,W1,R1,SKU_B,2,231
311,W1,R1,SKU_C,2,599
311,W1,R1,SKU_E,2,123
311,W2,R3,SKU_A,4,1168
311,W2,R3,SKU_D,4,465
311,W2,R3,SKU_B,4,12
311,W2,R3,SKU_C,4,20
312,W1,R2,SKU_A,3,248
312,W1,R2,SKU_B,3,40
312,W1,R2,SKU_C,3,82
312,W1,R2,SKU_E,3,163
313,Supplier,W2,SKU_B,6,334
313,Supplier,W2,SKU_C,6,570
313,Supplier,W2,SKU_D,6,386
314,Supplier,W1,SKU_B,5,637
314,Supplier,W1,SKU_C,5,515
314,Supplier,W1,SKU_A,5,120
314,Supplier,W1,SKU_D,5,97
314,Supplier,W1,SKU_E,5,46
314,W1,R1,SKU_E,2,176
314,W1,R1,SKU_B,2,95
314,W1,R1,SKU_D,2,75
314,W1,R1,SKU_A,2,28
314,W1,R2,SKU_A,3,132
314,W1,R2,SKU_B,3,233
314,W1,R2,SKU_C,3,88
314,W1,R2,SKU_E,3,83
314,W2,R3,SKU_B,4,442
314,W2,R3,SKU_C,4,587
314,W2,R3,SKU_D,4,51
316,Supplier,W2,SKU_A,6,789
316,Supplier,W2,SKU_B,6,110
316,Supplier,W2,SKU_D,6,228
316,Supplier,W2,SKU_C,6,134
316,W1,R2,SKU_A,3,256
316,W1,R2,SKU_C,3,108
316,W1,R2,SKU_E,3,160
317,Supplier,W1,SKU_A,5,1568
317,Supplier,W1,SKU_D,5,1876
317,Supplier,W1,SKU_E,5,738
317,Supplier,W1,SKU_C,5,431
317,Supplier,W1,SKU_B,5,63
317,W1,R1,SKU_A,2,962
317,W1,R1,SKU_B,2,433
317,W1,R1,SKU_C,2,411
317,W1,R1,SKU_E,2,198
317,W2,R3,SKU_A,4,1003
317,W2,R3,SKU_D,4,239
317,W2,R3,SKU_C,4,130
317,W2,R3,SKU_B,4,19
318,Supplier,W2,SKU_B,6,152
318,Supplier,W2,SKU_C,6,239
318,Supplier,W2,SKU_D,6,585
318,Supplier,W2,SKU_E,6,206
318,Supplier,W2,SKU_A,6,10
319,W1,R2,SKU_A,3,360
319,W1,R2,SKU_C,3,189
319,W1,R2,SKU_E,3,207
319,W1,R2,SKU_B,3,299
320,Supplier,W1,SKU_B,5,849
320,Supplier,W1,SKU_C,5,223
320,Supplier,W1,SKU_D,5,240
320,W2,R3,SKU_B,4,395
320,W2,R3,SKU_C,4,365
320,W2,R3,SKU_E,4,189
320,W2,R3,SKU_D,4,386
320,W2,R3,SKU_A,4,13
321,Supplier,W2,SKU_A,6,1045
321,Supplier,W2,SKU_B,6,348
321,Supplier,W2,SKU_D,6,512
321,Supplier,W2,SKU_E,6,517
321,Supplier,W2,SKU_C,6,278
321,W1,R1,SKU_B,2,28
321,W1,R1,SKU_D,2,97
321,W1,R1,SKU_E,2,137
321,W1,R1,SKU_C,2,160
322,Supplier,W1,SKU_A,5,325
322,Supplier,W1,SKU_C,5,360
322,Supplier,W1,SKU_D,5,1501
322,Supplier,W1,SKU_E,5,249
322,W1,R2,SKU_A,3,151
322,W1,R2,SKU_B,3,5
322,W1,R2,SKU_C,3,43
322,W1,R2,SKU_D,3,1081
322,W1,R2,SKU_E,3,91
323,W1,R1,SKU_A,2,421
323,W1,R1,SKU_B,2,242
323,W1,R1,SKU_C,2,348
323,W1,R1,SKU_D,2,795
323,W1,R1,SKU_E,2,218
323,W2,R3,SKU_A,4,1243
323,W2,R3,SKU_C,4,377
323,W2,R3,SKU_D,4,228
323,W2,R3,SKU_B,4,80
324,Supplier,W2,SKU_C,6,631
324,Supplier,W2,SKU_D,6,418
324,Supplier,W2,SKU_E,6,1364
324,Supplier,W2,SKU_B,6,88
324,Supplier,W2,SKU_A,6,119
324,W1,R2,SKU_A,3,299
324,W1,R2,SKU_B,3,126
324,W1,R2,SKU_C,3,144
324,W1,R2,SKU_E,3,151
325,Supplier,W1,SKU_A,5,1349
325,Supplier,W1,SKU_C,5,684
325,Supplier,W1,SKU_E,5,473
325,Supplier,W1,SKU_B,5,67
326,W1,R2,SKU_B,3,73
326,W1,R2,SKU_D,3,240
326,W1,R2,SKU_E,3,87
326,W1,R2,SKU_A,3,32
326,W1,R2,SKU_C,3,45
326,W2,R3,SKU_B,4,407
326,W2,R3,SKU_C,4,394
326,W2,R3,SKU_D,4,585
326,W2,R3,SKU_E,4,206
327,Supplier,W2,SKU_A,6,1060
327,Supplier,W2,SKU_B,6,431
327,Supplier,W2,SKU_E,6,1231
327,Supplier,W2,SKU_C,6,78
327,Supplier,W2,SKU_D,6,368
327,W1,R1,SKU_A,2,668
327,W1,R1,SKU_B,2,238
327,W1,R1,SKU_C,2,379
327,W1,R1,SKU_E,2,161
327,W1,R2,SKU_A,3,92
327,W1,R2,SKU_B,3,50
327,W1,R2,SKU_C,3,70
327,W1,R2,SKU_D,3,1501
327,W1,R2,SKU_E,3,30
328,Supplier,W1,SKU_B,5,633
328,Supplier,W1,SKU_C,5,102
328,Supplier,W1,SKU_E,5,83
329,W1,R2,SKU_A,3,226
329,W1,R2,SKU_B,3,165
329,W1,R2,SKU_C,3,205
329,W1,R2,SKU_E,3,171
329,W2,R3,SKU_A,4,879
329,W2,R3,SKU_D,4,512
329,W2,R3,SKU_E,4,517
329,W2,R3,SKU_C,4,364
329,W2,R3,SKU_B,4,9
330,Supplier,W2,SKU_C,6,784
330,Supplier,W2,SKU_E,6,1435
330,Supplier,W2,SKU_A,6,54
330,Supplier,W2,SKU_B,6,9
330,W2,R3,SKU_B,4,79
330,W2,R3,SKU_C,4,2
330,W2,R3,SKU_D,4,418
330,W2,R3,SKU_E,4,1364
331,Supplier,W1,SKU_A,5,922
331,Supplier,W1,SKU_C,5,843
331,Supplier,W1,SKU_E,5,672
331,Supplier,W1,SKU_B,5,46
331,W1,R1,SKU_B,2,271
331,W1,R1,SKU_C,2,380
331,W1,R1,SKU_E,2,270
331,W1,R1,SKU_A,2,172
332,W1,R2,SKU_A,3,359
332,W1,R2,SKU_B,3,119
332,W1,R2,SKU_C,3,153
332,W1,R2,SKU_E,3,141
333,Supplier,W2,SKU_A,6,849
333,Supplier,W2,SKU_B,6,334
333,W2,R3,SKU_B,4,328
333,W2,R3,SKU_C,4,478
333,W2,R3,SKU_A,4,329
333,W2,R3,SKU_D,4,29
333,W2,R3,SKU_E,4,1231
334,Supplier,W1,SKU_B,5,657
334,Supplier,W1,SKU_A,5,237
334,Supplier,W1,SKU_C,5,10
334,W1,R1,SKU_A,2,616
334,W1,R1,SKU_B,2,6
334,W1,R1,SKU_C,2,52
334,W1,R2,SKU_B,3,181
334,W1,R2,SKU_C,3,58
334,W1,R2,SKU_E,3,62
334,W1,R2,SKU_A,3,41
336,W1,R2,SKU_A,3,347
336,W1,R2,SKU_C,3,220
336,W1,R2,SKU_E,3,187
336,W1,R2,SKU_B,3,53
336,W2,R3,SKU_A,4,891
336,W2,R3,SKU_B,4,113
336,W2,R3,SKU_C,4,217
336,W2,R3,SKU_E,4,781
337,Supplier,W1,SKU_A,5,1913
337,Supplier,W1,SKU_C,5,1185
337,Supplier,W1,SKU_E,5,494
337,Supplier,W1,SKU_B,5,115
337,Supplier,W2,SKU_B,6,266
337,Supplier,W2,SKU_C,6,765
337,Supplier,W2,SKU_A,6,652
337,Supplier,W2,SKU_D,6,133
337,W1,R1,SKU_B,2,439
337,W1,R1,SKU_C,2,879
337,W1,R1,SKU_E,2,302
337,W1,R1,SKU_A,2,454
339,W1,R2,SKU_A,3,394
339,W1,R2,SKU_C,3,108
339,W1,R2,SKU_E,3,135
339,W1,R2,SKU_B,3,291
339,W2,R3,SKU_B,4,329
339,W2,R3,SKU_C,4,529
339,W2,R3,SKU_A,4,143
339,W2,R3,SKU_D,4,62
340,Supplier,W1,SKU_B,5,981
340,Supplier,W1,SKU_E,5,55
340,Supplier,W2,SKU_D,6,459
340,Supplier,W2,SKU_A,6,207
340,Supplier,W2,SKU_B,6,89
341,W1,R1,SKU_A,2,578
341,W1,R1,SKU_B,2,157
341,W1,R1,SKU_E,2,16
342,W1,R2,SKU_E,3,197
342,W1,R2,SKU_A,3,65
342,W1,R2,SKU_B,3,2
342,W1,R2,SKU_C,3,415
342,W2,R3,SKU_A,4,847
342,W2,R3,SKU_D,4,277
342,W2,R3,SKU_B,4,28
343,Supplier,W1,SKU_C,5,923
343,Supplier,W1,SKU_E,5,691
343,Supplier,W1,SKU_A,5,371
343,Supplier,W2,SKU_A,6,892
343,Supplier,W2,SKU_B,6,340
343,Supplier,W2,SKU_C,6,220
343,Supplier,W2,SKU_D,6,307
344,W1,R1,SKU_E,2,419
344,W1,R1,SKU_A,2,223
344,W1,R1,SKU_B,2,227
344,W1,R1,SKU_C,2,438
344,W1,R2,SKU_A,3,329
344,W1,R2,SKU_B,3,95
344,W1,R2,SKU_E,3,71
345,W1,R2,SKU_B,3,238
345,W1,R2,SKU_E,3,55
345,W2,R3,SKU_B,4,485
345,W2,R3,SKU_C,4,747
345,W2,R3,SKU_D,4,133
345,W2,R3,SKU_A,4,169
346,Supplier,W1,SKU_A,5,1433
346,Supplier,W1,SKU_B,5,264
346,Supplier,W1,SKU_C,5,27
346,Supplier,W1,SKU_E,5,13
346,Supplier,W2,SKU_C,6,563
346,Supplier,W2,SKU_D,6,1509
346,Supplier,W2,SKU_B,6,88
346,Supplier,W2,SKU_A,6,118
347,W1,R1,SKU_A,2,722
347,W1,R1,SKU_B,2,187
347,W1,R1,SKU_C,2,202
348,W1,R2,SKU_A,3,553
348,W1,R2,SKU_C,3,260
348,W1,R2,SKU_B,3,90
348,W1,R2,SKU_E,3,342
348,W2,R3,SKU_A,4,934
348,W2,R3,SKU_D,4,459
349,Supplier,W1,SKU_C,5,1028
349,Supplier,W1,SKU_E,5,875
349,Supplier,W1,SKU_B,5,374
349,Supplier,W2,SKU_A,6,970
349,Supplier,W2,SKU_B,6,319
349,Supplier,W2,SKU_C,6,2
349,Supplier,W2,SKU_D,6,342
350,W1,R1,SKU_C,2,522
350,W1,R1,SKU_B,2,235
350,W1,R1,SKU_E,2,121
350,W1,R1,SKU_A,2,107
351,W1,R2,SKU_B,3,267
351,W1,R2,SKU_C,3,112
351,W1,R2,SKU_A,3,67
351,W1,R2,SKU_E,3,27
351,W2,R3,SKU_B,4,235
351,W2,R3,SKU_D,4,307
351,W2,R3,SKU_C,4,315
351,W2,R3,SKU_A,4,150
352,Supplier,W1,SKU_A,5,1642
352,Supplier,W1,SKU_B,5,484
352,Supplier,W1,SKU_D,5,481
352,Supplier,W1,SKU_C,5,43
352,Supplier,W2,SKU_C,6,698
352,Supplier,W2,SKU_D,6,795
352,Supplier,W2,SKU_A,6,117
352,Supplier,W2,SKU_B,6,49
352,W2,R3,SKU_A,4,156
352,W2,R3,SKU_C,4,5
352,W2,R3,SKU_D,4,1509
353,W1,R1,SKU_A,2,851
353,W1,R1,SKU_B,2,228
353,W1,R1,SKU_E,2,154
353,W1,R1,SKU_C,2,46
354,W1,R2,SKU_A,3,566
354,W1,R2,SKU_C,3,301
354,W1,R2,SKU_E,3,334
354,W1,R2,SKU_B,3,30
355,Supplier,W1,SKU_C,5,645
355,Supplier,W1,SKU_B,5,160
355,Supplier,W1,SKU_D,5,99
355,Supplier,W1,SKU_E,5,325
355,Supplier,W2,SKU_A,6,801
355,Supplier,W2,SKU_B,6,301
355,W2,R3,SKU_A,4,801
355,W2,R3,SKU_B,4,196
355,W2,R3,SKU_C,4,493
355,W2,R3,SKU_D,4,342
356,W1,R1,SKU_B,2,151
356,W1,R1,SKU_C,2,477
356,W1,R1,SKU_E,2,260
357,W1,R2,SKU_B,3,404
357,W1,R2,SKU_A,3,11
357,W1,R2,SKU_C,3,52
357,W1,R2,SKU_D,3,230
358,Supplier,W1,SKU_B,5,1000
358,Supplier,W1,SKU_D,5,689
358,Supplier,W1,SKU_A,5,831
358,Supplier,W1,SKU_E,5,150
358,Supplier,W1,SKU_C,5,332
358,Supplier,W2,SKU_C,6,383
358,Supplier,W2,SKU_B,6,129
358,Supplier,W2,SKU_A,6,197
358,W2,R3,SKU_B,4,287
358,W2,R3,SKU_A,4,197
358,W2,R3,SKU_C,4,119
358,W2,R3,SKU_D,4,270
359,W1,R1,SKU_A,2,731
359,W1,R1,SKU_B,2,273
359,W1,R1,SKU_D,2,251
359,W1,R1,SKU_C,2,171
359,W1,R1,SKU_E,2,32
359,W1,R2,SKU_A,3,379
359,W1,R2,SKU_C,3,210
359,W1,R2,SKU_E,3,183
361,Supplier,W1,SKU_C,5,824
361,Supplier,W1,SKU_E,5,583
361,Supplier,W1,SKU_A,5,805
361,Supplier,W1,SKU_D,5,731
361,Supplier,W1,SKU_B,5,83
361,Supplier,W2,SKU_A,6,844
361,Supplier,W2,SKU_B,6,197
361,Supplier,W2,SKU_C,6,115
361,W2,R3,SKU_A,4,844
361,W2,R3,SKU_C,4,437
361,W2,R3,SKU_B,4,21
362,W1,R1,SKU_B,2,160
362,W1,R1,SKU_C,2,465
362,W1,R1,SKU_D,2,99
362,W1,R1,SKU_E,2,224
362,W1,R1,SKU_A,2,125
362,W1,R2,SKU_C,3,180
362,W1,R2,SKU_A,3,222
362,W1,R2,SKU_E,3,121
363,Supplier,W1,SKU_B,5,900
363,Supplier,W1,SKU_D,5,390
363,Supplier,W1,SKU_A,5,144
363,Supplier,W1,SKU_C,5,67
363,W1,R2,SKU_A,3,15
363,W1,R2,SKU_B,3,340
363,W1,R2,SKU_C,3,147
363,W1,R2,SKU_E,3,18
364,Supplier,W2,SKU_C,6,593
364,Supplier,W2,SKU_B,6,218
364,Supplier,W2,SKU_A,6,108
364,W1,R1,SKU_A,2,408
364,W1,R1,SKU_B,2,660
364,W1,R1,SKU_D,2,689
364,W1,R1,SKU_C,2,1
364,W2,R3,SKU_B,4,466
364,W2,R3,SKU_A,4,108
364,W2,R3,SKU_C,4,164
